can_id,dlc,d0,d1,d2,d3,d4,d5,d6,d7,freq,inter_arrival,byte_dev
0.36190476190476195,0.0,0.09411764705882353,0.171875,0.13095238095238093,0.18823529411764706,0.03137254901960784,0.5607843137254902,0.5215311004784688,0.16470588235294117,0.38268031849431083,0.2367845911434521,0.2165872034094583
0.0,0.0,0.0,0.0,0.0,0.0,0.0,0.0,0.0,0.0,0.9939833217822903,0.0401669466006328,0.0
0.18095238095238098,0.0,0.058823529411764705,0.6666666666666666,0.0,1.0,0.027450980392156862,0.5019607843137255,0.03349282296650718,0.25098039215686274,0.36409660676800104,0.2300014175225717,0.12438434291263462
0.0,0.0,0.0,0.0,0.0,0.0,0.0,0.0,0.0,0.0,0.29608191096586517,0.18534473190554338,0.0
0.8029761904761905,0.0,0.8470588235294118,0.46875,0.0,0.5411764705882353,0.0,0.0,0.0,0.0,0.38268031849431083,0.23872310056707488,0.12210826372252412
0.6470238095238096,0.0,0.0,0.3333333333333333,0.38095238095238093,1.0,0.49411764705882355,0.7137254901960784,0.03827751196172249,0.0,0.38268031849431083,0.23930874890296766,0.04292376497212261
0.4702380952380953,0.0,0.0196078431372549,0.171875,0.42857142857142855,0.03529411764705882,0.12941176470588234,0.12941176470588234,0.0,0.43529411764705883,0.36409660676800104,0.25470524806880057,0.17347474258732484
0.4815476190476191,0.0,0.047058823529411764,0.9947916666666666,0.503968253968254,0.0784313725490196,0.06666666666666667,0.12549019607843137,0.0,0.0784313725490196,0.34374045372979056,0.23243234924882866,0.11862917377081146
0.7148809523809524,0.0,0.16078431372549018,0.203125,0.15476190476190477,0.13725490196078433,0.0,0.0,0.0,0.6039215686274509,0.26756254955818887,0.3027010480136667,0.0
0.5047619047619049,0.0,0.0196078431372549,0.16666666666666666,0.7777777777777777,0.40784313725490196,0.4588235294117647,0.0,0.0,0.9882352941176471,0.38268031849431083,0.2386971836399324,0.13508826167486768
0.4702380952380953,0.0,0.0196078431372549,0.17708333333333331,0.23809523809523808,0.0392156862745098,0.13333333333333333,0.11764705882352941,0.0,0.43529411764705883,0.38268031849431083,0.22860568711519774,0.18761163004324588
0.0,0.0,0.0,0.0,0.0,0.0,0.0,0.0,0.0,0.0,0.8082194732167989,0.2482507201902053,0.0
0.5047619047619049,0.0,0.0196078431372549,0.16666666666666666,0.7777777777777777,0.40784313725490196,0.4549019607843137,0.0,0.0,0.9921568627450981,0.36409660676800104,0.2347222065728452,0.1606139565230767
0.6470238095238096,0.0,0.0,0.3333333333333333,0.38095238095238093,1.0,0.49411764705882355,0.5333333333333333,0.043062200956937795,0.0,0.0,0.6167895250595063,0.11932164368763958
0.6476190476190476,0.0,1.0,0.0,0.0,0.0,1.0,0.7568627450980392,0.03827751196172249,0.0,0.36409660676800104,0.2387770725102441,0.05067775742671809
0.8029761904761905,0.0,0.8470588235294118,0.44791666666666663,0.0,0.5372549019607843,0.0,0.0,0.0,0.0,0.38268031849431083,0.2386777415169797,0.1067012485997457
0.2017857142857143,0.0,0.0,0.171875,0.06349206349206349,1.0,0.0,1.0,0.0,0.0,0.29608191096586517,0.2327401115780147,0.0
0.0011904761904761906,0.0,0.0,0.0,0.0,0.0,0.0,0.0392156862745098,0.057416267942583726,0.32941176470588235,0.36409660676800104,0.24724085669398618,0.13751773163497527
0.4702380952380953,0.0,0.0196078431372549,0.171875,0.06349206349206349,0.0392156862745098,0.12941176470588234,0.12156862745098039,0.0,0.43529411764705883,0.36409660676800104,0.23940745275387942,0.24892038181300855
0.6476190476190476,0.0,1.0,0.0,0.0,0.0,1.0,0.8352941176470589,0.03827751196172249,0.0,0.38268031849431083,0.2386604564425793,0.0755931797238049
0.23750000000000002,0.0,0.996078431372549,0.484375,0.0,0.0,0.0,0.23529411764705882,0.0,0.0,0.36409660676800104,0.23983973698822533,0.09303536661017572
0.6380952380952382,0.0,0.0,0.0,0.0,0.0,0.0,0.0,0.0,0.0,0.26756254955818887,0.30297214307479076,0.0
0.4190476190476191,0.0,0.0784313725490196,0.0,0.0,0.0,0.0,0.0,0.0,0.0,0.38268031849431083,0.23707042927359592,0.0
0.0,0.0,0.0,0.0,0.0,0.0,0.0,0.0,0.0,0.0,0.6502428680524998,0.0398492278236016,0.0
0.5238095238095238,0.0,0.0,0.16666666666666666,0.0,0.0,0.0,0.0,0.0,0.0,0.36409660676800104,0.23865181278009687,0.0
0.0011904761904761906,0.0,0.0,0.0,0.0,0.0,0.0,0.03137254901960784,0.06698564593301436,0.9647058823529412,0.38268031849431083,0.24695100119333105,0.1677287699804985
0.5238095238095238,0.0,0.0,0.16666666666666666,0.0,0.0,0.0,0.0,0.0,0.0,0.36409660676800104,0.23870366350412195,0.0
0.18154761904761907,0.0,0.984313725490196,0.6614583333333333,0.0,0.0,0.16862745098039217,0.4980392156862745,0.07177033492822966,0.7372549019607844,0.38268031849431083,0.21920434180613307,0.2207542040907525
0.5047619047619049,0.0,0.0196078431372549,0.16666666666666666,0.3968253968253968,0.40784313725490196,0.4666666666666667,0.0,0.0,0.3686274509803922,0.38268031849431083,0.23874253383675612,0.08192610008523295
0.2017857142857143,0.0,0.0,0.171875,0.06349206349206349,1.0,0.0,1.0,0.0,0.0,0.38268031849431083,0.24311849274466996,0.0
0.7523809523809525,0.0,0.0,0.0,0.0,0.5019607843137255,0.0,0.4117647058823529,1.0,0.07450980392156863,0.23463936301137822,0.30318148095260056,0.0
0.0,0.0,0.0,0.0,0.0,0.0,0.0,0.0,0.0,0.0,0.9318616700686092,0.03991285272932955,0.0
0.0,0.0,0.0,0.0,0.0,0.0,0.0,0.0,0.0,0.0,0.6231714983085562,0.03970592297413732,0.0
0.2017857142857143,0.0,0.0,0.171875,0.06349206349206349,1.0,0.0,1.0,0.0,0.0,0.36409660676800104,0.23420156130769812,0.0
0.7523809523809525,0.0,0.0,0.0,0.0,0.5019607843137255,0.0,0.4117647058823529,1.0,0.07450980392156863,0.26756254955818887,0.303488467230704,0.0
0.18095238095238098,0.0,0.07450980392156863,0.6666666666666666,0.0,1.0,0.16078431372549018,0.5019607843137255,0.06220095693779904,0.6627450980392157,0.0,0.48289423808254445,0.12122959451986719
0.0,0.0,0.0,0.0,0.0,0.0,0.0,0.0,0.0,0.0,0.7116854160069869,0.03991285272932955,0.0
0.4190476190476191,0.0,0.0784313725490196,0.0,0.0,0.0,0.0,0.0,0.0,0.0,0.38268031849431083,0.2366369535377812,0.0
0.6470238095238096,0.0,0.0,0.3333333333333333,0.38095238095238093,1.0,0.49411764705882355,0.5254901960784314,0.043062200956937795,0.0,0.38268031849431083,0.23881375672928648,0.12149518764386108
0.7523809523809525,0.0,0.0,0.0,0.0,0.5019607843137255,0.0,0.4117647058823529,1.0,0.07450980392156863,0.23463936301137822,0.3031950444390576,0.0
0.0,0.0,0.0,0.0,0.0,0.0,0.0,0.0,0.0,0.0,0.6450961623302295,0.188240284258161,0.0
0.18095238095238098,0.0,0.07058823529411765,0.6666666666666666,0.0,1.0,0.10588235294117647,0.5019607843137255,0.023923444976076555,0.21568627450980393,0.29608191096586517,0.23042480016143027,0.12324604880852846
0.18095238095238098,0.0,0.07058823529411765,0.6666666666666666,0.0,1.0,1.0,0.4980392156862745,0.043062200956937795,0.48627450980392156,0.36409660676800104,0.22121979756622215,0.21455254914664423
0.6470238095238096,0.0,0.0,0.3333333333333333,0.38095238095238093,1.0,0.49411764705882355,0.7686274509803921,0.03827751196172249,0.0,0.36409660676800104,0.23897759170998942,0.05638851650315033
0.4702380952380953,0.0,0.0196078431372549,0.17708333333333331,0.47619047619047616,0.03529411764705882,0.13333333333333333,0.12941176470588234,0.0,0.43529411764705883,0.36409660676800104,0.24972336785086022,0.1332605856908376
0.0011904761904761906,0.0,0.0,0.0,0.0,0.0,0.0,0.023529411764705882,0.019138755980861243,0.796078431372549,0.36409660676800104,0.2471754151704948,0.098053355994391
0.6476190476190476,0.0,1.0,0.0,0.0,0.0,1.0,0.5372549019607843,0.043062200956937795,0.0,0.08659840752844564,0.3038854662949836,0.11659113159338572
0.0,0.0,0.0,0.0,0.0,0.0,0.0,0.0,0.0,0.0,0.46927872602275644,0.1820996831608769,0.0
0.7148809523809524,0.0,0.16078431372549018,0.203125,0.15476190476190477,0.13725490196078433,0.0,0.0,0.0,0.6039215686274509,0.26756254955818887,0.30328542049939067,0.0
0.18095238095238098,0.0,0.0392156862745098,0.6666666666666666,0.031746031746031744,1.0,0.09803921568627451,0.5019607843137255,0.07177033492822966,0.9803921568627451,0.1480409554829326,0.3014977735658363,0.40022990965261956
0.4190476190476191,0.0,0.0784313725490196,0.0,0.0,0.0,0.0,0.0,0.0,0.0,0.36409660676800104,0.23857831133998053,0.0
0.0011904761904761906,0.0,0.0,0.0,0.0,0.0,0.0,0.0,0.03827751196172249,0.8862745098039215,0.1956994982468579,0.3674451066277394,0.1297456717273814
0.5238095238095238,0.0,0.0,0.16666666666666666,0.0,0.0,0.0,0.0,0.0,0.0,0.36409660676800104,0.23870582336515153,0.0
0.1904761904761905,0.0,0.0,0.0,0.0,0.0,0.06274509803921569,0.15294117647058825,0.1770334928229665,0.4392156862745098,0.38268031849431083,0.22971343123186405,0.09291365433257756
0.0,0.0,0.0,0.0,0.0,0.0,0.0,0.0,0.0,0.0,0.7824559945919793,0.1809413561654233,0.0
0.4190476190476191,0.0,0.0784313725490196,0.0,0.0,0.0,0.0,0.0,0.0,0.0,0.38268031849431083,0.24315980850634383,0.0
0.0,0.0,0.0,0.0,0.0,0.0,0.0,0.0,0.0,0.0,0.4156035050411214,0.1860215764471994,0.0
0.0,0.0,0.0,0.0,0.0,0.0,0.0,0.0,0.0,0.0,0.8931937059803073,0.02923082469416871,0.0
0.4190476190476191,0.0,0.0784313725490196,0.0,0.0,0.0,0.0,0.0,0.0,0.0,0.38268031849431083,0.23874901075062316,0.0
0.4702380952380953,0.0,0.0196078431372549,0.18229166666666666,0.4444444444444444,0.03529411764705882,0.13725490196078433,0.13333333333333333,0.0,0.43137254901960786,0.38268031849431083,0.24754173028966203,0.2532505400103412
0.2017857142857143,0.0,0.0,0.171875,0.06349206349206349,1.0,0.0,1.0,0.0,0.0,0.36409660676800104,0.24306682392455045,0.0
0.4,0.0,0.01568627450980392,0.0,0.611111111111111,0.11372549019607843,0.592156862745098,0.00784313725490196,0.9043062200956937,0.0,0.36409660676800104,0.24103264802807767,0.07936191258484337
0.7523809523809525,0.0,0.0,0.0,0.0,0.5019607843137255,0.0,0.4117647058823529,1.0,0.07450980392156863,0.26756254955818887,0.3016379313027807,0.0
0.18095238095238098,0.0,0.09803921568627451,0.6666666666666666,0.0,1.0,0.07450980392156863,0.5019607843137255,0.014354066985645932,0.25098039215686274,0.1480409554829326,0.30283838921720946,0.15159436865037032
0.6470238095238096,0.0,0.0,0.3333333333333333,0.38095238095238093,1.0,0.49411764705882355,0.5843137254901961,0.043062200956937795,0.0,0.36409660676800104,0.24098832913349524,0.10490984084021082
0.2017857142857143,0.0,0.0,0.171875,0.06349206349206349,1.0,0.0,1.0,0.0,0.0,0.38268031849431083,0.24331665224867816,0.0
0.0,0.0,0.0,0.0,0.0,0.0,0.0,0.0,0.0,0.0,0.8672211037195462,0.04010348389204519,0.0
0.18095238095238098,0.0,0.08627450980392157,0.6666666666666666,0.0,1.0,0.023529411764705882,0.5019607843137255,0.023923444976076555,0.7647058823529411,0.38268031849431083,0.22930599770233917,0.13060627855111315
0.0,0.0,0.0,0.0,0.0,0.0,0.0,0.0,0.0,0.0,0.8082194732167989,0.03970592297413732,0.0
0.18154761904761907,0.0,0.054901960784313725,0.6666666666666666,0.0,0.0,0.2784313725490196,0.4980392156862745,0.07177033492822966,0.44705882352941173,0.36409660676800104,0.22931549185895148,0.17905198647516318
0.36190476190476195,0.0,0.09803921568627451,0.17708333333333331,0.1349206349206349,0.18823529411764706,0.03137254901960784,0.5568627450980392,0.5215311004784688,0.023529411764705882,0.38268031849431083,0.2327401115780147,0.1272674260309165
0.2017857142857143,0.0,0.0,0.171875,0.06349206349206349,1.0,0.0,1.0,0.0,0.0,0.38268031849431083,0.24322175002482235,0.0
0.0,0.0,0.0,0.0,0.0,0.0,0.0,0.0,0.0,0.0,0.6831660545993103,0.0402462181515586,0.0
0.4702380952380953,0.0,0.0196078431372549,0.17708333333333331,0.42857142857142855,0.03529411764705882,0.13333333333333333,0.12941176470588234,0.0,0.43529411764705883,0.3212377705398239,0.2526856353063162,0.12045413370535346
0.18095238095238098,0.0,0.09411764705882353,0.6666666666666666,0.0,1.0,0.12156862745098039,0.5019607843137255,0.019138755980861243,0.26666666666666666,0.36409660676800104,0.2482350195771496,0.1319669921937528
0.0,0.0,0.0,0.0,0.0,0.0,0.0,0.0,0.0,0.0,0.8418349713984037,0.03313613042502114,0.0
0.5047619047619049,0.0,0.0196078431372549,0.16666666666666666,0.07936507936507936,0.40784313725490196,0.4549019607843137,0.0,0.0,0.1764705882352941,0.38268031849431083,0.23794046694134938,0.15945627399891607
0.2017857142857143,0.0,0.0,0.171875,0.06349206349206349,1.0,0.0,1.0,0.0,0.0,0.1480409554829326,0.34457371264346176,0.0
0.4702380952380953,0.0,0.0196078431372549,0.17708333333333331,0.47619047619047616,0.03529411764705882,0.13333333333333333,0.13333333333333333,0.0,0.43137254901960786,0.1480409554829326,0.21535033857748012,0.1910637456634393
0.6470238095238096,0.0,0.0,0.3333333333333333,0.38095238095238093,1.0,0.49411764705882355,0.8274509803921568,0.03827751196172249,0.0,0.38268031849431083,0.2386410071467822,0.07498055913377129
0.6470238095238096,0.0,0.0,0.3333333333333333,0.38095238095238093,1.0,0.49411764705882355,0.4,0.043062200956937795,0.0,0.36409660676800104,0.2386410071467822,0.1548107458619397
0.6470238095238096,0.0,0.0,0.3333333333333333,0.38095238095238093,1.0,0.49411764705882355,0.6392156862745098,0.043062200956937795,0.0,0.36409660676800104,0.23881375672928648,0.08880986851211843
0.6476190476190476,0.0,1.0,0.0,0.0,0.0,1.0,0.5137254901960784,0.043062200956937795,0.0,0.36409660676800104,0.23915620934958529,0.1231139600305077
0.6470238095238096,0.0,0.0,0.3333333333333333,0.38095238095238093,1.0,0.49411764705882355,0.8588235294117647,0.03827751196172249,0.0,0.38268031849431083,0.23855884599161306,0.08456668272645812
0.4190476190476191,0.0,0.0784313725490196,0.0,0.0,0.0,0.0,0.0,0.0,0.0,0.38268031849431083,0.23863236179580238,0.0
0.2017857142857143,0.0,0.0,0.171875,0.06349206349206349,1.0,0.0,1.0,0.0,0.0,0.38268031849431083,0.23415409465592155,0.0
0.23750000000000002,0.0,0.996078431372549,0.44791666666666663,0.0,0.0,0.0,0.23529411764705882,0.0,0.0,0.36409660676800104,0.24357613959608043,0.09241251950922756
0.8029761904761905,0.0,0.8470588235294118,0.0,0.0,0.5411764705882353,0.0,0.0,0.0,0.0,0.36409660676800104,0.23008859328151143,0.061830499129058164
0.5047619047619049,0.0,0.0196078431372549,0.16666666666666666,0.8412698412698412,0.40784313725490196,0.4627450980392157,0.0,0.0,0.9372549019607843,0.38268031849431083,0.2386496517472373,0.1271660977148337
0.2017857142857143,0.0,0.0,0.171875,0.06349206349206349,1.0,0.0,1.0,0.0,0.0,0.38268031849431083,0.24311642650653253,0.0
0.29583333333333334,0.0,0.03137254901960784,0.0,0.0,0.0,0.0,0.0,0.0,0.0,0.26756254955818887,0.30322894507466974,0.0
0.1904761904761905,0.0,0.0,0.0,0.0,0.0,0.06274509803921569,0.043137254901960784,0.21052631578947367,0.5294117647058824,0.38268031849431083,0.24750021631030877,0.11900496057768958
0.2017857142857143,0.0,0.0,0.171875,0.06349206349206349,1.0,0.0,1.0,0.0,0.0,0.36409660676800104,0.23412469919528955,0.0
0.0,0.0,0.0,0.0,0.0,0.0,0.0,0.0,0.0,0.0,0.687480907459581,0.028395346604449995,0.0
0.0011904761904761906,0.0,0.0,0.0,0.0,0.0,0.0,0.011764705882352941,0.009569377990430622,0.8941176470588235,0.08659840752844564,0.3700004102281664,0.13702245682710154
0.8029761904761905,0.0,0.8470588235294118,0.0,0.0,0.4980392156862745,0.0,0.0,0.0,0.0,0.38268031849431083,0.23732698393864068,0.1257122543712978
0.0,0.0,0.0,0.0,0.0,0.0,0.0,0.0,0.0,0.0,0.34374045372979056,0.2876463757360494,0.0
0.0,0.0,0.0,0.0,0.0,0.0,0.0,0.0,0.0,0.0,0.5022019125695671,0.0402462181515586,0.0
0.6470238095238096,0.0,0.0,0.3333333333333333,0.38095238095238093,1.0,0.49411764705882355,0.803921568627451,0.03827751196172249,0.0,0.36409660676800104,0.24184377767211448,0.06764315302754252
0.5047619047619049,0.0,0.0196078431372549,0.16666666666666666,0.3333333333333333,0.40784313725490196,0.47058823529411764,0.0,0.0,0.3803921568627451,0.38268031849431083,0.23684842617347268,0.11724090695416695
0.23750000000000002,0.0,0.996078431372549,0.47916666666666663,0.0,0.0,0.0,0.23529411764705882,0.0,0.0,0.08659840752844564,0.36954345727920856,0.07819619029941431
0.4702380952380953,0.0,0.0196078431372549,0.18229166666666666,0.3968253968253968,0.03529411764705882,0.13725490196078433,0.13333333333333333,0.0,0.43137254901960786,0.36409660676800104,0.23855235669649594,0.2436902864241071
0.7523809523809525,0.0,0.0,0.0,0.0,0.5019607843137255,0.0,0.4117647058823529,1.0,0.07450980392156863,0.23463936301137822,0.3041533602519448,0.0
0.36190476190476195,0.0,0.09803921568627451,0.171875,0.13095238095238093,0.18823529411764706,0.03137254901960784,0.5568627450980392,0.5215311004784688,0.09803921568627451,0.36409660676800104,0.24072200074204508,0.1582105579249528
0.29583333333333334,0.0,0.03137254901960784,0.0,0.0,0.0,0.0,0.0,0.0,0.0,0.23463936301137822,0.30320973613152086,0.0
0.4702380952380953,0.0,0.0196078431372549,0.17708333333333331,0.4603174603174603,0.03529411764705882,0.13333333333333333,0.12941176470588234,0.0,0.43529411764705883,0.38268031849431083,0.23791434549024515,0.1290354241704068
0.2017857142857143,0.0,0.0,0.171875,0.06349206349206349,1.0,0.0,1.0,0.0,0.0,0.36409660676800104,0.22822488559386725,0.0
0.1904761904761905,0.0,0.0,0.0,0.0,0.0,0.07058823529411765,0.0,0.18660287081339713,0.7725490196078432,0.36409660676800104,0.22746855767249993,0.1531750851177251
0.4,0.0,0.39215686274509803,0.0,0.611111111111111,0.11372549019607843,0.592156862745098,0.00784313725490196,0.9043062200956937,0.0,0.38268031849431083,0.23815136415695196,0.07945982888469613
0.36190476190476195,0.0,0.09803921568627451,0.171875,0.13095238095238093,0.18823529411764706,0.03137254901960784,0.5568627450980392,0.5263157894736842,0.22745098039215686,0.36409660676800104,0.24066060196664993,0.18629866631535782
0.4190476190476191,0.0,0.0784313725490196,0.0,0.0,0.0,0.0,0.0,0.0,0.0,0.38268031849431083,0.2386042592202315,0.0
0.8029761904761905,0.0,0.8470588235294118,0.0,0.0,0.5333333333333333,0.0,0.0,0.0,0.0,0.36409660676800104,0.22551030590811605,0.03589768241871075
0.5047619047619049,0.0,0.0196078431372549,0.16666666666666666,0.3968253968253968,0.40784313725490196,0.4627450980392157,0.0,0.0,0.37254901960784315,0.38268031849431083,0.23868638292915811,0.050882105429266
0.1904761904761905,0.0,0.0,0.0,0.0,0.0,0.07058823529411765,0.13725490196078433,0.19138755980861244,0.8745098039215686,0.38268031849431083,0.25490552529282956,0.11832736060262528
0.5047619047619049,0.0,0.0196078431372549,0.16666666666666666,0.015873015873015872,0.40784313725490196,0.47058823529411764,0.0,0.0,0.19215686274509802,0.38268031849431083,0.2387684389649113,0.18019168157108537
0.7523809523809525,0.0,0.0,0.0,0.0,0.5019607843137255,0.0,0.4117647058823529,1.0,0.07450980392156863,0.26756254955818887,0.30301064900440966,0.0
0.29583333333333334,0.0,0.03137254901960784,0.0,0.0,0.0,0.0,0.0,0.0,0.0,0.26756254955818887,0.3024679293048361,0.0
0.2017857142857143,0.0,0.0,0.171875,0.06349206349206349,1.0,0.0,1.0,0.0,0.0,0.23463936301137822,0.338124444590096,0.0
0.4702380952380953,0.0,0.0196078431372549,0.171875,0.15873015873015872,0.0392156862745098,0.12941176470588234,0.12156862745098039,0.0,0.43529411764705883,0.38268031849431083,0.2496808192675462,0.22936771774761192
0.0011904761904761906,0.0,0.0,0.0,0.0,0.0,0.0,0.0,0.028708133971291863,0.26666666666666666,0.1956994982468579,0.3953382747671023,0.11760734849295168
0.7148809523809524,0.0,0.16078431372549018,0.203125,0.15476190476190477,0.13725490196078433,0.0,0.0,0.0,0.6039215686274509,0.26756254955818887,0.3027203553262447,0.0
0.5047619047619049,0.0,0.0196078431372549,0.16666666666666666,0.015873015873015872,0.40784313725490196,0.45098039215686275,0.0,0.0,0.22745098039215686,0.29608191096586517,0.2395531838135608,0.18448502166029537
0.18154761904761907,0.0,0.0,0.6666666666666666,0.0,0.0,0.24313725490196078,0.4980392156862745,0.043062200956937795,0.9647058823529412,0.36409660676800104,0.22767868947208283,0.17058098192779667
0.5047619047619049,0.0,0.0196078431372549,0.16666666666666666,0.14285714285714285,0.40784313725490196,0.4627450980392157,0.0,0.0,0.12156862745098039,0.34374045372979056,0.23621708526568255,0.12380365695663546
0.5238095238095238,0.0,0.0,0.16666666666666666,0.0,0.0,0.0,0.0,0.0,0.0,0.36409660676800104,0.2388763045174522,0.0
0.8029761904761905,0.0,0.8470588235294118,0.0,0.0,0.5215686274509804,0.0,0.0,0.0,0.0,0.38268031849431083,0.23745610738690467,0.055406020348357995
0.18095238095238098,0.0,0.06666666666666667,0.6666666666666666,0.0,1.0,0.9294117647058824,0.4980392156862745,0.0,0.4588235294117647,0.3212377705398239,0.3032142562162263,0.25265028241154414
0.09583333333333334,0.0,0.4980392156862745,0.7135416666666666,0.0,0.0,0.1411764705882353,0.0,0.0,0.0,0.08659840752844564,0.4593345199330921,0.0629141884826882
0.2017857142857143,0.0,0.0,0.171875,0.06349206349206349,1.0,0.0,1.0,0.0,0.0,0.36409660676800104,0.26364939030543216,0.0
0.2017857142857143,0.0,0.0,0.171875,0.06349206349206349,1.0,0.0,1.0,0.0,0.0,0.36409660676800104,0.2141857144502106,0.0
0.8029761904761905,0.0,0.8470588235294118,0.0,0.0,0.5333333333333333,0.0,0.0,0.0,0.0,0.38268031849431083,0.2355192935714884,0.03589768241871075
0.8029761904761905,0.0,0.8470588235294118,0.0,0.0,0.5372549019607843,0.0,0.0,0.0,0.0,0.38268031849431083,0.23879649525082366,0.04906614384407297
0.4815476190476191,0.0,0.5254901960784314,0.96875,0.503968253968254,0.0784313725490196,0.06666666666666667,0.12549019607843137,0.0,0.0784313725490196,0.36409660676800104,0.24097144055531178,0.018067807738882797
0.0,0.0,0.0,0.0,0.0,0.0,0.0,0.0,0.0,0.0,0.8355218629425137,0.04011935336139914,0.0
0.0,0.0,0.0,0.0,0.0,0.0,0.0,0.0,0.0,0.0,0.7931371178131621,0.03949856230861062,0.0
0.36190476190476195,0.0,0.09411764705882353,0.171875,0.13095238095238093,0.18823529411764706,0.03137254901960784,0.5607843137254902,0.5406698564593301,0.15294117647058825,0.36409660676800104,0.23618164698558364,0.22882889667108772
0.5047619047619049,0.0,0.0196078431372549,0.16666666666666666,0.6507936507936507,0.40784313725490196,0.4588235294117647,0.0,0.0,0.611764705882353,0.38268031849431083,0.24514129583120747,0.06432241718330932
0.0,0.0,0.0,0.0,0.0,0.0,0.0,0.0,0.0,0.0,0.7499886843171251,0.040372921518221534,0.0
0.8029761904761905,0.0,0.8470588235294118,0.0,0.0,0.5411764705882353,0.0,0.0,0.0,0.0,0.38268031849431083,0.2383054495917632,0.061830499129058164
0.6470238095238096,0.0,0.0,0.3333333333333333,0.38095238095238093,1.0,0.49411764705882355,0.5843137254901961,0.043062200956937795,0.0,0.34374045372979056,0.23872310056707488,0.10490984084021082
0.8029761904761905,0.0,0.8470588235294118,0.0,0.0,0.5294117647058824,0.0,0.0,0.0,0.0,0.38268031849431083,0.2380209649735173,0.029056529062786718
0.6476190476190476,0.0,1.0,0.0,0.0,0.0,1.0,0.7725490196078432,0.03827751196172249,0.0,0.1480409554829326,0.36997613850485367,0.055781659064215755
0.36190476190476195,0.0,0.09803921568627451,0.17708333333333331,0.1349206349206349,0.18823529411764706,0.03137254901960784,0.5568627450980392,0.5311004784688995,0.08235294117647059,0.1480409554829326,0.37253966872434174,0.09584942154686843
0.0,0.0,0.0,0.0,0.0,0.0,0.0,0.0,0.0,0.0,0.8082194732167989,0.04003998071175027,0.0
0.18154761904761907,0.0,0.984313725490196,0.6614583333333333,0.0,0.0,0.12549019607843137,0.4980392156862745,0.06698564593301436,0.12941176470588234,0.38268031849431083,0.2475318475785611,0.24568317854415725
0.1904761904761905,0.0,0.0,0.0,0.0,0.0,0.06274509803921569,0.00784313725490196,0.2248803827751196,0.7137254901960784,0.08659840752844564,0.36923415916823155,0.186105162153327
0.4702380952380953,0.0,0.0196078431372549,0.19270833333333331,0.2698412698412698,0.0392156862745098,0.14509803921568626,0.13333333333333333,0.0,0.43529411764705883,0.38268031849431083,0.23897759170998942,0.3566665941289583
0.4702380952380953,0.0,0.0196078431372549,0.171875,0.25396825396825395,0.0392156862745098,0.12941176470588234,0.11764705882352941,0.0,0.43529411764705883,0.38268031849431083,0.2386410071467822,0.22982401188139656
0.5047619047619049,0.0,0.0196078431372549,0.16666666666666666,0.015873015873015872,0.40784313725490196,0.47058823529411764,0.0,0.0,0.19215686274509802,0.36409660676800104,0.23870582336515153,0.18019168157108537
0.4702380952380953,0.0,0.0196078431372549,0.18229166666666666,0.42857142857142855,0.03529411764705882,0.13725490196078433,0.13333333333333333,0.0,0.42745098039215684,0.36409660676800104,0.2391304049166276,0.30163287551517304
0.4702380952380953,0.0,0.0196078431372549,0.17708333333333331,0.42857142857142855,0.03529411764705882,0.13333333333333333,0.12941176470588234,0.0,0.43529411764705883,0.38268031849431083,0.22503325066541122,0.12045413370535346
0.4,0.0,0.01568627450980392,0.0,0.611111111111111,0.11372549019607843,0.592156862745098,0.00784313725490196,0.9043062200956937,0.0,0.38268031849431083,0.2383509785044793,0.07936191258484337
0.23750000000000002,0.0,0.996078431372549,0.46354166666666663,0.0,0.0,0.0,0.2549019607843137,0.0,0.0,0.38268031849431083,0.23972222163161214,0.07052635064924392
0.36190476190476195,0.0,0.09803921568627451,0.17708333333333331,0.1349206349206349,0.18823529411764706,0.03137254901960784,0.5607843137254902,0.5311004784688995,0.14509803921568626,0.38268031849431083,0.23775965320464754,0.10436188537266892
0.18095238095238098,0.0,0.06666666666666667,0.6666666666666666,0.0,1.0,0.050980392156862744,0.5019607843137255,0.06698564593301436,0.00784313725490196,0.3212377705398239,0.2819198657058826,0.19004114577795622
0.5238095238095238,0.0,0.0,0.16666666666666666,0.0,0.0,0.0,0.0,0.0,0.0,0.38268031849431083,0.2388763045174522,0.0
0.6476190476190476,0.0,1.0,0.0,0.0,0.0,1.0,0.8117647058823529,0.03827751196172249,0.0,0.38268031849431083,0.23859561067806734,0.06827398375879708
0.23750000000000002,0.0,0.996078431372549,0.484375,0.0,0.0,0.0,0.23529411764705882,0.0,0.0,0.38268031849431083,0.23848744047548792,0.09303536661017572
0.5238095238095238,0.0,0.0,0.16666666666666666,0.0,0.0,0.0,0.0,0.0,0.0,0.34374045372979056,0.21877256519209345,0.0
0.6380952380952382,0.0,0.0,0.0,0.0,0.0,0.0,0.0,0.0,0.0,0.26756254955818887,0.3023004295132317,0.0
0.0011904761904761906,0.0,0.0,0.0,0.0,0.0,0.0,0.023529411764705882,0.06698564593301436,0.09803921568627451,0.38268031849431083,0.24739932453310615,0.1379450499621774
0.6380952380952382,0.0,0.0,0.0,0.0,0.0,0.0,0.0,0.0,0.0,0.23463936301137822,0.30316226285037334,0.0
0.1904761904761905,0.0,0.0,0.0,0.0,0.0,0.06274509803921569,0.043137254901960784,0.20574162679425836,0.8313725490196078,0.3212377705398239,0.23010978666111767,0.15002953799898286
0.0011904761904761906,0.0,0.0,0.0,0.0,0.0,0.0,0.011764705882352941,0.07177033492822966,0.396078431372549,0.38268031849431083,0.2290278923911625,0.11533927567591062
0.0011904761904761906,0.0,0.0,0.0,0.0,0.0,0.0,0.01568627450980392,0.019138755980861243,0.3254901960784314,0.36409660676800104,0.247341909076391,0.0768681225857727
0.0,0.0,0.0,0.0,0.0,0.0,0.0,0.0,0.0,0.0,0.8333753327907575,0.03951452846848716,0.0
0.5047619047619049,0.0,0.0196078431372549,0.16666666666666666,0.5238095238095237,0.40784313725490196,0.4588235294117647,0.0,0.0,0.7372549019607844,0.36409660676800104,0.23883317231659165,0.06429436895109483
0.5238095238095238,0.0,0.0,0.16666666666666666,0.0,0.0,0.0,0.0,0.0,0.0,0.08659840752844564,0.4233525200969598,0.0
0.4,0.0,0.39215686274509803,0.0,0.611111111111111,0.11372549019607843,0.592156862745098,0.00784313725490196,0.9043062200956937,0.0,0.0,0.549936398620852,0.07945982888469613
0.6476190476190476,0.0,1.0,0.0,0.0,0.0,1.0,0.8274509803921568,0.03827751196172249,0.0,0.36409660676800104,0.23637640163798102,0.07316772868281671
0.4702380952380953,0.0,0.0196078431372549,0.18229166666666666,0.42857142857142855,0.03529411764705882,0.13725490196078433,0.13333333333333333,0.0,0.42745098039215684,0.38268031849431083,0.23957031463096115,0.30163287551517304
0.0011904761904761906,0.0,0.0,0.0,0.0,0.0,0.0,0.01568627450980392,0.009569377990430622,0.11372549019607843,0.36409660676800104,0.24736567121167072,0.12439465680127985
0.36190476190476195,0.0,0.09411764705882353,0.171875,0.13095238095238093,0.18823529411764706,0.03137254901960784,0.5607843137254902,0.5215311004784688,0.16470588235294117,0.38268031849431083,0.2357531761495535,0.2165872034094583
0.4190476190476191,0.0,0.0784313725490196,0.0,0.0,0.0,0.0,0.0,0.0,0.0,0.3212377705398239,0.30268741706819496,0.0
0.0,0.0,0.0,0.0,0.0,0.0,0.0,0.0,0.0,0.0,0.6231714983085562,0.028395346604449995,0.0
0.5047619047619049,0.0,0.0196078431372549,0.16666666666666666,0.5238095238095237,0.40784313725490196,0.47058823529411764,0.0,0.0,0.6941176470588235,0.36409660676800104,0.23837915264109688,0.10563193513988299
0.0,0.0,0.0,0.0,0.0,0.0,0.0,0.0,0.0,0.0,0.7740793149880266,0.03991285272932955,0.0
0.0,0.0,0.0,0.0,0.0,0.0,0.0,0.0,0.0,0.0,0.6502428680524998,0.028037686833641145,0.0
0.8029761904761905,0.0,0.8470588235294118,0.0,0.0,0.5372549019607843,0.0,0.0,0.0,0.0,0.36409660676800104,0.23902927312022604,0.04906614384407297
0.0011904761904761906,0.0,0.0,0.0,0.0,0.0,0.0,0.011764705882352941,0.057416267942583726,0.2588235294117647,0.36409660676800104,0.2533292180227654,0.1083028929388387
0.1904761904761905,0.0,0.0,0.0,0.0,0.0,0.06274509803921569,0.16078431372549018,0.16267942583732056,0.8,0.36409660676800104,0.24743296648490568,0.1547866576166767
0.6476190476190476,0.0,1.0,0.0,0.0,0.0,1.0,0.5411764705882353,0.043062200956937795,0.0,0.36409660676800104,0.23945248070035055,0.11549397971238799
0.4702380952380953,0.0,0.0196078431372549,0.171875,0.49206349206349204,0.03529411764705882,0.12941176470588234,0.12941176470588234,0.0,0.43529411764705883,0.38268031849431083,0.2582961546956644,0.18846694393317856
0.6470238095238096,0.0,0.0,0.3333333333333333,0.38095238095238093,1.0,0.49411764705882355,0.8156862745098039,0.03827751196172249,0.0,0.1480409554829326,0.39550479639734804,0.07132803374690547
0.0011904761904761906,0.0,0.0,0.0,0.0,0.0,0.0,0.011764705882352941,0.043062200956937795,0.16862745098039217,0.38268031849431083,0.22948386268042548,0.09446927678805567
0.4190476190476191,0.0,0.0784313725490196,0.0,0.0,0.0,0.0,0.0,0.0,0.0,0.38268031849431083,0.23874901075062316,0.0
0.5047619047619049,0.0,0.0196078431372549,0.16666666666666666,0.07936507936507936,0.40784313725490196,0.4627450980392157,0.0,0.0,0.1843137254901961,0.38268031849431083,0.23870582336515153,0.1238158119476225
0.0,0.0,0.0,0.0,0.0,0.0,0.0,0.0,0.0,0.0,0.6398223646956558,0.040182805960119077,0.0
0.2017857142857143,0.0,0.0,0.171875,0.06349206349206349,1.0,0.0,1.0,0.0,0.0,0.1480409554829326,0.3788175162116281,0.0
0.7523809523809525,0.0,0.0,0.0,0.0,0.5019607843137255,0.0,0.4117647058823529,1.0,0.07450980392156863,0.23463936301137822,0.3033565339606025,0.0
0.23750000000000002,0.0,0.996078431372549,0.4375,0.0,0.0,0.0,0.24705882352941178,0.0,0.0,0.36409660676800104,0.24652461397149586,0.10909457983133906
0.6380952380952382,0.0,0.0,0.0,0.0,0.0,0.0,0.0,0.0,0.0,0.26756254955818887,0.30317130712521034,0.0
0.4190476190476191,0.0,0.0784313725490196,0.0,0.0,0.0,0.0,0.0,0.0,0.0,0.34374045372979056,0.22368621222111557,0.0
0.1904761904761905,0.0,0.0,0.0,0.0,0.0,0.054901960784313725,0.13333333333333333,0.15311004784688995,0.4117647058823529,0.38268031849431083,0.2473577511299308,0.11799405962235611
0.4702380952380953,0.0,0.0196078431372549,0.171875,0.3968253968253968,0.03529411764705882,0.12941176470588234,0.12941176470588234,0.0,0.43529411764705883,0.38268031849431083,0.2379034595296008,0.16577102673715383
0.36190476190476195,0.0,0.09803921568627451,0.171875,0.1349206349206349,0.18823529411764706,0.03137254901960784,0.5568627450980392,0.5215311004784688,0.22745098039215686,0.38268031849431083,0.23240474198200622,0.15768522264844406
0.36190476190476195,0.0,0.09803921568627451,0.171875,0.13095238095238093,0.18823529411764706,0.03137254901960784,0.5568627450980392,0.5215311004784688,0.16470588235294117,0.36409660676800104,0.24094399050520873,0.16719864057647907
0.4702380952380953,0.0,0.0196078431372549,0.171875,0.2698412698412698,0.0392156862745098,0.12941176470588234,0.11764705882352941,0.0,0.43529411764705883,0.38268031849431083,0.19963754962305996,0.22647766716495968
0.0,0.0,0.0,0.0,0.0,0.0,0.0,0.0,0.0,0.0,0.7562708416893695,0.03997643700809555,0.0
0.18095238095238098,0.0,0.12549019607843137,0.6666666666666666,0.0,1.0,0.2,0.5019607843137255,0.03827751196172249,0.9019607843137255,0.38268031849431083,0.24752591748107225,0.1540948674437662
0.4815476190476191,0.0,0.8627450980392157,0.96875,0.503968253968254,0.0784313725490196,0.06666666666666667,0.12549019607843137,0.0,0.0784313725490196,0.38268031849431083,0.23931089567951916,0.06958552626915337
0.4,0.0,0.01568627450980392,0.0,0.611111111111111,0.11372549019607843,0.592156862745098,0.00784313725490196,0.9043062200956937,0.0,0.34374045372979056,0.23975855937049637,0.07936191258484337
0.0,0.0,0.0,0.0,0.0,0.0,0.0,0.0,0.0,0.0,0.45707094903675016,0.18768301415703312,0.0
0.2017857142857143,0.0,0.0,0.171875,0.06349206349206349,1.0,0.0,1.0,0.0,0.0,0.38268031849431083,0.24310816112521216,0.0
0.5238095238095238,0.0,0.0,0.16666666666666666,0.0,0.0,0.0,0.0,0.0,0.0,0.36409660676800104,0.23900343576797337,0.0
0.18154761904761907,0.0,0.03529411764705882,0.6666666666666666,0.0,0.0,0.2392156862745098,0.4980392156862745,0.05263157894736842,0.8117647058823529,0.38268031849431083,0.2293558319288324,0.1626961169445293
0.18095238095238098,0.0,0.058823529411764705,0.6666666666666666,0.0,1.0,0.9019607843137255,0.4980392156862745,0.05263157894736842,0.5098039215686274,0.38268031849431083,0.22936532133546028,0.22839773333949945
0.6470238095238096,0.0,0.0,0.3333333333333333,0.38095238095238093,1.0,0.49411764705882355,0.8,0.03827751196172249,0.0,0.38268031849431083,0.23879433735561018,0.06640756986305858
0.6476190476190476,0.0,1.0,0.0,0.0,0.0,1.0,0.8,0.03827751196172249,0.0,0.36409660676800104,0.23890433043271583,0.06456551933406972
0.4702380952380953,0.0,0.0196078431372549,0.171875,0.6349206349206349,0.03529411764705882,0.12941176470588234,0.12549019607843137,0.0,0.43529411764705883,0.38268031849431083,0.23943532959770475,0.20762528234804628
0.0,0.0,0.0,0.0,0.0,0.0,0.0,0.0,0.0,0.0,0.7039180890341347,0.04011935336139914,0.0
0.23750000000000002,0.0,0.996078431372549,0.4583333333333333,0.0,0.0,0.0,0.2549019607843137,0.0,0.0,0.36409660676800104,0.23758287930833277,0.08563671315738511
0.6470238095238096,0.0,0.0,0.3333333333333333,0.38095238095238093,1.0,0.49411764705882355,0.8470588235294118,0.03827751196172249,0.0,0.38268031849431083,0.2360708210022491,0.0809977239164345
0.0011904761904761906,0.0,0.0,0.0,0.0,0.0,0.0,0.03529411764705882,0.05263157894736842,0.8274509803921568,0.38268031849431083,0.22523127117779126,0.13824296213635298
0.5238095238095238,0.0,0.0,0.16666666666666666,0.0,0.0,0.0,0.0,0.0,0.0,0.36409660676800104,0.22956439026479106,0.0
0.5238095238095238,0.0,0.0,0.16666666666666666,0.0,0.0,0.0,0.0,0.0,0.0,0.36409660676800104,0.23399117985947276,0.0
0.4702380952380953,0.0,0.0196078431372549,0.18229166666666666,0.4444444444444444,0.03529411764705882,0.13725490196078433,0.13333333333333333,0.0,0.43137254901960786,0.38268031849431083,0.23817959482026635,0.2532505400103412
0.18154761904761907,0.0,0.0,0.6666666666666666,0.0,0.0,0.33725490196078434,0.4980392156862745,0.043062200956937795,0.6666666666666666,0.36409660676800104,0.22917536117155543,0.18027271813952805
0.18095238095238098,0.0,0.0392156862745098,0.6666666666666666,0.0,1.0,0.13725490196078433,0.5019607843137255,0.028708133971291863,0.37254901960784315,0.38268031849431083,0.2536345842550441,0.12537444091726394
0.4190476190476191,0.0,0.0784313725490196,0.0,0.0,0.0,0.0,0.0,0.0,0.0,0.38268031849431083,0.23478737705769098,0.0
0.7523809523809525,0.0,0.0,0.0,0.0,0.5019607843137255,0.0,0.4117647058823529,1.0,0.07450980392156863,0.23463936301137822,0.3027918733304179,0.0
0.5047619047619049,0.0,0.0196078431372549,0.16666666666666666,0.015873015873015872,0.40784313725490196,0.4666666666666667,0.0,0.0,0.24313725490196078,0.36409660676800104,0.23868638292915811,0.15003244921393485
0.0011904761904761906,0.0,0.0,0.0,0.0,0.0,0.0,0.03529411764705882,0.07177033492822966,0.6549019607843137,0.38268031849431083,0.22199426098731279,0.14827184445402083
0.8029761904761905,0.0,0.8470588235294118,0.0,0.0,0.5019607843137255,0.0,0.0,0.0,0.0,0.38268031849431083,0.23885905387897255,0.11478909676375512
0.4,0.0,0.39215686274509803,0.0,0.611111111111111,0.11372549019607843,0.592156862745098,0.00784313725490196,0.9043062200956937,0.0,0.38268031849431083,0.23831629169736382,0.07945982888469613
0.18154761904761907,0.0,0.9490196078431372,0.6614583333333333,0.0,0.0,0.2588235294117647,0.4980392156862745,0.014354066985645932,0.48627450980392156,0.36409660676800104,0.2307013773435132,0.1591937304284169
0.4702380952380953,0.0,0.0196078431372549,0.17708333333333331,0.20634920634920634,0.0392156862745098,0.13333333333333333,0.11764705882352941,0.0,0.43529411764705883,0.3212377705398239,0.23922928561684445,0.19492474904614393
0.4815476190476191,0.0,0.25098039215686274,0.9895833333333333,0.503968253968254,0.0784313725490196,0.06666666666666667,0.12549019607843137,0.0,0.0784313725490196,0.38268031849431083,0.238296775057245,0.07988344531547721
0.2017857142857143,0.0,0.0,0.171875,0.06349206349206349,1.0,0.0,1.0,0.0,0.0,0.38268031849431083,0.23324790243713026,0.0
0.4190476190476191,0.0,0.0784313725490196,0.0,0.0,0.0,0.0,0.0,0.0,0.0,0.1480409554829326,0.4490861436700501,0.0
0.0,0.0,0.0,0.0,0.0,0.0,0.0,0.0,0.0,0.0,0.6231714983085562,0.039578367520394175,0.0
0.2017857142857143,0.0,0.0,0.171875,0.06349206349206349,1.0,0.0,1.0,0.0,0.0,0.38268031849431083,0.23434382565569775,0.0
0.0,0.0,0.0,0.0,0.0,0.0,0.0,0.0,0.0,0.0,0.3212377705398239,0.18375230451528818,0.0
0.2017857142857143,0.0,0.0,0.171875,0.06349206349206349,1.0,0.0,1.0,0.0,0.0,0.38268031849431083,0.24295098838756043,0.0
0.0,0.0,0.0,0.0,0.0,0.0,0.0,0.0,0.0,0.0,0.8519590445170674,0.027786558436988053,0.0
0.4190476190476191,0.0,0.0784313725490196,0.0,0.0,0.0,0.0,0.0,0.0,0.0,0.26756254955818887,0.2520473114626183,0.0
0.36190476190476195,0.0,0.10588235294117647,0.18229166666666666,0.1388888888888889,0.18823529411764706,0.03137254901960784,0.5568627450980392,0.5263157894736842,0.13725490196078433,0.38268031849431083,0.2343167433500639,0.21869235951648971
0.5238095238095238,0.0,0.0,0.16666666666666666,0.0,0.0,0.0,0.0,0.0,0.0,0.36409660676800104,0.23918415660801706,0.0
0.6476190476190476,0.0,1.0,0.0,0.0,0.0,1.0,0.8470588235294118,0.03827751196172249,0.0,0.36409660676800104,0.2392013510231138,0.07920504439506199
0.0,0.0,0.0,0.0,0.0,0.0,0.0,0.0,0.0,0.0,0.762373484066953,0.04011935336139914,0.0
0.4,0.0,0.1411764705882353,0.0,0.615079365079365,0.11372549019607843,0.592156862745098,0.00784313725490196,0.9043062200956937,0.0,0.36409660676800104,0.24048254329620672,0.14654399590989647
0.6476190476190476,0.0,1.0,0.0,0.0,0.0,1.0,0.792156862745098,0.03827751196172249,0.0,0.38268031849431083,0.23868638292915811,0.062074714258007375
0.0,0.0,0.0,0.0,0.0,0.0,0.0,0.0,0.0,0.0,0.7299510666881809,0.03997643700809555,0.0
0.0,0.0,0.0,0.0,0.0,0.0,0.0,0.0,0.0,0.0,0.7982838235354323,0.177383267498016,0.0
0.8029761904761905,0.0,0.8470588235294118,0.0,0.0,0.5019607843137255,0.0,0.0,0.0,0.0,0.26756254955818887,0.23483454286616604,0.11478909676375512
0.0,0.0,0.0,0.0,0.0,0.0,0.0,0.0,0.0,0.0,0.6601785177338662,0.040182805960119077,0.0
0.29583333333333334,0.0,0.03137254901960784,0.0,0.0,0.0,0.0,0.0,0.0,0.0,0.08659840752844564,0.43758337197171676,0.0
0.0,0.0,0.0,0.0,0.0,0.0,0.0,0.0,0.0,0.0,0.43033886125823617,0.040830874471921415,0.0
0.6476190476190476,0.0,1.0,0.0,0.0,0.0,1.0,0.9764705882352941,0.03827751196172249,0.0,0.38268031849431083,0.2386237156941676,0.11699396441894772
0.4190476190476191,0.0,0.0784313725490196,0.0,0.0,0.0,0.0,0.0,0.0,0.0,0.1956994982468579,0.40811852477596017,0.0
0.5047619047619049,0.0,0.0196078431372549,0.16666666666666666,0.4603174603174603,0.40784313725490196,0.4627450980392157,0.0,0.0,0.30980392156862746,0.36409660676800104,0.2392185424697091,0.0508676210318301
0.0,0.0,0.0,0.0,0.0,0.0,0.0,0.0,0.0,0.0,0.5022019125695671,0.04003998071175027,0.0
0.1904761904761905,0.0,0.0,0.0,0.0,0.0,0.0392156862745098,0.07058823529411765,0.2200956937799043,0.03137254901960784,0.38268031849431083,0.24807001350605462,0.170708638291744
0.0,0.0,0.0,0.0,0.0,0.0,0.0,0.0,0.0,0.0,0.5394399519766484,0.04057847125969615,0.0
0.1904761904761905,0.0,0.0,0.0,0.0,0.0,0.10196078431372549,0.0,0.20095693779904306,0.2823529411764706,0.38268031849431083,0.24679380907825002,0.19403918314464244
0.29583333333333334,0.0,0.03137254901960784,0.0,0.0,0.0,0.0,0.0,0.0,0.0,0.23463936301137822,0.30328993714997726,0.0
0.2017857142857143,0.0,0.0,0.171875,0.06349206349206349,1.0,0.0,1.0,0.0,0.0,0.38268031849431083,0.24308336086408291,0.0
0.6380952380952382,0.0,0.0,0.0,0.0,0.0,0.0,0.0,0.0,0.0,0.23463936301137822,0.30320069534652977,0.0
0.36190476190476195,0.0,0.09803921568627451,0.17708333333333331,0.1349206349206349,0.18823529411764706,0.03137254901960784,0.5568627450980392,0.5502392344497608,0.00392156862745098,0.38268031849431083,0.2350521145299781,0.1771500551534159
0.6470238095238096,0.0,0.0,0.3333333333333333,0.38095238095238093,1.0,0.49411764705882355,0.6823529411764706,0.043062200956937795,0.0,0.36409660676800104,0.2055497667280888,0.07570771140438148
0.1904761904761905,0.0,0.0,0.0,0.0,0.0,0.047058823529411764,0.0784313725490196,0.16746411483253587,0.22352941176470587,0.38268031849431083,0.21663368028613175,0.11688032944694618
0.4190476190476191,0.0,0.0784313725490196,0.0,0.0,0.0,0.0,0.0,0.0,0.0,0.08659840752844564,0.4472222711774628,0.0
0.4,0.0,0.01568627450980392,0.0,0.611111111111111,0.11372549019607843,0.592156862745098,0.00784313725490196,0.9043062200956937,0.0,0.38268031849431083,0.23183247143831573,0.07936191258484337
0.0,0.0,0.0,0.0,0.0,0.0,0.0,0.0,0.0,0.0,0.6958575870635337,0.04030958998714853,0.0
0.6470238095238096,0.0,0.0,0.3333333333333333,0.38095238095238093,1.0,0.49411764705882355,0.5294117647058824,0.043062200956937795,0.0,0.36409660676800104,0.23893019350918812,0.12040983528784105
0.0,0.0,0.0,0.0,0.0,0.0,0.0,0.0,0.0,0.0,0.5121375622509337,0.0402462181515586,0.0
0.23750000000000002,0.0,0.996078431372549,0.46354166666666663,0.0,0.0,0.0,0.2549019607843137,0.0,0.0,0.38268031849431083,0.23671851181438225,0.07052635064924392
0.6380952380952382,0.0,0.0,0.0,0.0,0.0,0.0,0.0,0.0,0.0,0.26756254955818887,0.3033226767413845,0.0
0.0,0.0,0.0,0.0,0.0,0.0,0.0,0.0,0.0,0.0,0.6649782242696144,0.06892345566562313,0.0
0.36190476190476195,0.0,0.10196078431372549,0.17708333333333331,0.1349206349206349,0.18823529411764706,0.03137254901960784,0.5568627450980392,0.5167464114832536,0.22352941176470587,0.29608191096586517,0.23874037477184537,0.16334389946364294
0.0,0.0,0.0,0.0,0.0,0.0,0.0,0.0,0.0,0.0,0.7982838235354323,0.03991285272932955,0.0
0.2017857142857143,0.0,0.0,0.171875,0.06349206349206349,1.0,0.0,1.0,0.0,0.0,0.36409660676800104,0.2356975396268414,0.0
0.0,0.0,0.0,0.0,0.0,0.0,0.0,0.0,0.0,0.0,0.45707094903675016,0.03903442655222662,0.0
0.4702380952380953,0.0,0.0196078431372549,0.17708333333333331,0.47619047619047616,0.03529411764705882,0.13333333333333333,0.12941176470588234,0.0,0.43529411764705883,0.36409660676800104,0.23957031463096115,0.1332605856908376
0.29583333333333334,0.0,0.03137254901960784,0.0,0.0,0.0,0.0,0.0,0.0,0.0,0.26756254955818887,0.30313399419579706,0.0
0.2017857142857143,0.0,0.0,0.171875,0.06349206349206349,1.0,0.0,1.0,0.0,0.0,0.38268031849431083,0.24564215164138267,0.0
0.5238095238095238,0.0,0.0,0.16666666666666666,0.0,0.0,0.0,0.0,0.0,0.0,0.08659840752844564,0.22248860523345584,0.0
0.6476190476190476,0.0,1.0,0.0,0.0,0.0,1.0,0.807843137254902,0.03827751196172249,0.0,0.08659840752844564,0.42499150172081146,0.06704149873653936
0.36190476190476195,0.0,0.09411764705882353,0.171875,0.1349206349206349,0.18823529411764706,0.03137254901960784,0.5607843137254902,0.5263157894736842,0.09019607843137255,0.36409660676800104,0.2408552539771747,0.16594986860579491
0.7523809523809525,0.0,0.0,0.0,0.0,0.5019607843137255,0.0,0.4117647058823529,1.0,0.07450980392156863,0.1956994982468579,0.3028202392611828,0.0
0.4190476190476191,0.0,0.0784313725490196,0.0,0.0,0.0,0.0,0.0,0.0,0.0,0.38268031849431083,0.23869502359149547,0.0
0.5238095238095238,0.0,0.0,0.16666666666666666,0.0,0.0,0.0,0.0,0.0,0.0,0.36409660676800104,0.23869502359149547,0.0
0.7148809523809524,0.0,0.16078431372549018,0.203125,0.15476190476190477,0.13725490196078433,0.0,0.0,0.0,0.6039215686274509,0.23463936301137822,0.3032334642875373,0.0
0.6476190476190476,0.0,1.0,0.0,0.0,0.0,1.0,0.8392156862745098,0.03827751196172249,0.0,0.36409660676800104,0.23670969792314034,0.076800622519469
0.36190476190476195,0.0,0.09411764705882353,0.171875,0.1349206349206349,0.18823529411764706,0.03137254901960784,0.5607843137254902,0.5311004784688995,0.08627450980392157,0.36409660676800104,0.2390572560219698,0.17738698075970497
0.36190476190476195,0.0,0.09803921568627451,0.1875,0.1388888888888889,0.18823529411764706,0.03137254901960784,0.5607843137254902,0.5980861244019139,0.011764705882352941,0.36409660676800104,0.24526067961702255,0.3560470691580003
0.23750000000000002,0.0,0.996078431372549,0.4583333333333333,0.0,0.0,0.0,0.2549019607843137,0.0,0.0,0.38268031849431083,0.23897759170998942,0.08563671315738511
0.6470238095238096,0.0,0.0,0.3333333333333333,0.38095238095238093,1.0,0.49411764705882355,0.7686274509803921,0.03827751196172249,0.0,0.36409660676800104,0.2564934050986127,0.05638851650315033
0.5238095238095238,0.0,0.0,0.16666666666666666,0.0,0.0,0.0,0.0,0.0,0.0,0.38268031849431083,0.238848270712147,0.0
0.0011904761904761906,0.0,0.0,0.0,0.0,0.0,0.0,0.0,0.004784688995215311,0.09019607843137255,0.08659840752844564,0.40802075232047347,0.17919718639266824
0.6380952380952382,0.0,0.0,0.0,0.0,0.0,0.0,0.0,0.0,0.0,0.26756254955818887,0.3030151781350097,0.0
0.6470238095238096,0.0,0.0,0.3333333333333333,0.38095238095238093,1.0,0.49411764705882355,0.6509803921568628,0.043062200956937795,0.0,0.26756254955818887,0.2442035222307301,0.08527728379990973
0.18154761904761907,0.0,0.984313725490196,0.6614583333333333,0.0,0.0,0.18823529411764706,0.4980392156862745,0.028708133971291863,0.8196078431372549,0.38268031849431083,0.25368848464164434,0.17921311376837043
0.6476190476190476,0.0,1.0,0.0,0.0,0.0,1.0,0.6235294117647059,0.043062200956937795,0.0,0.1956994982468579,0.34186608628709053,0.09175893958681866
0.23750000000000002,0.0,0.996078431372549,0.484375,0.0,0.0,0.0,0.2549019607843137,0.0,0.0,0.38268031849431083,0.236839623774299,0.11489517861625226
0.1904761904761905,0.0,0.0,0.0,0.0,0.0,0.06274509803921569,0.15294117647058825,0.17224880382775118,0.42745098039215684,0.38268031849431083,0.2455998379561155,0.10348683035586345
0.18154761904761907,0.0,0.9333333333333333,0.6614583333333333,0.0,0.0,0.13333333333333333,0.4980392156862745,0.07177033492822966,0.6980392156862745,0.38268031849431083,0.22927513544023959,0.22814048010141422
0.0,0.0,0.0,0.0,0.0,0.0,0.0,0.0,0.0,0.0,0.8057785557650592,0.039306768443617766,0.0
0.0011904761904761906,0.0,0.0,0.0,0.0,0.0,0.0,0.03529411764705882,0.023923444976076555,0.4588235294117647,0.38268031849431083,0.22944594480129446,0.09054357974302306
0.4190476190476191,0.0,0.0784313725490196,0.0,0.0,0.0,0.0,0.0,0.0,0.0,0.38268031849431083,0.2388957079142658,0.0
0.29583333333333334,0.0,0.03137254901960784,0.0,0.0,0.0,0.0,0.0,0.0,0.0,0.26756254955818887,0.30317582895460105,0.0
0.8029761904761905,0.0,0.8470588235294118,0.0,0.0,0.5058823529411764,0.0,0.0,0.0,0.0,0.38268031849431083,0.24714962336346102,0.1035713576084955
0.6470238095238096,0.0,0.0,0.3333333333333333,0.38095238095238093,1.0,0.49411764705882355,0.8196078431372549,0.03827751196172249,0.0,0.23463936301137822,0.20902586719338098,0.0725491091254756
0.7523809523809525,0.0,0.0,0.0,0.0,0.5019607843137255,0.0,0.4117647058823529,1.0,0.07450980392156863,0.23463936301137822,0.3037529344259798,0.0
0.8029761904761905,0.0,0.8470588235294118,0.49479166666666663,0.0,0.5019607843137255,0.0,0.0,0.0,0.0,0.36409660676800104,0.24289094912745215,0.17303192644156432
0.4190476190476191,0.0,0.0784313725490196,0.0,0.0,0.0,0.0,0.0,0.0,0.0,0.36409660676800104,0.2386410071467822,0.0
0.0,0.0,0.0,0.0,0.0,0.0,0.0,0.0,0.0,0.0,0.5478166315806011,0.1858234138067029,0.0
0.4190476190476191,0.0,0.0784313725490196,0.0,0.0,0.0,0.0,0.0,0.0,0.0,0.36409660676800104,0.23868638292915811,0.0
0.18154761904761907,0.0,0.0196078431372549,0.6666666666666666,0.0,0.0,0.043137254901960784,0.4980392156862745,0.06220095693779904,0.09019607843137255,0.38268031849431083,0.22922763635157745,0.26201835295224085
0.23750000000000002,0.0,0.996078431372549,0.4739583333333333,0.0,0.0,0.0,0.23529411764705882,0.0,0.0,0.1956994982468579,0.3420292133744647,0.06280801564415128
0.23750000000000002,0.0,0.996078431372549,0.46354166666666663,0.0,0.0,0.0,0.2549019607843137,0.0,0.0,0.38268031849431083,0.23815136415695196,0.07052635064924392
0.4190476190476191,0.0,0.0784313725490196,0.0,0.0,0.0,0.0,0.0,0.0,0.0,0.38268031849431083,0.23870582336515153,0.0
0.4190476190476191,0.0,0.0784313725490196,0.0,0.0,0.0,0.0,0.0,0.0,0.0,0.38268031849431083,0.23869502359149547,0.0
0.6470238095238096,0.0,0.0,0.3333333333333333,0.38095238095238093,1.0,0.49411764705882355,0.8235294117647058,0.03827751196172249,0.0,0.36409660676800104,0.23885905387897255,0.0737666106347252
0.6476190476190476,0.0,1.0,0.0,0.0,0.0,1.0,0.5607843137254902,0.043062200956937795,0.0,0.36409660676800104,0.23478737705769098,0.10996438978834368
0.0,0.0,0.0,0.0,0.0,0.0,0.0,0.0,0.0,0.0,0.6398223646956558,0.1926239256027385,0.0
0.5047619047619049,0.0,0.0196078431372549,0.16666666666666666,0.3968253968253968,0.40784313725490196,0.4588235294117647,0.0,0.0,0.3607843137254902,0.36409660676800104,0.24314328425869272,0.06402794978586598
0.4815476190476191,0.0,0.8627450980392157,0.9895833333333333,0.503968253968254,0.0784313725490196,0.06666666666666667,0.12549019607843137,0.0,0.0784313725490196,0.1480409554829326,0.3925151238848367,0.11618261537475522
0.0,0.0,0.0,0.0,0.0,0.0,0.0,0.0,0.0,0.0,0.7531528600026154,0.040372921518221534,0.0
0.4815476190476191,0.0,0.047058823529411764,0.9739583333333333,0.503968253968254,0.0784313725490196,0.06666666666666667,0.12549019607843137,0.0,0.0784313725490196,0.38268031849431083,0.23893019350918812,0.07232112911621029
0.4,0.0,0.1411764705882353,0.0,0.611111111111111,0.11372549019607843,0.592156862745098,0.00784313725490196,0.9043062200956937,0.0,0.36409660676800104,0.23886767957177016,0.03903726011546839
0.0011904761904761906,0.0,0.0,0.0,0.0,0.0,0.0,0.023529411764705882,0.043062200956937795,0.2901960784313725,0.36409660676800104,0.2294056412280054,0.06698675896607444
0.23750000000000002,0.0,0.996078431372549,0.4739583333333333,0.0,0.0,0.0,0.23529411764705882,0.0,0.0,0.1480409554829326,0.4095624448782445,0.06280801564415128
0.6380952380952382,0.0,0.0,0.0,0.0,0.0,0.0,0.0,0.0,0.0,0.26756254955818887,0.3029812046331945,0.0
0.4190476190476191,0.0,0.0784313725490196,0.0,0.0,0.0,0.0,0.0,0.0,0.0,0.3212377705398239,0.24098832913349524,0.0
0.5047619047619049,0.0,0.0196078431372549,0.16666666666666666,0.3968253968253968,0.40784313725490196,0.47058823529411764,0.0,0.0,0.3176470588235294,0.36409660676800104,0.23826857760010695,0.11722855831489921
0.18095238095238098,0.0,0.10588235294117647,0.6666666666666666,0.0,1.0,0.2549019607843137,0.5019607843137255,0.06220095693779904,0.15294117647058825,0.36409660676800104,0.2292371379820661,0.16288327304027642
0.0,0.0,0.0,0.0,0.0,0.0,0.0,0.0,0.0,0.0,0.555877133551202,0.03997643700809555,0.0
0.0,0.0,0.0,0.0,0.0,0.0,0.0,0.0,0.0,0.0,0.7078370604977916,0.24800511481046963,0.0
0.36190476190476195,0.0,0.09803921568627451,0.17708333333333331,0.1349206349206349,0.18823529411764706,0.03137254901960784,0.5568627450980392,0.5215311004784688,0.023529411764705882,0.38268031849431083,0.24435669122950648,0.1272674260309165
0.6380952380952382,0.0,0.0,0.0,0.0,0.0,0.0,0.0,0.0,0.0,0.26756254955818887,0.30311476692575307,0.0
0.36190476190476195,0.0,0.09411764705882353,0.171875,0.13095238095238093,0.18823529411764706,0.03137254901960784,0.5607843137254902,0.5167464114832536,0.03529411764705882,0.23463936301137822,0.30112112895694393,0.2425442135546701
0.0011904761904761906,0.0,0.0,0.0,0.0,0.0,0.0,0.023529411764705882,0.04784688995215311,0.42745098039215684,0.1956994982468579,0.3552832772726825,0.05546104856637936
0.0,0.0,0.0,0.0,0.0,0.0,0.0,0.0,0.0,0.0,0.9398717820537638,0.040846628450335716,0.0
0.6470238095238096,0.0,0.0,0.3333333333333333,0.38095238095238093,1.0,0.49411764705882355,0.807843137254902,0.03827751196172249,0.0,0.36409660676800104,0.23975855937049637,0.0688750770220025
0.8029761904761905,0.0,0.8470588235294118,0.0,0.0,0.5411764705882353,0.0,0.0,0.0,0.0,0.08659840752844564,0.4279019798051574,0.061830499129058164
0.7148809523809524,0.0,0.16078431372549018,0.203125,0.15476190476190477,0.13725490196078433,0.0,0.0,0.0,0.6039215686274509,0.26756254955818887,0.30312042239057413,0.0
0.6476190476190476,0.0,1.0,0.0,0.0,0.0,1.0,0.8196078431372549,0.03827751196172249,0.0,0.36409660676800104,0.23802313969311847,0.07072805264146069
0.6476190476190476,0.0,1.0,0.0,0.0,0.0,1.0,0.13333333333333333,0.043062200956937795,0.0,0.3212377705398239,0.2388051263640825,0.21644486687591133
0.4702380952380953,0.0,0.0196078431372549,0.18229166666666666,0.4444444444444444,0.03529411764705882,0.13725490196078433,0.13333333333333333,0.0,0.42745098039215684,0.38268031849431083,0.23683082059694918,0.3044279598582344
0.4,0.0,0.39215686274509803,0.0,0.611111111111111,0.11372549019607843,0.592156862745098,0.00784313725490196,0.9043062200956937,0.0,0.38268031849431083,0.23930874890296766,0.07945982888469613
0.6476190476190476,0.0,1.0,0.0,0.0,0.0,1.0,0.807843137254902,0.03827751196172249,0.0,0.08659840752844564,0.43635646687748636,0.06704149873653936
0.18154761904761907,0.0,0.0196078431372549,0.6666666666666666,0.0,0.0,0.32941176470588235,0.4980392156862745,0.019138755980861243,0.10980392156862745,0.0,0.5338413789057075,0.21410263558558557
0.0,0.0,0.0,0.0,0.0,0.0,0.0,0.0,0.0,0.0,0.5921638219317304,0.028627138464811894,0.0
0.4815476190476191,0.0,0.5254901960784314,0.9427083333333333,0.503968253968254,0.0784313725490196,0.06666666666666667,0.12549019607843137,0.0,0.0784313725490196,0.36409660676800104,0.24952013118583882,0.08122271108860214
0.5047619047619049,0.0,0.0196078431372549,0.16666666666666666,0.6507936507936507,0.40784313725490196,0.4666666666666667,0.0,0.0,0.6196078431372549,0.38268031849431083,0.23872310056707488,0.0845101666947286
0.18154761904761907,0.0,0.9490196078431372,0.6614583333333333,0.0,0.0,0.22745098039215686,0.4980392156862745,0.023923444976076555,0.4627450980392157,0.38268031849431083,0.22914683586596196,0.13019836341675428
0.7148809523809524,0.0,0.16078431372549018,0.203125,0.15476190476190477,0.13725490196078433,0.0,0.0,0.0,0.6039215686274509,0.23463936301137822,0.30320973613152086,0.0
0.7523809523809525,0.0,0.0,0.0,0.0,0.5019607843137255,0.0,0.4117647058823529,1.0,0.07450980392156863,0.23463936301137822,0.2996540269599155,0.0
0.1904761904761905,0.0,0.0,0.0,0.0,0.0,0.01568627450980392,0.058823529411764705,0.2248803827751196,0.5764705882352941,0.38268031849431083,0.22962356020536556,0.16258288588671388
0.18095238095238098,0.0,0.07450980392156863,0.6666666666666666,0.0,1.0,0.050980392156862744,0.5019607843137255,0.07177033492822966,0.6470588235294118,0.38268031849431083,0.22744679457013817,0.14831028028204848
0.36190476190476195,0.0,0.09803921568627451,0.18229166666666666,0.1388888888888889,0.18823529411764706,0.03137254901960784,0.5607843137254902,0.5502392344497608,0.19215686274509802,0.38268031849431083,0.23659945840772614,0.24329919650942997
0.6470238095238096,0.0,0.0,0.3333333333333333,0.38095238095238093,1.0,0.49411764705882355,0.5411764705882353,0.043062200956937795,0.0,0.36409660676800104,0.22974415797188572,0.1171366830623978
0.7148809523809524,0.0,0.16078431372549018,0.203125,0.15476190476190477,0.13725490196078433,0.0,0.0,0.0,0.6039215686274509,0.26756254955818887,0.30310006121383104,0.0
0.0,0.0,0.0,0.0,0.0,0.0,0.0,0.0,0.0,0.0,0.8033094189894594,0.0401669466006328,0.0
0.0,0.0,0.0,0.0,0.0,0.0,0.0,0.0,0.0,0.0,0.8033094189894594,0.040372921518221534,0.0
0.0,0.0,0.0,0.0,0.0,0.0,0.0,0.0,0.0,0.0,0.38268031849431083,0.248448727807198,0.0
0.4,0.0,0.39215686274509803,0.0,0.611111111111111,0.11372549019607843,0.592156862745098,0.00784313725490196,0.9043062200956937,0.0,0.38268031849431083,0.23428739587135436,0.07945982888469613
0.1904761904761905,0.0,0.0,0.0,0.0,0.0,0.06274509803921569,0.2,0.20095693779904306,0.32156862745098036,0.38268031849431083,0.2470245375790692,0.1392314030979462
0.23750000000000002,0.0,0.996078431372549,0.47916666666666663,0.0,0.0,0.0,0.23529411764705882,0.0,0.0,0.38268031849431083,0.23724373094805432,0.07819619029941431
0.7148809523809524,0.0,0.16078431372549018,0.203125,0.15476190476190477,0.13725490196078433,0.0,0.0,0.0,0.6039215686274509,0.1480409554829326,0.30304800817262134,0.0
0.4,0.0,0.26666666666666666,0.0,0.611111111111111,0.11372549019607843,0.592156862745098,0.00784313725490196,0.9043062200956937,0.0,0.38268031849431083,0.23739047231984453,0.0391451422959784
0.6476190476190476,0.0,1.0,0.0,0.0,0.0,1.0,0.6470588235294118,0.043062200956937795,0.0,0.38268031849431083,0.23874253383675612,0.08472109815063157
0.6470238095238096,0.0,0.0,0.3333333333333333,0.38095238095238093,1.0,0.49411764705882355,0.8,0.03827751196172249,0.0,0.26756254955818887,0.3377161431373055,0.06640756986305858
0.29583333333333334,0.0,0.03137254901960784,0.0,0.0,0.0,0.0,0.0,0.0,0.0,0.23463936301137822,0.30315321775400456,0.0
0.5238095238095238,0.0,0.0,0.16666666666666666,0.0,0.0,0.0,0.0,0.0,0.0,0.38268031849431083,0.2386777415169797,0.0
0.18095238095238098,0.0,0.08235294117647059,0.6666666666666666,0.0,1.0,0.9333333333333333,0.4980392156862745,0.014354066985645932,0.7176470588235294,0.36409660676800104,0.2292371379820661,0.24542973175283325
0.5047619047619049,0.0,0.0196078431372549,0.16666666666666666,0.015873015873015872,0.40784313725490196,0.47058823529411764,0.0,0.0,0.19215686274509802,0.38268031849431083,0.2387770725102441,0.18019168157108537
0.0,0.0,0.0,0.0,0.0,0.0,0.0,0.0,0.0,0.0,0.7797001118091226,0.03970592297413732,0.0
0.5238095238095238,0.0,0.0,0.16666666666666666,0.0,0.0,0.0,0.0,0.0,0.0,0.38268031849431083,0.2387209410807626,0.0
0.6476190476190476,0.0,1.0,0.0,0.0,0.0,1.0,0.8196078431372549,0.03827751196172249,0.0,0.36409660676800104,0.23869502359149547,0.07072805264146069
0.4190476190476191,0.0,0.0784313725490196,0.0,0.0,0.0,0.0,0.0,0.0,0.0,0.38268031849431083,0.23875980467097221,0.0
0.18154761904761907,0.0,0.9333333333333333,0.6614583333333333,0.0,0.0,0.13333333333333333,0.4980392156862745,0.019138755980861243,0.49019607843137253,0.36409660676800104,0.24685950178767269,0.17968571959275256
0.4190476190476191,0.0,0.0784313725490196,0.0,0.0,0.0,0.0,0.0,0.0,0.0,0.38268031849431083,0.2386690993548302,0.0
0.5047619047619049,0.0,0.0196078431372549,0.16666666666666666,0.3333333333333333,0.40784313725490196,0.4666666666666667,0.0,0.0,0.43137254901960786,0.38268031849431083,0.23842464787550638,0.08193954243415257
0.5047619047619049,0.0,0.0196078431372549,0.16666666666666666,0.015873015873015872,0.40784313725490196,0.4549019607843137,0.0,0.0,0.2392156862745098,0.38268031849431083,0.23834014017515173,0.15946743062703225
0.4702380952380953,0.0,0.0196078431372549,0.17708333333333331,0.20634920634920634,0.0392156862745098,0.13333333333333333,0.12156862745098039,0.0,0.43529411764705883,0.38268031849431083,0.22893740023489248,0.17206436335014264
0.8029761904761905,0.0,0.8470588235294118,0.0,0.0,0.5294117647058824,0.0,0.0,0.0,0.0,0.38268031849431083,0.2380774922531408,0.029056529062786718
0.0,0.0,0.0,0.0,0.0,0.0,0.0,0.0,0.0,0.0,0.6552684635065269,0.04010348389204519,0.0
0.36190476190476195,0.0,0.09803921568627451,0.17708333333333331,0.1349206349206349,0.18823529411764706,0.03137254901960784,0.5568627450980392,0.5311004784688995,0.14901960784313725,0.38268031849431083,0.2375107702479048,0.08895765153752157
0.6470238095238096,0.0,0.0,0.3333333333333333,0.38095238095238093,1.0,0.49411764705882355,0.8941176470588235,0.03827751196172249,0.0,0.38268031849431083,0.23858696138469385,0.09509343494670018
0.1904761904761905,0.0,0.0,0.0,0.0,0.0,0.1411764705882353,0.0,0.2200956937799043,0.11372549019607843,0.36409660676800104,0.24570860826894866,0.27209809499933824
0.0,0.0,0.0,0.0,0.0,0.0,0.0,0.0,0.0,0.0,0.4156035050411214,0.19072235163827259,0.0
0.0,0.0,0.0,0.0,0.0,0.0,0.0,0.0,0.0,0.0,0.8690544021204251,0.0398492278236016,0.0
0.4,0.0,0.1411764705882353,0.0,0.611111111111111,0.11372549019607843,0.592156862745098,0.00784313725490196,0.9043062200956937,0.0,0.36409660676800104,0.23893234846237785,0.03903726011546839
0.4702380952380953,0.0,0.0196078431372549,0.171875,0.23809523809523808,0.0392156862745098,0.12941176470588234,0.12156862745098039,0.0,0.43529411764705883,0.08659840752844564,0.25597721090713943,0.2123410679027571
0.2017857142857143,0.0,0.0,0.171875,0.06349206349206349,1.0,0.0,1.0,0.0,0.0,0.38268031849431083,0.24307509273760397,0.0
0.4190476190476191,0.0,0.0784313725490196,0.0,0.0,0.0,0.0,0.0,0.0,0.0,0.38268031849431083,0.23703309704072295,0.0
0.4702380952380953,0.0,0.0196078431372549,0.171875,0.14285714285714285,0.0392156862745098,0.12941176470588234,0.11764705882352941,0.0,0.43529411764705883,0.36409660676800104,0.2494367810651874,0.2525236881051384
0.6476190476190476,0.0,1.0,0.0,0.0,0.0,1.0,0.7294117647058823,0.03827751196172249,0.0,0.34374045372979056,0.2386496517472373,0.04159241297778017
0.8029761904761905,0.0,0.8470588235294118,0.0,0.0,0.5372549019607843,0.0,0.0,0.0,0.0,0.26756254955818887,0.23693201018037038,0.04906614384407297
0.4,0.0,0.39215686274509803,0.0,0.611111111111111,0.11372549019607843,0.592156862745098,0.00784313725490196,0.9043062200956937,0.0,0.38268031849431083,0.23855019350414355,0.07945982888469613
0.0,0.0,0.0,0.0,0.0,0.0,0.0,0.0,0.0,0.0,0.555877133551202,0.18892984434570642,0.0
0.0,0.0,0.0,0.0,0.0,0.0,0.0,0.0,0.0,0.0,0.7078370604977916,0.03951452846848716,0.0
0.6476190476190476,0.0,1.0,0.0,0.0,0.0,1.0,0.6431372549019607,0.043062200956937795,0.0,0.38268031849431083,0.23872310056707488,0.08590237165082776
0.2017857142857143,0.0,0.0,0.171875,0.06349206349206349,1.0,0.0,1.0,0.0,0.0,0.36409660676800104,0.236839623774299,0.0
0.0,0.0,0.0,0.0,0.0,0.0,0.0,0.0,0.0,0.0,0.740204777414663,0.18831554604876072,0.0
0.18154761904761907,0.0,0.0,0.6666666666666666,0.0,0.0,0.16862745098039217,0.4980392156862745,0.057416267942583726,0.054901960784313725,0.29608191096586517,0.2461725669320758,0.2089008830794273
0.4190476190476191,0.0,0.0784313725490196,0.0,0.0,0.0,0.0,0.0,0.0,0.0,0.38268031849431083,0.23856100899601218,0.0
0.4190476190476191,0.0,0.0784313725490196,0.0,0.0,0.0,0.0,0.0,0.0,0.0,0.38268031849431083,0.23875980467097221,0.0
0.6380952380952382,0.0,0.0,0.0,0.0,0.0,0.0,0.0,0.0,0.0,0.26756254955818887,0.3032379832953153,0.0
0.6470238095238096,0.0,0.0,0.3333333333333333,0.38095238095238093,1.0,0.49411764705882355,0.8274509803921568,0.03827751196172249,0.0,0.36409660676800104,0.2389862071412802,0.07498055913377129
0.0,0.0,0.0,0.0,0.0,0.0,0.0,0.0,0.0,0.0,0.7740793149880266,0.18559172454112297,0.0
0.0,0.0,0.0,0.0,0.0,0.0,0.0,0.0,0.0,0.0,0.7467769252623118,0.04051527036496808,0.0
0.0011904761904761906,0.0,0.0,0.0,0.0,0.0,0.0,0.03137254901960784,0.019138755980861243,0.1411764705882353,0.38268031849431083,0.24719921706450004,0.13070507327225028
0.8029761904761905,0.0,0.8470588235294118,0.0,0.0,0.5411764705882353,0.0,0.0,0.0,0.0,0.36409660676800104,0.24228230636024095,0.061830499129058164
0.5238095238095238,0.0,0.0,0.16666666666666666,0.0,0.0,0.0,0.0,0.0,0.0,0.36409660676800104,0.23893881304215045,0.0
0.18095238095238098,0.0,0.06666666666666667,0.6666666666666666,0.0,1.0,0.13725490196078433,0.5019607843137255,0.014354066985645932,0.7294117647058823,0.38268031849431083,0.22998255867108036,0.13305554845904008
0.2017857142857143,0.0,0.0,0.171875,0.06349206349206349,1.0,0.0,1.0,0.0,0.0,0.38268031849431083,0.2431515467252788,0.0
0.36190476190476195,0.0,0.10196078431372549,0.17708333333333331,0.1349206349206349,0.18823529411764706,0.03137254901960784,0.5568627450980392,0.5023923444976076,0.23529411764705882,0.38268031849431083,0.2386237156941676,0.19702046681704108
0.6470238095238096,0.0,0.0,0.3333333333333333,0.38095238095238093,1.0,0.49411764705882355,0.6784313725490196,0.043062200956937795,0.0,0.36409660676800104,0.24009991347260168,0.07691601662810854
0.2017857142857143,0.0,0.0,0.171875,0.06349206349206349,1.0,0.0,1.0,0.0,0.0,0.36409660676800104,0.24941350810933488,0.0
0.6470238095238096,0.0,0.0,0.3333333333333333,0.38095238095238093,1.0,0.49411764705882355,0.803921568627451,0.03827751196172249,0.0,0.36409660676800104,0.24207163598300552,0.06764315302754252
0.0,0.0,0.0,0.0,0.0,0.0,0.0,0.0,0.0,0.0,0.8438985425464663,0.028929439056546435,0.0
0.1904761904761905,0.0,0.0,0.0,0.0,0.0,0.03137254901960784,0.16078431372549018,0.19138755980861244,0.0392156862745098,0.1480409554829326,0.24739140712769156,0.14089234022496586
0.6470238095238096,0.0,0.0,0.3333333333333333,0.38095238095238093,1.0,0.49411764705882355,0.7843137254901961,0.043062200956937795,0.0,0.36409660676800104,0.23850691978575844,0.08344300787716959
0.0,0.0,0.0,0.0,0.0,0.0,0.0,0.0,0.0,0.0,0.771212453791489,0.04057847125969615,0.0
0.0,0.0,0.0,0.0,0.0,0.0,0.0,0.0,0.0,0.0,0.8106328090901023,0.040436212796012436,0.0
0.0011904761904761906,0.0,0.0,0.0,0.0,0.0,0.0,0.03137254901960784,0.028708133971291863,0.11764705882352941,0.38268031849431083,0.24704241659979334,0.11709176815041666
0.18095238095238098,0.0,0.027450980392156862,0.6666666666666666,0.0,1.0,0.12941176470588234,0.5019607843137255,0.009569377990430622,0.807843137254902,0.38268031849431083,0.2475575405875999,0.191125734225291
0.5238095238095238,0.0,0.0,0.16666666666666666,0.0,0.0,0.0,0.0,0.0,0.0,0.38268031849431083,0.23883964333786606,0.0
0.6470238095238096,0.0,0.0,0.3333333333333333,0.38095238095238093,1.0,0.49411764705882355,0.8588235294117647,0.03827751196172249,0.0,0.38268031849431083,0.23893019350918812,0.08456668272645812
0.0,0.0,0.0,0.0,0.0,0.0,0.0,0.0,0.0,0.0,0.5478166315806011,0.24944647652501548,0.0
0.6470238095238096,0.0,0.0,0.3333333333333333,0.38095238095238093,1.0,0.49411764705882355,0.8352941176470589,0.03827751196172249,0.0,0.08659840752844564,0.4594145926653731,0.07739787962939865
0.36190476190476195,0.0,0.09803921568627451,0.171875,0.13095238095238093,0.18823529411764706,0.03137254901960784,0.5607843137254902,0.507177033492823,0.2392156862745098,0.38268031849431083,0.23192961984250898,0.2394334668668883
0.29583333333333334,0.0,0.03137254901960784,0.0,0.0,0.0,0.0,0.0,0.0,0.0,0.1480409554829326,0.298168552442329,0.0
0.5238095238095238,0.0,0.0,0.16666666666666666,0.0,0.0,0.0,0.0,0.0,0.0,0.36409660676800104,0.23796875744963317,0.0
0.0,0.0,0.0,0.0,0.0,0.0,0.0,0.0,0.0,0.0,0.8653719324077817,0.0398492278236016,0.0
0.6380952380952382,0.0,0.0,0.0,0.0,0.0,0.0,0.0,0.0,0.0,0.23463936301137822,0.3032617047221393,0.0
0.0,0.0,0.0,0.0,0.0,0.0,0.0,0.0,0.0,0.0,0.9970128470783314,0.027876319871060776,0.0
0.0,0.0,0.0,0.0,0.0,0.0,0.0,0.0,0.0,0.0,0.9970128470783314,0.03951452846848716,0.0
0.36190476190476195,0.0,0.09803921568627451,0.17708333333333331,0.1349206349206349,0.18823529411764706,0.03137254901960784,0.5568627450980392,0.5358851674641149,0.21568627450980393,0.38268031849431083,0.23842248190704368,0.13558737126151701
0.4702380952380953,0.0,0.0196078431372549,0.171875,0.3968253968253968,0.03529411764705882,0.12941176470588234,0.12941176470588234,0.0,0.43529411764705883,0.34374045372979056,0.31217847442317004,0.16577102673715383
0.09523809523809525,0.0,0.3686274509803922,0.6927083333333333,0.4444444444444444,0.03529411764705882,0.0,0.12156862745098039,0.009569377990430622,0.0,0.08659840752844564,0.45952823245602104,0.13996832788753347
0.7523809523809525,0.0,0.0,0.0,0.0,0.5019607843137255,0.0,0.4117647058823529,1.0,0.07450980392156863,0.23463936301137822,0.30328542049939067,0.0
0.5047619047619049,0.0,0.0196078431372549,0.16666666666666666,0.7142857142857142,0.40784313725490196,0.4588235294117647,0.0,0.0,0.5490196078431373,0.38268031849431083,0.23870582336515153,0.06433644059024861
0.6476190476190476,0.0,1.0,0.0,0.0,0.0,1.0,0.7843137254901961,0.03827751196172249,0.0,0.38268031849431083,0.22944594480129446,0.05956890489190951
0.1904761904761905,0.0,0.0,0.0,0.0,0.0,0.03137254901960784,0.12549019607843137,0.1770334928229665,0.615686274509804,0.36409660676800104,0.22147947779765956,0.08816246340923128
0.2017857142857143,0.0,0.0,0.171875,0.06349206349206349,1.0,0.0,1.0,0.0,0.0,0.36409660676800104,0.24313295521127273,0.0
0.0,0.0,0.0,0.0,0.0,0.0,0.0,0.0,0.0,0.0,0.6696724341609238,0.0401669466006328,0.0
0.8029761904761905,0.0,0.8470588235294118,0.0,0.0,0.5372549019607843,0.0,0.0,0.0,0.0,0.1956994982468579,0.3980696400992358,0.04906614384407297
0.18095238095238098,0.0,0.11764705882352941,0.6666666666666666,0.0,1.0,0.07450980392156863,0.5019607843137255,0.06220095693779904,0.40784313725490196,0.36409660676800104,0.23002969910467067,0.1605220281979108
0.0011904761904761906,0.0,0.0,0.0,0.0,0.0,0.0,0.03137254901960784,0.028708133971291863,0.11764705882352941,0.38268031849431083,0.2470006938901126,0.11709176815041666
0.5238095238095238,0.0,0.0,0.16666666666666666,0.0,0.0,0.0,0.0,0.0,0.0,0.36409660676800104,0.23240244103091068,0.0
0.4815476190476191,0.0,0.047058823529411764,0.9947916666666666,0.503968253968254,0.0784313725490196,0.06666666666666667,0.12549019607843137,0.0,0.0784313725490196,0.38268031849431083,0.23462774605111658,0.11862917377081146
0.0,0.0,0.0,0.0,0.0,0.0,0.0,0.0,0.0,0.0,0.6696724341609238,0.03991285272932955,0.0
0.18095238095238098,0.0,0.050980392156862744,0.6666666666666666,0.0,1.0,0.21176470588235294,0.5019607843137255,0.03827751196172249,0.9019607843137255,0.1956994982468579,0.24735973120942312,0.1314543400338563
0.6380952380952382,0.0,0.0,0.0,0.0,0.0,0.0,0.0,0.0,0.0,0.1956994982468579,0.4092044948808426,0.0
0.2017857142857143,0.0,0.0,0.171875,0.06349206349206349,1.0,0.0,1.0,0.0,0.0,0.38268031849431083,0.2223919679956661,0.0
0.5238095238095238,0.0,0.0,0.16666666666666666,0.0,0.0,0.0,0.0,0.0,0.0,0.38268031849431083,0.2390658645637911,0.0
0.36190476190476195,0.0,0.09803921568627451,0.171875,0.1349206349206349,0.18823529411764706,0.03137254901960784,0.5607843137254902,0.5167464114832536,0.16078431372549018,0.38268031849431083,0.2273451704881246,0.15093641363643698
0.1904761904761905,0.0,0.0,0.0,0.0,0.0,0.01568627450980392,0.0,0.21531100478468898,0.0392156862745098,0.34374045372979056,0.33539017467252463,0.22318777550778485
0.7148809523809524,0.0,0.16078431372549018,0.203125,0.15476190476190477,0.13725490196078433,0.0,0.0,0.0,0.6039215686274509,0.23463936301137822,0.3031995651906896,0.0
0.0011904761904761906,0.0,0.0,0.0,0.0,0.0,0.0,0.01568627450980392,0.023923444976076555,0.3058823529411765,0.38268031849431083,0.22706152673422839,0.07036598544008969
0.1904761904761905,0.0,0.0,0.0,0.0,0.0,0.0392156862745098,0.07058823529411765,0.2200956937799043,0.03137254901960784,0.36409660676800104,0.2475575405875999,0.170708638291744
0.23750000000000002,0.0,0.996078431372549,0.4739583333333333,0.0,0.0,0.0,0.2549019607843137,0.0,0.0,0.38268031849431083,0.23214209050060203,0.08626978094876307
0.4815476190476191,0.0,0.047058823529411764,0.9583333333333333,0.503968253968254,0.0784313725490196,0.06666666666666667,0.12549019607843137,0.0,0.0784313725490196,0.36409660676800104,0.24004452299578574,0.08305917923702291
0.4,0.0,0.01568627450980392,0.0,0.611111111111111,0.11372549019607843,0.592156862745098,0.00784313725490196,0.9043062200956937,0.0,0.1480409554829326,0.23655312139337295,0.07936191258484337
0.18154761904761907,0.0,0.0196078431372549,0.6666666666666666,0.0,0.0,0.2,0.4980392156862745,0.03349282296650718,0.8823529411764706,0.1480409554829326,0.36985526973901744,0.15657029811735895
0.36190476190476195,0.0,0.09411764705882353,0.171875,0.13095238095238093,0.18823529411764706,0.03137254901960784,0.5568627450980392,0.5741626794258373,0.058823529411764705,0.23463936301137822,0.24548086033798788,0.28395124310135833
0.36190476190476195,0.0,0.09803921568627451,0.17708333333333331,0.1388888888888889,0.18823529411764706,0.03137254901960784,0.5607843137254902,0.5311004784688995,0.1411764705882353,0.08659840752844564,0.45921381820118573,0.14805755823996594
0.0,0.0,0.0,0.0,0.0,0.0,0.0,0.0,0.0,0.0,0.6344150391090467,0.040499463871658384,0.0
0.7148809523809524,0.0,0.16078431372549018,0.203125,0.15476190476190477,0.13725490196078433,0.0,0.0,0.0,0.6039215686274509,0.1956994982468579,0.30204579206232846,0.0
0.2017857142857143,0.0,0.0,0.171875,0.06349206349206349,1.0,0.0,1.0,0.0,0.0,0.36409660676800104,0.23416313766753383,0.0
0.23750000000000002,0.0,0.996078431372549,0.4375,0.0,0.0,0.0,0.2549019607843137,0.0,0.0,0.08659840752844564,0.3753788525515649,0.141122864184647
0.4190476190476191,0.0,0.0784313725490196,0.0,0.0,0.0,0.0,0.0,0.0,0.0,0.38268031849431083,0.23869502359149547,0.0
0.2017857142857143,0.0,0.0,0.171875,0.06349206349206349,1.0,0.0,1.0,0.0,0.0,0.36409660676800104,0.23422189723406706,0.0
0.7148809523809524,0.0,0.16078431372549018,0.203125,0.15476190476190477,0.13725490196078433,0.0,0.0,0.0,0.6039215686274509,0.26756254955818887,0.30318600232003173,0.0
0.0,0.0,0.0,0.0,0.0,0.0,0.0,0.0,0.0,0.0,0.46927872602275644,0.040499463871658384,0.0
0.4190476190476191,0.0,0.0784313725490196,0.0,0.0,0.0,0.0,0.0,0.0,0.0,0.38268031849431083,0.23664577386988528,0.0
0.0,0.0,0.0,0.0,0.0,0.0,0.0,0.0,0.0,0.0,0.6742656854342702,0.03938672745221976,0.0
0.0011904761904761906,0.0,0.0,0.0,0.0,0.0,0.0,0.03529411764705882,0.004784688995215311,0.00392156862745098,0.34374045372979056,0.22950518514405355,0.1817425273206338
0.18095238095238098,0.0,0.043137254901960784,0.6666666666666666,0.0,1.0,0.058823529411764705,0.5019607843137255,0.043062200956937795,0.5137254901960784,0.38268031849431083,0.20520566921425912,0.11518658845636574
0.18095238095238098,0.0,0.09803921568627451,0.6666666666666666,0.0,1.0,0.03529411764705882,0.5019607843137255,0.06220095693779904,0.9450980392156862,0.38268031849431083,0.22928700667304752,0.1867788988201007
0.4,0.0,0.1411764705882353,0.0,0.611111111111111,0.11372549019607843,0.592156862745098,0.00784313725490196,0.9043062200956937,0.0,0.29608191096586517,0.3426052908637736,0.03903726011546839
0.2017857142857143,0.0,0.0,0.171875,0.06349206349206349,1.0,0.0,1.0,0.0,0.0,0.38268031849431083,0.24301305989656932,0.0
0.4190476190476191,0.0,0.0784313725490196,0.0,0.0,0.0,0.0,0.0,0.0,0.0,0.38268031849431083,0.23813398746215964,0.0
0.18154761904761907,0.0,0.9686274509803922,0.6614583333333333,0.0,0.0,0.24705882352941178,0.4980392156862745,0.043062200956937795,0.3411764705882353,0.1480409554829326,0.3873907666462832,0.14955197627215236
0.7523809523809525,0.0,0.0,0.0,0.0,0.5019607843137255,0.0,0.4117647058823529,1.0,0.07450980392156863,0.23463936301137822,0.29919035376967235,0.0
0.4702380952380953,0.0,0.0196078431372549,0.17708333333333331,0.12698412698412698,0.0392156862745098,0.13333333333333333,0.11764705882352941,0.0,0.43529411764705883,0.36409660676800104,0.2530173005352164,0.21266409650549314
0.6476190476190476,0.0,1.0,0.0,0.0,0.0,1.0,0.6196078431372549,0.043062200956937795,0.0,0.38268031849431083,0.22732580175581962,0.09292042328307494
0.23750000000000002,0.0,0.996078431372549,0.453125,0.0,0.0,0.0,0.23529411764705882,0.0,0.0,0.29608191096586517,0.36972150703331047,0.077550705938032
0.36190476190476195,0.0,0.09803921568627451,0.17708333333333331,0.1349206349206349,0.18823529411764706,0.03137254901960784,0.5568627450980392,0.5358851674641149,0.14901960784313725,0.38268031849431083,0.2388849287161481,0.10056594099931794
0.4815476190476191,0.0,0.8627450980392157,0.9479166666666666,0.503968253968254,0.0784313725490196,0.06666666666666667,0.12549019607843137,0.0,0.0784313725490196,0.34374045372979056,0.23899266822561244,0.11494955482310489
0.5238095238095238,0.0,0.0,0.16666666666666666,0.0,0.0,0.0,0.0,0.0,0.0,0.1480409554829326,0.4093322594822674,0.0
0.7523809523809525,0.0,0.0,0.0,0.0,0.5019607843137255,0.0,0.4117647058823529,1.0,0.07450980392156863,0.26756254955818887,0.3021760468191539,0.0
0.7523809523809525,0.0,0.0,0.0,0.0,0.5019607843137255,0.0,0.4117647058823529,1.0,0.07450980392156863,0.0,0.724203798154148,0.0
0.4815476190476191,0.0,0.8627450980392157,0.9583333333333333,0.503968253968254,0.0784313725490196,0.06666666666666667,0.12549019607843137,0.0,0.0784313725490196,0.36409660676800104,0.2399293826922976,0.09223403150485196
0.6470238095238096,0.0,0.0,0.3333333333333333,0.38095238095238093,1.0,0.49411764705882355,0.6235294117647059,0.043062200956937795,0.0,0.34374045372979056,0.239059408227196,0.0934737947467059
0.6470238095238096,0.0,0.0,0.3333333333333333,0.38095238095238093,1.0,0.49411764705882355,0.8196078431372549,0.03827751196172249,0.0,0.38268031849431083,0.23806010266152008,0.0725491091254756
0.0,0.0,0.0,0.0,0.0,0.0,0.0,0.0,0.0,0.0,0.45707094903675016,0.24846439476327098,0.0
0.18154761904761907,0.0,0.10588235294117647,0.6666666666666666,0.0,0.0,0.15294117647058825,0.4980392156862745,0.004784688995215311,0.03529411764705882,0.36409660676800104,0.2209181308109157,0.22383196706393768
0.4702380952380953,0.0,0.0196078431372549,0.17708333333333331,0.4444444444444444,0.03529411764705882,0.13333333333333333,0.12941176470588234,0.0,0.43529411764705883,0.38268031849431083,0.2169969481454302,0.12476690651649039
0.4190476190476191,0.0,0.0784313725490196,0.0,0.0,0.0,0.0,0.0,0.0,0.0,0.26756254955818887,0.23870366350412195,0.0
0.29583333333333334,0.0,0.03137254901960784,0.0,0.0,0.0,0.0,0.0,0.0,0.0,0.26756254955818887,0.30320069534652977,0.0
0.36190476190476195,0.0,0.09803921568627451,0.171875,0.13095238095238093,0.18823529411764706,0.03137254901960784,0.5568627450980392,0.5167464114832536,0.10196078431372549,0.0,0.5060637149569416,0.16622807350447674
0.6380952380952382,0.0,0.0,0.0,0.0,0.0,0.0,0.0,0.0,0.0,0.26756254955818887,0.30318148095260056,0.0
0.4815476190476191,0.0,0.047058823529411764,0.9427083333333333,0.503968253968254,0.0784313725490196,0.06666666666666667,0.12549019607843137,0.0,0.0784313725490196,0.36409660676800104,0.24058009105164216,0.11740335474207232
0.5238095238095238,0.0,0.0,0.16666666666666666,0.0,0.0,0.0,0.0,0.0,0.0,0.1956994982468579,0.3695608703197789,0.0
0.8029761904761905,0.0,0.8470588235294118,0.0,0.0,0.5411764705882353,0.0,0.0,0.0,0.0,0.36409660676800104,0.2307692322682939,0.061830499129058164
0.4,0.0,0.1411764705882353,0.0,0.611111111111111,0.11372549019607843,0.592156862745098,0.00784313725490196,0.9043062200956937,0.0,0.38268031849431083,0.24698479492504,0.03903726011546839
0.0,0.0,0.0,0.0,0.0,0.0,0.0,0.0,0.0,0.0,0.743516129827459,0.0402462181515586,0.0
0.18095238095238098,0.0,0.03529411764705882,0.6666666666666666,0.0,1.0,0.023529411764705882,0.5019607843137255,0.057416267942583726,0.8274509803921568,0.26756254955818887,0.2537200678608682,0.18971027231385762
0.8029761904761905,0.0,0.8470588235294118,0.0,0.0,0.5333333333333333,0.0,0.0,0.0,0.0,0.36409660676800104,0.23964308774432483,0.03589768241871075
0.6380952380952382,0.0,0.0,0.0,0.0,0.0,0.0,0.0,0.0,0.0,0.26756254955818887,0.30324250209802256,0.0
0.8029761904761905,0.0,0.8470588235294118,0.0,0.0,0.5411764705882353,0.0,0.0,0.0,0.0,0.38268031849431083,0.23212363277758505,0.061830499129058164
0.23750000000000002,0.0,0.996078431372549,0.44791666666666663,0.0,0.0,0.0,0.2549019607843137,0.0,0.0,0.38268031849431083,0.23845063582290263,0.11430423966663589
0.0,0.0,0.0,0.0,0.0,0.0,0.0,0.0,0.0,0.0,0.740204777414663,0.03991285272932955,0.0
0.0011904761904761906,0.0,0.0,0.0,0.0,0.0,0.0,0.023529411764705882,0.0,0.7490196078431373,0.38268031849431083,0.24716747994136484,0.12606205375744875
0.6470238095238096,0.0,0.0,0.3333333333333333,0.38095238095238093,1.0,0.49411764705882355,0.803921568627451,0.03827751196172249,0.0,0.1956994982468579,0.25214171716147604,0.06764315302754252
0.0,0.0,0.0,0.0,0.0,0.0,0.0,0.0,0.0,0.0,0.4808262924294938,0.24942126636566464,0.0
0.0,0.0,0.0,0.0,0.0,0.0,0.0,0.0,0.0,0.0,0.7264207722241013,0.03983331524312109,0.0
0.0011904761904761906,0.0,0.0,0.0,0.0,0.0,0.0,0.03529411764705882,0.03827751196172249,0.9568627450980391,0.36409660676800104,0.24717739887897677,0.1305593705747586
0.4190476190476191,0.0,0.0784313725490196,0.0,0.0,0.0,0.0,0.0,0.0,0.0,0.36409660676800104,0.23953605004856196,0.0
0.0,0.0,0.0,0.0,0.0,0.0,0.0,0.0,0.0,0.0,0.6344150391090467,0.04051527036496808,0.0
0.6470238095238096,0.0,0.0,0.3333333333333333,0.38095238095238093,1.0,0.49411764705882355,0.8666666666666667,0.03827751196172249,0.0,0.36409660676800104,0.2388763045174522,0.08692909004462669
0.5047619047619049,0.0,0.0196078431372549,0.16666666666666666,0.3968253968253968,0.40784313725490196,0.4666666666666667,0.0,0.0,0.3686274509803922,0.08659840752844564,0.3906063472820875,0.08192610008523295
0.5047619047619049,0.0,0.0196078431372549,0.16666666666666666,0.7142857142857142,0.40784313725490196,0.4627450980392157,0.0,0.0,0.5607843137254902,0.29608191096586517,0.24926792877206175,0.054914401314067385
0.8029761904761905,0.0,0.8470588235294118,0.484375,0.0,0.5411764705882353,0.0,0.0,0.0,0.0,0.29608191096586517,0.2392013510231138,0.12528389908464663
0.4,0.0,0.39215686274509803,0.0,0.611111111111111,0.11372549019607843,0.592156862745098,0.00784313725490196,0.9043062200956937,0.0,0.34374045372979056,0.24040188822956776,0.07945982888469613
0.4815476190476191,0.0,0.047058823529411764,0.9947916666666666,0.503968253968254,0.0784313725490196,0.06666666666666667,0.12549019607843137,0.0,0.0784313725490196,0.38268031849431083,0.238296775057245,0.11862917377081146
0.6476190476190476,0.0,1.0,0.0,0.0,0.0,1.0,0.7372549019607844,0.03827751196172249,0.0,0.38268031849431083,0.24719326712435138,0.04420853671552588
0.1904761904761905,0.0,0.0,0.0,0.0,0.0,0.047058823529411764,0.12549019607843137,0.19138755980861244,0.10196078431372549,0.38268031849431083,0.2546279693918276,0.09105095177825902
0.4815476190476191,0.0,0.047058823529411764,0.9739583333333333,0.503968253968254,0.0784313725490196,0.06666666666666667,0.12549019607843137,0.0,0.0784313725490196,0.1956994982468579,0.30269196092401135,0.07232112911621029
0.18095238095238098,0.0,0.09803921568627451,0.6666666666666666,0.0,1.0,0.06274509803921569,0.5019607843137255,0.03349282296650718,0.7215686274509804,0.29608191096586517,0.2295265030429083,0.11659695436694409
0.18095238095238098,0.0,0.06274509803921569,0.6666666666666666,0.0,1.0,0.12941176470588234,0.5019607843137255,0.028708133971291863,0.5529411764705883,0.38268031849431083,0.24800511481046963,0.08839821585673033
0.6476190476190476,0.0,1.0,0.0,0.0,0.0,1.0,0.8313725490196078,0.03827751196172249,0.0,0.38268031849431083,0.23885905387897255,0.0743822219531151
0.0,0.0,0.0,0.0,0.0,0.0,0.0,0.0,0.0,0.0,0.6051119045196828,0.2865076069069655,0.0
0.23750000000000002,0.0,0.996078431372549,0.4583333333333333,0.0,0.0,0.0,0.2549019607843137,0.0,0.0,0.36409660676800104,0.23987603187674011,0.08563671315738511
0.23750000000000002,0.0,0.996078431372549,0.4375,0.0,0.0,0.0,0.23529411764705882,0.0,0.0,0.38268031849431083,0.23875116962829712,0.12063222939173024
0.36190476190476195,0.0,0.09803921568627451,0.17708333333333331,0.1349206349206349,0.18823529411764706,0.03137254901960784,0.5568627450980392,0.5358851674641149,0.14901960784313725,0.38268031849431083,0.23737296232631622,0.10056594099931794
0.0,0.0,0.0,0.0,0.0,0.0,0.0,0.0,0.0,0.0,0.7039180890341347,0.04011935336139914,0.0
0.0,0.0,0.0,0.0,0.0,0.0,0.0,0.0,0.0,0.0,0.7593439587709121,0.0401669466006328,0.0
0.5238095238095238,0.0,0.0,0.16666666666666666,0.0,0.0,0.0,0.0,0.0,0.0,0.36409660676800104,0.24415036860193043,0.0
0.0,0.0,0.0,0.0,0.0,0.0,0.0,0.0,0.0,0.0,0.9726077016422169,0.027948070806608664,0.0
0.5238095238095238,0.0,0.0,0.16666666666666666,0.0,0.0,0.0,0.0,0.0,0.0,0.08659840752844564,0.42422416706139854,0.0
0.4,0.0,0.26666666666666666,0.0,0.611111111111111,0.11372549019607843,0.592156862745098,0.00784313725490196,0.9043062200956937,0.0,0.38268031849431083,0.23785990378246163,0.0391451422959784
0.4702380952380953,0.0,0.0196078431372549,0.171875,0.5238095238095237,0.03529411764705882,0.12941176470588234,0.12941176470588234,0.0,0.43529411764705883,0.38268031849431083,0.22215761503806547,0.19576517261849655
0.4,0.0,0.39215686274509803,0.0,0.611111111111111,0.11372549019607843,0.592156862745098,0.00784313725490196,0.9043062200956937,0.0,0.38268031849431083,0.23797746060465594,0.07945982888469613
0.6380952380952382,0.0,0.0,0.0,0.0,0.0,0.0,0.0,0.0,0.0,0.08659840752844564,0.36990328781785664,0.0
0.0011904761904761906,0.0,0.0,0.0,0.0,0.0,0.0,0.03137254901960784,0.028708133971291863,0.11764705882352941,0.38268031849431083,0.24706625030162618,0.11709176815041666
0.0,0.0,0.0,0.0,0.0,0.0,0.0,0.0,0.0,0.0,0.617319681505689,0.03964216567148568,0.0
0.5238095238095238,0.0,0.0,0.16666666666666666,0.0,0.0,0.0,0.0,0.0,0.0,0.36409660676800104,0.23723496342498132,0.0
0.4190476190476191,0.0,0.0784313725490196,0.0,0.0,0.0,0.0,0.0,0.0,0.0,0.36409660676800104,0.23952533994815958,0.0
0.1904761904761905,0.0,0.0,0.0,0.0,0.0,0.06274509803921569,0.00784313725490196,0.1770334928229665,0.39215686274509803,0.38268031849431083,0.22722405405645976,0.13481429050241062
0.1904761904761905,0.0,0.0,0.0,0.0,0.0,0.0784313725490196,0.13333333333333333,0.21052631578947367,0.8862745098039215,0.38268031849431083,0.24730031169053326,0.15859610708204083
0.7523809523809525,0.0,0.0,0.0,0.0,0.5019607843137255,0.0,0.4117647058823529,1.0,0.07450980392156863,0.26756254955818887,0.30250549260563475,0.0
0.18154761904761907,0.0,0.0,0.6666666666666666,0.0,0.0,0.09019607843137255,0.4980392156862745,0.023923444976076555,0.8509803921568627,0.29608191096586517,0.1851563110717301,0.21935926337259654
0.0011904761904761906,0.0,0.0,0.0,0.0,0.0,0.0,0.03137254901960784,0.028708133971291863,0.11764705882352941,0.38268031849431083,0.25281318542595566,0.11709176815041666
0.29583333333333334,0.0,0.03137254901960784,0.0,0.0,0.0,0.0,0.0,0.0,0.0,0.26756254955818887,0.30333170645882535,0.0
0.23750000000000002,0.0,0.996078431372549,0.4739583333333333,0.0,0.0,0.0,0.2549019607843137,0.0,0.0,0.38268031849431083,0.23817742351490562,0.08626978094876307
0.8029761904761905,0.0,0.8470588235294118,0.0,0.0,0.5372549019607843,0.0,0.0,0.0,0.0,0.36409660676800104,0.25101053375051685,0.04906614384407297
0.4190476190476191,0.0,0.0784313725490196,0.0,0.0,0.0,0.0,0.0,0.0,0.0,0.38268031849431083,0.2387144623408223,0.0
0.0,0.0,0.0,0.0,0.0,0.0,0.0,0.0,0.0,0.0,0.7228311423096268,0.2475081250694022,0.0
0.4815476190476191,0.0,0.047058823529411764,0.9791666666666666,0.503968253968254,0.0784313725490196,0.06666666666666667,0.12549019607843137,0.0,0.0784313725490196,0.38268031849431083,0.23703309704072295,0.08439033079876414
0.4190476190476191,0.0,0.0784313725490196,0.0,0.0,0.0,0.0,0.0,0.0,0.0,0.36409660676800104,0.24079182229430254,0.0
0.18095238095238098,0.0,0.050980392156862744,0.6666666666666666,0.031746031746031744,1.0,0.23137254901960785,0.5019607843137255,0.04784688995215311,0.1803921568627451,0.26756254955818887,0.1853262750302906,0.3498048136034969
1.0,0.0,0.0,0.0,0.003968253968253968,0.0,0.6274509803921569,0.13333333333333333,0.0,0.0,0.0,0.8069437223929663,0.04890888287137467
0.0,0.0,0.0,0.0,0.0,0.0,0.0,0.0,0.0,0.0,0.7368412755809454,0.03808341945972255,0.0
0.5238095238095238,0.0,0.0,0.16666666666666666,0.0,0.0,0.0,0.0,0.0,0.0,0.36409660676800104,0.23874253383675612,0.0
0.23750000000000002,0.0,0.996078431372549,0.453125,0.0,0.0,0.0,0.23529411764705882,0.0,0.0,0.38268031849431083,0.24147475547134778,0.077550705938032
0.6476190476190476,0.0,1.0,0.0,0.0,0.0,1.0,0.7450980392156863,0.03827751196172249,0.0,0.36409660676800104,0.23909383718610724,0.046808310308333025
0.6476190476190476,0.0,1.0,0.0,0.0,0.0,1.0,0.796078431372549,0.03827751196172249,0.0,0.36409660676800104,0.2388051263640825,0.0633219810935647
0.0,0.0,0.0,0.0,0.0,0.0,0.0,0.0,0.0,0.0,0.6552684635065269,0.03991285272932955,0.0
0.5238095238095238,0.0,0.0,0.16666666666666666,0.0,0.0,0.0,0.0,0.0,0.0,0.38268031849431083,0.23463674615285457,0.0
0.4702380952380953,0.0,0.0196078431372549,0.17708333333333331,0.4444444444444444,0.03529411764705882,0.13333333333333333,0.12941176470588234,0.0,0.43529411764705883,0.38268031849431083,0.2390206614143416,0.12476690651649039
0.6476190476190476,0.0,1.0,0.0,0.0,0.0,1.0,0.5764705882352941,0.043062200956937795,0.0,0.36409660676800104,0.24078336168283876,0.10548717750446963
0.1904761904761905,0.0,0.0,0.0,0.0,0.0,0.023529411764705882,0.19607843137254902,0.1770334928229665,0.7215686274509804,0.38268031849431083,0.2291563452091253,0.1562043172784295
0.7523809523809525,0.0,0.0,0.0,0.0,0.5019607843137255,0.0,0.4117647058823529,1.0,0.07450980392156863,0.23463936301137822,0.30278165961694364,0.0
0.5047619047619049,0.0,0.0196078431372549,0.16666666666666666,0.3333333333333333,0.40784313725490196,0.4627450980392157,0.0,0.0,0.43529411764705883,0.38268031849431083,0.23870366350412195,0.050896589322375015
0.0011904761904761906,0.0,0.0,0.0,0.0,0.0,0.0,0.0392156862745098,0.04784688995215311,0.10196078431372549,0.38268031849431083,0.2473676511336821,0.15043596344701846
0.4815476190476191,0.0,0.25098039215686274,0.9739583333333333,0.503968253968254,0.0784313725490196,0.06666666666666667,0.12549019607843137,0.0,0.0784313725490196,0.36409660676800104,0.23977565489565777,0.042146176831969834
0.18095238095238098,0.0,0.10196078431372549,0.6666666666666666,0.0,1.0,0.996078431372549,0.4980392156862745,0.019138755980861243,0.6274509803921569,0.36409660676800104,0.24754963575241262,0.25217166798643237
0.8029761904761905,0.0,0.8470588235294118,0.4739583333333333,0.0,0.5019607843137255,0.0,0.0,0.0,0.0,0.36409660676800104,0.24536376056259274,0.169254177182546
0.18154761904761907,0.0,0.03529411764705882,0.6666666666666666,0.0,0.0,0.26666666666666666,0.4980392156862745,0.06220095693779904,0.2901960784313725,0.38268031849431083,0.21915967135156067,0.17859607418558837
0.8029761904761905,0.0,0.8470588235294118,0.40104166666666663,0.0,0.5254901960784314,0.0,0.0,0.0,0.0,0.38268031849431083,0.23662813242432681,0.09075190202652107
0.0011904761904761906,0.0,0.0,0.0,0.0,0.0,0.0,0.03137254901960784,0.05263157894736842,0.6235294117647059,0.38268031849431083,0.22539681089501926,0.09879505461044888
0.4815476190476191,0.0,0.8627450980392157,0.9427083333333333,0.503968253968254,0.0784313725490196,0.06666666666666667,0.12549019607843137,0.0,0.0784313725490196,0.34374045372979056,0.30327073996996606,0.12585847821022464
0.2017857142857143,0.0,0.0,0.171875,0.06349206349206349,1.0,0.0,1.0,0.0,0.0,0.36409660676800104,0.24323826125783096,0.0
0.0,0.0,0.0,0.0,0.0,0.0,0.0,0.0,0.0,0.0,0.617319681505689,0.040972570631572516,0.0
0.6470238095238096,0.0,0.0,0.3333333333333333,0.38095238095238093,1.0,0.49411764705882355,0.6235294117647059,0.043062200956937795,0.0,0.38268031849431083,0.23894958640923716,0.0934737947467059
0.0,0.0,0.0,0.0,0.0,0.0,0.0,0.0,0.0,0.0,0.555877133551202,0.19253811758496478,0.0
0.0,0.0,0.0,0.0,0.0,0.0,0.0,0.0,0.0,0.0,0.49178140921272306,0.25029600136645297,0.0
0.4190476190476191,0.0,0.0784313725490196,0.0,0.0,0.0,0.0,0.0,0.0,0.0,0.38268031849431083,0.24779833711264881,0.0
0.36190476190476195,0.0,0.09411764705882353,0.17708333333333331,0.1349206349206349,0.18823529411764706,0.03137254901960784,0.5607843137254902,0.5550239234449761,0.2,0.08659840752844564,0.447527524506054,0.21769484646029993
0.23750000000000002,0.0,0.996078431372549,0.453125,0.0,0.0,0.0,0.2549019607843137,0.0,0.0,0.36409660676800104,0.24021485687635555,0.10021738199483862
0.23750000000000002,0.0,0.996078431372549,0.4895833333333333,0.0,0.0,0.0,0.23529411764705882,0.0,0.0,0.38268031849431083,0.23398438595529888,0.1073633717342716
0.7523809523809525,0.0,0.0,0.0,0.0,0.5019607843137255,0.0,0.4117647058823529,1.0,0.07450980392156863,0.26756254955818887,0.3045098065532617,0.0
0.18095238095238098,0.0,0.058823529411764705,0.6666666666666666,0.0,1.0,0.9333333333333333,0.4980392156862745,0.07177033492822966,0.9803921568627451,0.38268031849431083,0.20846268246488323,0.29966391670028436
0.1904761904761905,0.0,0.0,0.0,0.0,0.0,0.08627450980392157,0.12549019607843137,0.20574162679425836,0.16470588235294117,0.3212377705398239,0.22011179274655693,0.14837556381931952
0.0,0.0,0.0,0.0,0.0,0.0,0.0,0.0,0.0,0.0,0.5636444605240541,0.19064888778811565,0.0
0.4815476190476191,0.0,0.8627450980392157,0.9947916666666666,0.503968253968254,0.0784313725490196,0.06666666666666667,0.12549019607843137,0.0,0.0784313725490196,0.36409660676800104,0.23512602551408082,0.12705966864570847
0.4190476190476191,0.0,0.0784313725490196,0.0,0.0,0.0,0.0,0.0,0.0,0.0,0.38268031849431083,0.2346007408641572,0.0
0.7148809523809524,0.0,0.16078431372549018,0.203125,0.15476190476190477,0.13725490196078433,0.0,0.0,0.0,0.6039215686274509,0.26756254955818887,0.3028247770603404,0.0
0.7148809523809524,0.0,0.16078431372549018,0.203125,0.15476190476190477,0.13725490196078433,0.0,0.0,0.0,0.6039215686274509,0.23463936301137822,0.3030910104653884,0.0
0.0,0.0,0.0,0.0,0.0,0.0,0.0,0.0,0.0,0.0,0.6344150391090467,0.04163116638501345,0.0
0.0,0.0,0.0,0.0,0.0,0.0,0.0,0.0,0.0,0.0,0.7368412755809454,0.03997643700809555,0.0
0.6476190476190476,0.0,1.0,0.0,0.0,0.0,1.0,0.7647058823529411,0.03827751196172249,0.0,0.36409660676800104,0.23881375672928648,0.053237536019060346
0.6470238095238096,0.0,0.0,0.3333333333333333,0.38095238095238093,1.0,0.49411764705882355,0.5490196078431373,0.043062200956937795,0.0,0.36409660676800104,0.2490228753376555,0.11494018520110426
0.0011904761904761906,0.0,0.0,0.0,0.0,0.0,0.0,0.00392156862745098,0.043062200956937795,0.7019607843137254,0.36409660676800104,0.2219968154563049,0.10121091085220908
0.6476190476190476,0.0,1.0,0.0,0.0,0.0,1.0,0.8784313725490196,0.03827751196172249,0.0,0.36409660676800104,0.23886767957177016,0.08868611743585746
0.1904761904761905,0.0,0.0,0.0,0.0,0.0,0.09411764705882353,0.0,0.20095693779904306,0.29411764705882354,0.38268031849431083,0.24740922040470684,0.18489662779233773
0.23750000000000002,0.0,0.996078431372549,0.4583333333333333,0.0,0.0,0.0,0.2549019607843137,0.0,0.0,0.23463936301137822,0.3424202413007604,0.08563671315738511
0.36190476190476195,0.0,0.09411764705882353,0.171875,0.13095238095238093,0.18823529411764706,0.03137254901960784,0.5607843137254902,0.5502392344497608,0.14509803921568626,0.38268031849431083,0.23832496453196703,0.24227195726302556
0.6476190476190476,0.0,1.0,0.0,0.0,0.0,1.0,0.6509803921568628,0.043062200956937795,0.0,0.36409660676800104,0.2388310152160487,0.08353646059902566
0.2017857142857143,0.0,0.0,0.171875,0.06349206349206349,1.0,0.0,1.0,0.0,0.0,0.38268031849431083,0.2430027173316454,0.0
0.2017857142857143,0.0,0.0,0.171875,0.06349206349206349,1.0,0.0,1.0,0.0,0.0,0.38268031849431083,0.23415409465592155,0.0
0.4190476190476191,0.0,0.0784313725490196,0.0,0.0,0.0,0.0,0.0,0.0,0.0,0.38268031849431083,0.2386410071467822,0.0
0.8029761904761905,0.0,0.8470588235294118,0.0,0.0,0.5372549019607843,0.0,0.0,0.0,0.0,0.1956994982468579,0.3307735994543129,0.04906614384407297
0.0,0.0,0.0,0.0,0.0,0.0,0.0,0.0,0.0,0.0,0.9104144395498858,0.040704752837647844,0.0
0.4190476190476191,0.0,0.0784313725490196,0.0,0.0,0.0,0.0,0.0,0.0,0.0,0.38268031849431083,0.23713408138635497,0.0
0.2017857142857143,0.0,0.0,0.171875,0.06349206349206349,1.0,0.0,1.0,0.0,0.0,0.36409660676800104,0.23406814506205711,0.0
0.4190476190476191,0.0,0.0784313725490196,0.0,0.0,0.0,0.0,0.0,0.0,0.0,0.36409660676800104,0.2393902938932791,0.0
0.4190476190476191,0.0,0.0784313725490196,0.0,0.0,0.0,0.0,0.0,0.0,0.0,0.3212377705398239,0.2387144623408223,0.0
0.6380952380952382,0.0,0.0,0.0,0.0,0.0,0.0,0.0,0.0,0.0,0.26756254955818887,0.30317130712521034,0.0
0.1904761904761905,0.0,0.0,0.0,0.0,0.0,0.10196078431372549,0.2,0.18181818181818182,0.7568627450980392,0.38268031849431083,0.24741713639397542,0.18281268071701492
0.6476190476190476,0.0,1.0,0.0,0.0,0.0,1.0,0.7686274509803921,0.03827751196172249,0.0,0.36409660676800104,0.241013656631359,0.05451154250728422
0.18154761904761907,0.0,0.03529411764705882,0.6666666666666666,0.0,0.0,0.2549019607843137,0.4980392156862745,0.05263157894736842,0.5529411764705883,0.38268031849431083,0.22922526080228642,0.13830764535219808
0.0,0.0,0.0,0.0,0.0,0.0,0.0,0.0,0.0,0.0,0.6113030032879794,0.03951452846848716,0.0
0.5238095238095238,0.0,0.0,0.16666666666666666,0.0,0.0,0.0,0.0,0.0,0.0,0.36409660676800104,0.24302960576639118,0.0
0.23750000000000002,0.0,0.996078431372549,0.453125,0.0,0.0,0.0,0.2549019607843137,0.0,0.0,0.1480409554829326,0.23780325281428286,0.10021738199483862
0.7148809523809524,0.0,0.16078431372549018,0.203125,0.15476190476190477,0.13725490196078433,0.0,0.0,0.0,0.6039215686274509,0.26756254955818887,0.3031475641515236,0.0
0.5238095238095238,0.0,0.0,0.16666666666666666,0.0,0.0,0.0,0.0,0.0,0.0,0.38268031849431083,0.23882238634656536,0.0
0.23750000000000002,0.0,0.996078431372549,0.484375,0.0,0.0,0.0,0.23529411764705882,0.0,0.0,0.38268031849431083,0.23979488385392125,0.09303536661017572
0.18095238095238098,0.0,0.09019607843137255,0.6666666666666666,0.0,1.0,0.15294117647058825,0.5019607843137255,0.03349282296650718,0.10588235294117647,0.38268031849431083,0.2293748098378681,0.12018975165732208
0.4702380952380953,0.0,0.0196078431372549,0.171875,0.1746031746031746,0.0392156862745098,0.12941176470588234,0.11764705882352941,0.0,0.43529411764705883,0.36409660676800104,0.2395167710383738,0.24616347198633756
0.1904761904761905,0.0,0.0,0.0,0.0,0.0,0.07058823529411765,0.058823529411764705,0.15311004784688995,0.20784313725490194,0.36409660676800104,0.24744088058676747,0.1750195312344064
0.0,0.0,0.0,0.0,0.0,0.0,0.0,0.0,0.0,0.0,0.6649782242696144,0.04010348389204519,0.0
0.18095238095238098,0.0,0.043137254901960784,0.6666666666666666,0.0,1.0,0.13333333333333333,0.5019607843137255,0.03827751196172249,0.16862745098039217,0.36409660676800104,0.24771353263874343,0.1401327646040158
0.18154761904761907,0.0,0.0,0.6666666666666666,0.0,0.0,0.23137254901960785,0.4980392156862745,0.023923444976076555,0.8901960784313725,0.36409660676800104,0.22918724430426818,0.1634094389827022
0.1904761904761905,0.0,0.0,0.0,0.0,0.0,0.0392156862745098,0.14901960784313725,0.15311004784688995,0.2588235294117647,0.36409660676800104,0.24655855269182014,0.15293067483745046
0.6470238095238096,0.0,0.0,0.3333333333333333,0.38095238095238093,1.0,0.49411764705882355,0.796078431372549,0.03827751196172249,0.0,0.36409660676800104,0.2455232245999739,0.06516830572619194
0.0,0.0,0.0,0.0,0.0,0.0,0.0,0.0,0.0,0.0,0.8397512675310609,0.039769639480624175,0.0
0.6380952380952382,0.0,0.0,0.0,0.0,0.0,0.0,0.0,0.0,0.0,0.08659840752844564,0.40747334913138256,0.0
0.4,0.0,0.39215686274509803,0.0,0.611111111111111,0.11372549019607843,0.592156862745098,0.00784313725490196,0.9043062200956937,0.0,0.38268031849431083,0.2391648093414697,0.07945982888469613
0.8029761904761905,0.0,0.8470588235294118,0.4375,0.0,0.5450980392156862,0.0,0.0,0.0,0.0,0.36409660676800104,0.2514504885676687,0.1265833312704961
0.4,0.0,0.39215686274509803,0.0,0.615079365079365,0.11372549019607843,0.592156862745098,0.00784313725490196,0.9043062200956937,0.0,0.38268031849431083,0.23104252317391602,0.178099819924373
0.18154761904761907,0.0,0.0,0.6666666666666666,0.0,0.0,0.08235294117647059,0.4980392156862745,0.028708133971291863,0.9921568627450981,0.36409660676800104,0.24748439690746246,0.23083271856982038
0.4702380952380953,0.0,0.0196078431372549,0.17708333333333331,0.15873015873015872,0.0392156862745098,0.13333333333333333,0.11764705882352941,0.0,0.43529411764705883,0.36409660676800104,0.2528750259156643,0.20565887191144633
0.0,0.0,0.0,0.0,0.0,0.0,0.0,0.0,0.0,0.0,0.7499886843171251,0.19865427302815858,0.0
0.8029761904761905,0.0,0.8470588235294118,0.0,0.0,0.5372549019607843,0.0,0.0,0.0,0.0,0.38268031849431083,0.2324806435561642,0.04906614384407297
0.4815476190476191,0.0,0.25098039215686274,0.9791666666666666,0.503968253968254,0.0784313725490196,0.06666666666666667,0.12549019607843137,0.0,0.0784313725490196,0.36409660676800104,0.239381713354071,0.05510939722770839
0.0,0.0,0.0,0.0,0.0,0.0,0.0,0.0,0.0,0.0,0.8153791811387899,0.040909619451805775,0.0
0.23750000000000002,0.0,0.996078431372549,0.4583333333333333,0.0,0.0,0.0,0.2549019607843137,0.0,0.0,0.38268031849431083,0.23764838771761881,0.08563671315738511
0.6476190476190476,0.0,1.0,0.0,0.0,0.0,1.0,0.8156862745098039,0.03827751196172249,0.0,0.38268031849431083,0.23873173804403924,0.06950282791125065
0.5047619047619049,0.0,0.0196078431372549,0.16666666666666666,0.5238095238095237,0.40784313725490196,0.4588235294117647,0.0,0.0,0.7372549019607844,0.36409660676800104,0.24537184083163346,0.06429436895109483
0.1904761904761905,0.0,0.0,0.0,0.0,0.0,0.07058823529411765,0.2,0.21052631578947367,0.12156862745098039,0.38268031849431083,0.24564215164138267,0.18699581455068975
0.4190476190476191,0.0,0.0784313725490196,0.0,0.0,0.0,0.0,0.0,0.0,0.0,0.38268031849431083,0.2387684389649113,0.0
0.8029761904761905,0.0,0.8470588235294118,0.0,0.0,0.5058823529411764,0.0,0.0,0.0,0.0,0.38268031849431083,0.2391648093414697,0.1035713576084955
0.4190476190476191,0.0,0.0784313725490196,0.0,0.0,0.0,0.0,0.0,0.0,0.0,0.38268031849431083,0.2387209410807626,0.0
0.2017857142857143,0.0,0.0,0.171875,0.06349206349206349,1.0,0.0,1.0,0.0,0.0,0.36409660676800104,0.2199606895042391,0.0
0.0,0.0,0.0,0.0,0.0,0.0,0.0,0.0,0.0,0.0,0.6999258615408371,0.028929439056546435,0.0
0.0,0.0,0.0,0.0,0.0,0.0,0.0,0.0,0.0,0.0,0.7299510666881809,0.03951452846848716,0.0
0.0,0.0,0.0,0.0,0.0,0.0,0.0,0.0,0.0,0.0,0.8397512675310609,0.03924275497658138,0.0
0.0,0.0,0.0,0.0,0.0,0.0,0.0,0.0,0.0,0.0,0.7957259731750376,0.0404520293318796,0.0
0.2017857142857143,0.0,0.0,0.171875,0.06349206349206349,1.0,0.0,1.0,0.0,0.0,0.36409660676800104,0.23423997012722425,0.0
0.4190476190476191,0.0,0.0784313725490196,0.0,0.0,0.0,0.0,0.0,0.0,0.0,0.38268031849431083,0.2376854900288956,0.0
0.6380952380952382,0.0,0.0,0.0,0.0,0.0,0.0,0.0,0.0,0.0,0.23463936301137822,0.303251539088299,0.0
0.8029761904761905,0.0,0.8470588235294118,0.0,0.0,0.5372549019607843,0.0,0.0,0.0,0.0,0.38268031849431083,0.22848609510133946,0.04906614384407297
0.0011904761904761906,0.0,0.0,0.0,0.0,0.0,0.0,0.01568627450980392,0.043062200956937795,0.8235294117647058,0.36409660676800104,0.22880866448996154,0.08047489501883485
0.4702380952380953,0.0,0.0196078431372549,0.17708333333333331,0.4603174603174603,0.03529411764705882,0.13333333333333333,0.12941176470588234,0.0,0.43529411764705883,0.26756254955818887,0.3031486948976991,0.1290354241704068
1.0,0.0,0.0,0.0,0.003968253968253968,0.0,0.6274509803921569,0.13333333333333333,0.0,0.0,0.08659840752844564,0.45950753755726004,0.04890888287137467
0.36190476190476195,0.0,0.09411764705882353,0.171875,0.1349206349206349,0.18823529411764706,0.03137254901960784,0.5607843137254902,0.5311004784688995,0.08627450980392157,0.0,0.5058341594648108,0.17738698075970497
0.6470238095238096,0.0,0.0,0.3333333333333333,0.38095238095238093,1.0,0.49411764705882355,0.5529411764705883,0.043062200956937795,0.0,0.36409660676800104,0.238848270712147,0.11383757160584428
0.6476190476190476,0.0,1.0,0.0,0.0,0.0,1.0,0.6588235294117647,0.043062200956937795,0.0,0.38268031849431083,0.23875980467097221,0.08115701631590595
0.7148809523809524,0.0,0.16078431372549018,0.203125,0.15476190476190477,0.13725490196078433,0.0,0.0,0.0,0.6039215686274509,0.08659840752844564,0.40914757128505297,0.0
0.4702380952380953,0.0,0.0196078431372549,0.17708333333333331,0.5079365079365079,0.03529411764705882,0.13333333333333333,0.12941176470588234,0.0,0.43529411764705883,0.36409660676800104,0.25261616433959966,0.1415843019077755
0.29583333333333334,0.0,0.03137254901960784,0.0,0.0,0.0,0.0,0.0,0.0,0.0,0.0,0.47764071385744206,0.0
0.0,0.0,0.0,0.0,0.0,0.0,0.0,0.0,0.0,0.0,0.7982838235354323,0.18878019061013182,0.0
0.8029761904761905,0.0,0.8470588235294118,0.0,0.0,0.5058823529411764,0.0,0.0,0.0,0.0,0.36409660676800104,0.2567369873113209,0.1035713576084955
0.0,0.0,0.0,0.0,0.0,0.0,0.0,0.0,0.0,0.0,0.771212453791489,0.06761978141693334,0.0
0.18095238095238098,0.0,0.08235294117647059,0.6666666666666666,0.0,1.0,0.22352941176470587,0.5019607843137255,0.05263157894736842,0.17254901960784313,0.38268031849431083,0.20798454572644534,0.11936450274331341
0.5238095238095238,0.0,0.0,0.16666666666666666,0.0,0.0,0.0,0.0,0.0,0.0,0.38268031849431083,0.23782286641228007,0.0
0.6476190476190476,0.0,1.0,0.0,0.0,0.0,1.0,0.5254901960784314,0.043062200956937795,0.0,0.36409660676800104,0.2382880997669952,0.11986533090373575
0.6476190476190476,0.0,1.0,0.0,0.0,0.0,1.0,0.8274509803921568,0.03827751196172249,0.0,0.38268031849431083,0.23638524507825925,0.07316772868281671
0.4815476190476191,0.0,0.047058823529411764,0.9791666666666666,0.503968253968254,0.0784313725490196,0.06666666666666667,0.12549019607843137,0.0,0.0784313725490196,0.36409660676800104,0.23943532959770475,0.08439033079876414
0.0011904761904761906,0.0,0.0,0.0,0.0,0.0,0.0,0.0196078431372549,0.043062200956937795,0.6196078431372549,0.36409660676800104,0.2270299608302499,0.038767458926654966
0.1904761904761905,0.0,0.0,0.0,0.0,0.0,0.0392156862745098,0.12941176470588234,0.20095693779904306,0.4117647058823529,0.36409660676800104,0.2549422297115581,0.07686262672108773
0.0011904761904761906,0.0,0.0,0.0,0.0,0.0,0.0,0.03529411764705882,0.023923444976076555,0.4588235294117647,0.36409660676800104,0.22954544845575917,0.09054357974302306
0.23750000000000002,0.0,0.996078431372549,0.4583333333333333,0.0,0.0,0.0,0.2549019607843137,0.0,0.0,0.38268031849431083,0.22210404402355774,0.08563671315738511
0.7523809523809525,0.0,0.0,0.0,0.0,0.5019607843137255,0.0,0.4117647058823529,1.0,0.07450980392156863,0.23463936301137822,0.30311929132330556,0.0
0.4815476190476191,0.0,0.5254901960784314,0.96875,0.503968253968254,0.0784313725490196,0.06666666666666667,0.12549019607843137,0.0,0.0784313725490196,0.08659840752844564,0.2582216141653048,0.018067807738882797
0.7148809523809524,0.0,0.16078431372549018,0.203125,0.15476190476190477,0.13725490196078433,0.0,0.0,0.0,0.6039215686274509,0.26756254955818887,0.3031577404048898,0.0
0.4,0.0,0.1411764705882353,0.0,0.615079365079365,0.11372549019607843,0.592156862745098,0.00784313725490196,0.9043062200956937,0.0,0.36409660676800104,0.239831195091554,0.14654399590989647
0.18154761904761907,0.0,0.9137254901960784,0.6614583333333333,0.0,0.0,0.13333333333333333,0.4980392156862745,0.06220095693779904,0.023529411764705882,0.38268031849431083,0.22931549185895148,0.2422814940938266
0.5047619047619049,0.0,0.0196078431372549,0.16666666666666666,0.3968253968253968,0.40784313725490196,0.4549019607843137,0.0,0.0,0.36470588235294116,0.08659840752844564,0.43758718245396533,0.09301727708211237
0.18154761904761907,0.0,0.9686274509803922,0.6614583333333333,0.0,0.0,0.21568627450980393,0.4980392156862745,0.009569377990430622,0.580392156862745,0.26756254955818887,0.25019020626567023,0.16636067980223443
0.5238095238095238,0.0,0.0,0.16666666666666666,0.0,0.0,0.0,0.0,0.0,0.0,0.38268031849431083,0.21746856042372448,0.0
0.0,0.0,0.0,0.0,0.0,0.0,0.0,0.0,0.0,0.0,0.715465655440872,0.040846628450335716,0.0
0.5238095238095238,0.0,0.0,0.16666666666666666,0.0,0.0,0.0,0.0,0.0,0.0,0.38268031849431083,0.23878570530710044,0.0
0.4,0.0,0.26666666666666666,0.0,0.611111111111111,0.11372549019607843,0.592156862745098,0.00784313725490196,0.9043062200956937,0.0,0.38268031849431083,0.23747360276739812,0.0391451422959784
0.18154761904761907,0.0,0.0196078431372549,0.6666666666666666,0.0,0.0,0.3176470588235294,0.4980392156862745,0.07177033492822966,0.3529411764705882,0.38268031849431083,0.2307879427340708,0.20996413646302756
0.23750000000000002,0.0,0.996078431372549,0.4583333333333333,0.0,0.0,0.0,0.24705882352941178,0.0,0.0,0.38268031849431083,0.23667223017947975,0.04883039478676413
0.1904761904761905,0.0,0.0,0.0,0.0,0.0,0.0392156862745098,0.12549019607843137,0.19138755980861244,0.12156862745098039,0.34374045372979056,0.3031102423226216,0.09805414911186412
0.4815476190476191,0.0,0.5254901960784314,0.9583333333333333,0.503968253968254,0.0784313725490196,0.06666666666666667,0.12549019607843137,0.0,0.0784313725490196,0.38268031849431083,0.23918415660801706,0.043612396678005066
0.18095238095238098,0.0,0.058823529411764705,0.6666666666666666,0.0,1.0,0.1803921568627451,0.5019607843137255,0.057416267942583726,0.23529411764705882,0.38268031849431083,0.24744088058676747,0.14145764209071202
0.1904761904761905,0.0,0.0,0.0,0.0,0.0,0.03137254901960784,0.0196078431372549,0.15789473684210525,0.9921568627450981,0.36409660676800104,0.22047298899667053,0.20860183787001232
0.0,0.0,0.0,0.0,0.0,0.0,0.0,0.0,0.0,0.0,0.34374045372979056,0.33172862352748017,0.0
0.0011904761904761906,0.0,0.0,0.0,0.0,0.0,0.0,0.00392156862745098,0.023923444976076555,0.1843137254901961,0.08659840752844564,0.3894329052724863,0.12521611250507414
0.23750000000000002,0.0,0.996078431372549,0.4375,0.0,0.0,0.0,0.23529411764705882,0.0,0.0,0.36409660676800104,0.2396516457916128,0.12063222939173024
0.29583333333333334,0.0,0.03137254901960784,0.0,0.0,0.0,0.0,0.0,0.0,0.0,0.23463936301137822,0.30315321775400456,0.0
0.8029761904761905,0.0,0.8470588235294118,0.0,0.0,0.5411764705882353,0.0,0.0,0.0,0.0,0.0,0.46899604355356106,0.061830499129058164
0.5047619047619049,0.0,0.0196078431372549,0.16666666666666666,0.5873015873015872,0.40784313725490196,0.4588235294117647,0.0,0.0,0.6745098039215687,0.3212377705398239,0.30372033601435056,0.06430839330360202
0.7148809523809524,0.0,0.16078431372549018,0.203125,0.15476190476190477,0.13725490196078433,0.0,0.0,0.0,0.6039215686274509,0.26756254955818887,0.3030253679257353,0.0
0.2017857142857143,0.0,0.0,0.171875,0.06349206349206349,1.0,0.0,1.0,0.0,0.0,0.26756254955818887,0.3030955359424389,0.0
0.8029761904761905,0.0,0.8470588235294118,0.46354166666666663,0.0,0.5058823529411764,0.0,0.0,0.0,0.0,0.38268031849431083,0.2337077070705221,0.15748212215717786
0.0,0.0,0.0,0.0,0.0,0.0,0.0,0.0,0.0,0.0,0.43033886125823617,0.1902526491448509,0.0
1.0,0.0,0.0,0.0,0.0,0.0,0.6274509803921569,0.13333333333333333,0.0,0.0,0.0,0.45966898470946393,0.04907945341653401
0.18154761904761907,0.0,0.984313725490196,0.6614583333333333,0.0,0.0,0.20392156862745098,0.4980392156862745,0.057416267942583726,0.0196078431372549,0.36409660676800104,0.24706029241094704,0.21122098295874095
0.2017857142857143,0.0,0.0,0.171875,0.06349206349206349,1.0,0.0,1.0,0.0,0.0,0.38268031849431083,0.22325077825880663,0.0
0.23750000000000002,0.0,0.996078431372549,0.46354166666666663,0.0,0.0,0.0,0.2549019607843137,0.0,0.0,0.0,0.5379711450100254,0.07052635064924392
0.4702380952380953,0.0,0.0196078431372549,0.171875,0.36507936507936506,0.03529411764705882,0.12941176470588234,0.12549019607843137,0.0,0.43529411764705883,0.38268031849431083,0.2387684389649113,0.14310518813736153
0.36190476190476195,0.0,0.09803921568627451,0.17708333333333331,0.1388888888888889,0.18823529411764706,0.03137254901960784,0.5568627450980392,0.5406698564593301,0.1411764705882353,0.36409660676800104,0.24837623605461231,0.15292240211358876
0.8029761904761905,0.0,0.8470588235294118,0.0,0.0,0.5372549019607843,0.0,0.0,0.0,0.0,0.36409660676800104,0.24037428070250935,0.04906614384407297
0.4815476190476191,0.0,0.25098039215686274,0.984375,0.503968253968254,0.0784313725490196,0.06666666666666667,0.12549019607843137,0.0,0.0784313725490196,0.1480409554829326,0.23955104225415355,0.06768082350120767
0.5047619047619049,0.0,0.0196078431372549,0.16666666666666666,0.8412698412698412,0.40784313725490196,0.47058823529411764,0.0,0.0,0.8823529411764706,0.36409660676800104,0.23928298397371328,0.17023272125830674
0.8029761904761905,0.0,0.8470588235294118,0.484375,0.0,0.5450980392156862,0.0,0.0,0.0,0.0,0.38268031849431083,0.2367845911434521,0.13593837836160927
0.0,0.0,0.0,0.0,0.0,0.0,0.0,0.0,0.0,0.0,0.8438985425464663,0.03951452846848716,0.0
0.0011904761904761906,0.0,0.0,0.0,0.0,0.0,0.0,0.023529411764705882,0.03349282296650718,0.9254901960784314,0.38268031849431083,0.22951466032920287,0.08958239089476955
0.4702380952380953,0.0,0.0196078431372549,0.171875,0.49206349206349204,0.03529411764705882,0.12941176470588234,0.13333333333333333,0.0,0.43529411764705883,0.08659840752844564,0.39983880633837127,0.2104664182031944
0.23750000000000002,0.0,0.996078431372549,0.4375,0.0,0.0,0.0,0.23529411764705882,0.0,0.0,0.36409660676800104,0.23914760861490234,0.12063222939173024
0.8029761904761905,0.0,0.8470588235294118,0.0,0.0,0.5215686274509804,0.0,0.0,0.0,0.0,0.36409660676800104,0.23272176438205758,0.055406020348357995
0.8029761904761905,0.0,0.8470588235294118,0.0,0.0,0.5411764705882353,0.0,0.0,0.0,0.0,0.34374045372979056,0.24009991347260168,0.061830499129058164
0.6380952380952382,0.0,0.0,0.0,0.0,0.0,0.0,0.0,0.0,0.0,0.26756254955818887,0.30311929132330556,0.0
0.4190476190476191,0.0,0.0784313725490196,0.0,0.0,0.0,0.0,0.0,0.0,0.0,0.1956994982468579,0.3416658331275865,0.0
0.36190476190476195,0.0,0.09803921568627451,0.17708333333333331,0.1349206349206349,0.18823529411764706,0.03137254901960784,0.5568627450980392,0.569377990430622,0.050980392156862744,0.38268031849431083,0.24056101313891787,0.19346278395100852
0.0,0.0,0.0,0.0,0.0,0.0,0.0,0.0,0.0,0.0,0.5853829999567598,0.04030958998714853,0.0
0.6470238095238096,0.0,0.0,0.3333333333333333,0.38095238095238093,1.0,0.49411764705882355,0.6470588235294118,0.043062200956937795,0.0,0.38268031849431083,0.23683082059694918,0.08645814843460639
0.1904761904761905,0.0,0.0,0.0,0.0,0.0,0.00784313725490196,0.07058823529411765,0.20095693779904306,0.4392156862745098,0.38268031849431083,0.2471178704275212,0.12218868598084692
0.8029761904761905,0.0,0.8470588235294118,0.0,0.0,0.5411764705882353,0.0,0.0,0.0,0.0,0.36409660676800104,0.25577907970240715,0.061830499129058164
0.0,0.0,0.0,0.0,0.0,0.0,0.0,0.0,0.0,0.0,0.6999258615408371,0.04030958998714853,0.0
0.8029761904761905,0.0,0.8470588235294118,0.5,0.0,0.5254901960784314,0.0,0.0,0.0,0.0,0.1480409554829326,0.36955100330398305,0.11197137771782306
0.4190476190476191,0.0,0.0784313725490196,0.0,0.0,0.0,0.0,0.0,0.0,0.0,0.1480409554829326,0.24250916455653707,0.0
0.18095238095238098,0.0,0.12941176470588234,0.6666666666666666,0.0,1.0,0.050980392156862744,0.5019607843137255,0.023923444976076555,0.10588235294117647,0.36409660676800104,0.23119169888738011,0.187917407550076
0.36190476190476195,0.0,0.09803921568627451,0.17708333333333331,0.1349206349206349,0.18823529411764706,0.03137254901960784,0.5607843137254902,0.5311004784688995,0.011764705882352941,0.38268031849431083,0.23884180025151275,0.14903677678076216
0.4,0.0,0.39215686274509803,0.0,0.615079365079365,0.11372549019607843,0.592156862745098,0.00784313725490196,0.9043062200956937,0.0,0.38268031849431083,0.23859561067806734,0.178099819924373
0.4,0.0,0.01568627450980392,0.0,0.611111111111111,0.11372549019607843,0.592156862745098,0.00784313725490196,0.9043062200956937,0.0,0.1956994982468579,0.34019266907754514,0.07936191258484337
0.0011904761904761906,0.0,0.0,0.0,0.0,0.0,0.0,0.0,0.06220095693779904,0.5450980392156862,0.23463936301137822,0.159562820037849,0.12619330292049072
0.0,0.0,0.0,0.0,0.0,0.0,0.0,0.0,0.0,0.0,0.7228311423096268,0.04056267479619917,0.0
0.6470238095238096,0.0,0.0,0.3333333333333333,0.38095238095238093,1.0,0.49411764705882355,0.8588235294117647,0.03827751196172249,0.0,0.36409660676800104,0.2299212427253964,0.08456668272645812
0.1904761904761905,0.0,0.0,0.0,0.0,0.0,0.00784313725490196,0.07450980392156863,0.21052631578947367,0.44705882352941173,0.36409660676800104,0.24867956582174452,0.13526038155587455
0.2017857142857143,0.0,0.0,0.171875,0.06349206349206349,1.0,0.0,1.0,0.0,0.0,0.38268031849431083,0.24306682392455045,0.0
0.0011904761904761906,0.0,0.0,0.0,0.0,0.0,0.0,0.03137254901960784,0.023923444976076555,0.22352941176470587,0.0,0.5176059156813638,0.1112222168134359
0.2017857142857143,0.0,0.0,0.171875,0.06349206349206349,1.0,0.0,1.0,0.0,0.0,0.08659840752844564,0.4093602834420273,0.0
0.2017857142857143,0.0,0.0,0.171875,0.06349206349206349,1.0,0.0,1.0,0.0,0.0,0.36409660676800104,0.2322020544828604,0.0
0.18095238095238098,0.0,0.10588235294117647,0.6666666666666666,0.0,1.0,0.047058823529411764,0.5019607843137255,0.06698564593301436,0.8980392156862745,0.1480409554829326,0.37033901875478775,0.19484995512271328
0.23750000000000002,0.0,0.996078431372549,0.47916666666666663,0.0,0.0,0.0,0.23529411764705882,0.0,0.0,0.36409660676800104,0.23933665338879792,0.07819619029941431
0.0011904761904761906,0.0,0.0,0.0,0.0,0.0,0.0,0.0196078431372549,0.028708133971291863,0.14509803921568626,0.38268031849431083,0.24708412183514467,0.07541867473609865
0.0011904761904761906,0.0,0.0,0.0,0.0,0.0,0.0,0.011764705882352941,0.019138755980861243,0.6666666666666666,0.38268031849431083,0.24766419449021224,0.08873032628434999
0.8029761904761905,0.0,0.8470588235294118,0.0,0.0,0.5372549019607843,0.0,0.0,0.0,0.0,0.36409660676800104,0.239499631006359,0.04906614384407297
0.2017857142857143,0.0,0.0,0.171875,0.06349206349206349,1.0,0.0,1.0,0.0,0.0,0.38268031849431083,0.23421285955728596,0.0
0.5047619047619049,0.0,0.0196078431372549,0.16666666666666666,0.5238095238095237,0.40784313725490196,0.4588235294117647,0.0,0.0,0.7372549019607844,0.38268031849431083,0.23794917256922124,0.06429436895109483
0.0,0.0,0.0,0.0,0.0,0.0,0.0,0.0,0.0,0.0,0.8177133896438564,0.03991285272932955,0.0
0.23750000000000002,0.0,0.996078431372549,0.44791666666666663,0.0,0.0,0.0,0.2549019607843137,0.0,0.0,0.0,0.5943416217588842,0.11430423966663589
0.8029761904761905,0.0,0.8470588235294118,0.0,0.0,0.5294117647058824,0.0,0.0,0.0,0.0,0.1480409554829326,0.23960670783561752,0.029056529062786718
0.5238095238095238,0.0,0.0,0.16666666666666666,0.0,0.0,0.0,0.0,0.0,0.0,0.0,0.5746068817996601,0.0
0.4,0.0,0.01568627450980392,0.0,0.611111111111111,0.11372549019607843,0.592156862745098,0.00784313725490196,0.9043062200956937,0.0,0.38268031849431083,0.23210286374882325,0.07936191258484337
0.4190476190476191,0.0,0.0784313725490196,0.0,0.0,0.0,0.0,0.0,0.0,0.0,0.38268031849431083,0.23870366350412195,0.0
0.5238095238095238,0.0,0.0,0.16666666666666666,0.0,0.0,0.0,0.0,0.0,0.0,0.08659840752844564,0.44934329763086883,0.0
0.0,0.0,0.0,0.0,0.0,0.0,0.0,0.0,0.0,0.0,0.7905164965625804,0.18568005069462132,0.0
0.4702380952380953,0.0,0.0196078431372549,0.1875,0.3968253968253968,0.03529411764705882,0.1411764705882353,0.13333333333333333,0.0,0.43137254901960786,0.36409660676800104,0.23875980467097221,0.304562871342049
0.6470238095238096,0.0,0.0,0.3333333333333333,0.38095238095238093,1.0,0.49411764705882355,0.788235294117647,0.03827751196172249,0.0,0.38268031849431083,0.23892372836979411,0.06267864634633653
0.18095238095238098,0.0,0.07058823529411765,0.6666666666666666,0.0,1.0,0.12941176470588234,0.5019607843137255,0.009569377990430622,0.2627450980392157,0.36409660676800104,0.24667425664307469,0.13898961949986502
0.0,0.0,0.0,0.0,0.0,0.0,0.0,0.0,0.0,0.0,0.4808262924294938,0.24903845222787677,0.0
0.5047619047619049,0.0,0.0196078431372549,0.16666666666666666,0.5873015873015872,0.40784313725490196,0.4666666666666667,0.0,0.0,0.6823529411764706,0.29608191096586517,0.25013437810390493,0.08449680716021826
0.0,0.0,0.0,0.0,0.0,0.0,0.0,0.0,0.0,0.0,0.6601785177338662,0.24720120029888135,0.0
0.36190476190476195,0.0,0.09803921568627451,0.17708333333333331,0.1349206349206349,0.18823529411764706,0.03137254901960784,0.5568627450980392,0.5311004784688995,0.08235294117647059,0.36409660676800104,0.2337077070705221,0.09584942154686843
0.0,0.0,0.0,0.0,0.0,0.0,0.0,0.0,0.0,0.0,0.7228311423096268,0.1852191576390303,0.0
0.2017857142857143,0.0,0.0,0.171875,0.06349206349206349,1.0,0.0,1.0,0.0,0.0,0.38268031849431083,0.2470920637094923,0.0
0.0,0.0,0.0,0.0,0.0,0.0,0.0,0.0,0.0,0.0,0.9178054176106886,0.0398492278236016,0.0
0.5047619047619049,0.0,0.0196078431372549,0.16666666666666666,0.8412698412698412,0.40784313725490196,0.47058823529411764,0.0,0.0,0.8823529411764706,0.38268031849431083,0.23806879783693044,0.17023272125830674
0.23750000000000002,0.0,0.996078431372549,0.453125,0.0,0.0,0.0,0.23529411764705882,0.0,0.0,0.38268031849431083,0.24041038131363576,0.077550705938032
0.6476190476190476,0.0,1.0,0.0,0.0,0.0,1.0,0.5607843137254902,0.043062200956937795,0.0,0.38268031849431083,0.231765337421225,0.10996438978834368
0.7148809523809524,0.0,0.16078431372549018,0.203125,0.15476190476190477,0.13725490196078433,0.0,0.0,0.0,0.6039215686274509,0.26756254955818887,0.30300045770730943,0.0
0.0,0.0,0.0,0.0,0.0,0.0,0.0,0.0,0.0,0.0,0.8376470342310766,0.040372921518221534,0.0
0.23750000000000002,0.0,0.996078431372549,0.4739583333333333,0.0,0.0,0.0,0.23529411764705882,0.0,0.0,0.38268031849431083,0.23890433043271583,0.06280801564415128
0.4,0.0,0.39215686274509803,0.0,0.611111111111111,0.11372549019607843,0.592156862745098,0.00784313725490196,0.9043062200956937,0.0,0.1480409554829326,0.22149231567932837,0.07945982888469613
0.0,0.0,0.0,0.0,0.0,0.0,0.0,0.0,0.0,0.0,0.9939833217822903,0.039578367520394175,0.0
0.2017857142857143,0.0,0.0,0.171875,0.06349206349206349,1.0,0.0,1.0,0.0,0.0,0.38268031849431083,0.2430213331751384,0.0
0.6470238095238096,0.0,0.0,0.3333333333333333,0.38095238095238093,1.0,0.49411764705882355,0.8352941176470589,0.03827751196172249,0.0,0.36409660676800104,0.23885042743892992,0.07739787962939865
0.18095238095238098,0.0,0.03137254901960784,0.6666666666666666,0.0,1.0,0.09411764705882353,0.5019607843137255,0.019138755980861243,0.4666666666666667,0.38268031849431083,0.23873173804403924,0.14308401784899336
0.36190476190476195,0.0,0.09803921568627451,0.17708333333333331,0.1349206349206349,0.18823529411764706,0.03137254901960784,0.5568627450980392,0.5358851674641149,0.01568627450980392,0.38268031849431083,0.23845929696506016,0.14175371708552423
0.18154761904761907,0.0,0.8784313725490196,0.6614583333333333,0.0,0.0,0.21176470588235294,0.4980392156862745,0.014354066985645932,0.19215686274509802,0.38268031849431083,0.22921813381436473,0.1806834524127979
0.7523809523809525,0.0,0.0,0.0,0.0,0.5019607843137255,0.0,0.4117647058823529,1.0,0.07450980392156863,0.23463936301137822,0.3030627215732099,0.0
0.5047619047619049,0.0,0.0196078431372549,0.16666666666666666,0.2698412698412698,0.40784313725490196,0.4627450980392157,0.0,0.0,0.4980392156862745,0.38268031849431083,0.24114862792891856,0.05091107271119228
0.5047619047619049,0.0,0.0196078431372549,0.16666666666666666,0.6507936507936507,0.40784313725490196,0.4627450980392157,0.0,0.0,0.6235294117647059,0.36409660676800104,0.24573477597989918,0.054900056644643744
0.4702380952380953,0.0,0.0196078431372549,0.17708333333333331,0.3968253968253968,0.03529411764705882,0.13333333333333333,0.12941176470588234,0.0,0.43137254901960786,0.36409660676800104,0.2506759357464088,0.14818477300361152
0.5047619047619049,0.0,0.0196078431372549,0.16666666666666666,0.07936507936507936,0.40784313725490196,0.4666666666666667,0.0,0.0,0.1803921568627451,0.38268031849431083,0.2386690993548302,0.15002103664425243
0.18154761904761907,0.0,0.054901960784313725,0.6666666666666666,0.0,0.0,0.09803921568627451,0.4980392156862745,0.03349282296650718,0.9215686274509803,0.36409660676800104,0.23058193399462945,0.20622359639530063
0.6380952380952382,0.0,0.0,0.0,0.0,0.0,0.0,0.0,0.0,0.0,0.26756254955818887,0.30307630124442003,0.0
0.0,0.0,0.0,0.0,0.0,0.0,0.0,0.0,0.0,0.0,0.44412286644879784,0.1926959472389829,0.0
0.8029761904761905,0.0,0.8470588235294118,0.0,0.0,0.5058823529411764,0.0,0.0,0.0,0.0,0.36409660676800104,0.24157133653780002,0.1035713576084955
0.8029761904761905,0.0,0.8470588235294118,0.0,0.0,0.5372549019607843,0.0,0.0,0.0,0.0,0.36409660676800104,0.2390572560219698,0.04906614384407297
0.36190476190476195,0.0,0.09411764705882353,0.171875,0.13095238095238093,0.18823529411764706,0.03137254901960784,0.5607843137254902,0.5215311004784688,0.03137254901960784,0.38268031849431083,0.2390206614143416,0.23588138234793268
0.23750000000000002,0.0,0.996078431372549,0.4739583333333333,0.0,0.0,0.0,0.2549019607843137,0.0,0.0,0.1480409554829326,0.30211322588316025,0.08626978094876307
0.8029761904761905,0.0,0.8470588235294118,0.0,0.0,0.5372549019607843,0.0,0.0,0.0,0.0,0.36409660676800104,0.24018932536146734,0.04906614384407297
0.8029761904761905,0.0,0.8470588235294118,0.0,0.0,0.5372549019607843,0.0,0.0,0.0,0.0,0.08659840752844564,0.3039034231452704,0.04906614384407297
0.4190476190476191,0.0,0.0784313725490196,0.0,0.0,0.0,0.0,0.0,0.0,0.0,0.38268031849431083,0.23874037477184537,0.0
0.4190476190476191,0.0,0.0784313725490196,0.0,0.0,0.0,0.0,0.0,0.0,0.0,0.38268031849431083,0.2386410071467822,0.0
0.0011904761904761906,0.0,0.0,0.0,0.0,0.0,0.0,0.00392156862745098,0.057416267942583726,0.8549019607843137,0.38268031849431083,0.24754963575241262,0.14668510779407984
0.7523809523809525,0.0,0.0,0.0,0.0,0.5019607843137255,0.0,0.4117647058823529,1.0,0.07450980392156863,0.23463936301137822,0.3032232957701499,0.0
0.23750000000000002,0.0,0.996078431372549,0.44791666666666663,0.0,0.0,0.0,0.23529411764705882,0.0,0.0,0.38268031849431083,0.23858696138469385,0.09241251950922756
0.6470238095238096,0.0,0.0,0.3333333333333333,0.38095238095238093,1.0,0.49411764705882355,0.8392156862745098,0.03827751196172249,0.0,0.38268031849431083,0.24292614894612197,0.07860129244220064
0.0,0.0,0.0,0.0,0.0,0.0,0.0,0.0,0.0,0.0,0.9714806385923237,0.028395346604449995,0.0
0.23750000000000002,0.0,0.996078431372549,0.4375,0.0,0.0,0.0,0.23529411764705882,0.0,0.0,0.36409660676800104,0.23158918496206415,0.12063222939173024
0.5238095238095238,0.0,0.0,0.16666666666666666,0.0,0.0,0.0,0.0,0.0,0.0,0.36409660676800104,0.2392013510231138,0.0
0.6470238095238096,0.0,0.0,0.3333333333333333,0.38095238095238093,1.0,0.49411764705882355,0.5372549019607843,0.043062200956937795,0.0,0.38268031849431083,0.2386410071467822,0.11823059794955779
0.2017857142857143,0.0,0.0,0.171875,0.06349206349206349,1.0,0.0,1.0,0.0,0.0,0.38268031849431083,0.24290958587552947,0.0
0.18154761904761907,0.0,0.07058823529411765,0.6666666666666666,0.0,0.0,0.09411764705882353,0.4980392156862745,0.014354066985645932,0.07058823529411765,0.38268031849431083,0.2307692322682939,0.234104009558471
0.1904761904761905,0.0,0.0,0.0,0.0,0.0,0.047058823529411764,0.1843137254901961,0.21052631578947367,0.803921568627451,0.36409660676800104,0.2545893075517716,0.14962569623118252
0.5047619047619049,0.0,0.0196078431372549,0.16666666666666666,0.20634920634920634,0.40784313725490196,0.4666666666666667,0.0,0.0,0.054901960784313725,0.1956994982468579,0.36904590123889375,0.14999821056552268
0.4,0.0,0.1411764705882353,0.0,0.611111111111111,0.11372549019607843,0.592156862745098,0.00784313725490196,0.9043062200956937,0.0,0.36409660676800104,0.23979488385392125,0.03903726011546839
0.36190476190476195,0.0,0.09803921568627451,0.171875,0.1349206349206349,0.18823529411764706,0.03137254901960784,0.5568627450980392,0.5263157894736842,0.09019607843137255,0.36409660676800104,0.23980342886584577,0.10971699972570254
0.0,0.0,0.0,0.0,0.0,0.0,0.0,0.0,0.0,0.0,0.5394399519766484,0.2863564777113098,0.0
0.7523809523809525,0.0,0.0,0.0,0.0,0.5019607843137255,0.0,0.4117647058823529,1.0,0.07450980392156863,0.0,0.45966217490749445,0.0
0.7523809523809525,0.0,0.0,0.0,0.0,0.5019607843137255,0.0,0.4117647058823529,1.0,0.07450980392156863,0.08659840752844564,0.4090000423927496,0.0
0.7148809523809524,0.0,0.16078431372549018,0.203125,0.15476190476190477,0.13725490196078433,0.0,0.0,0.0,0.6039215686274509,0.0,0.5293169451270195,0.0
0.0,0.0,0.0,0.0,0.0,0.0,0.0,0.0,0.0,0.0,0.5478166315806011,0.040182805960119077,0.0
0.0011904761904761906,0.0,0.0,0.0,0.0,0.0,0.0,0.03137254901960784,0.057416267942583726,0.8,0.1956994982468579,0.24796969768621385,0.13135856440630783
0.0,0.0,0.0,0.0,0.0,0.0,0.0,0.0,0.0,0.0,0.617319681505689,0.02914227651061917,0.0
0.4190476190476191,0.0,0.0784313725490196,0.0,0.0,0.0,0.0,0.0,0.0,0.0,0.38268031849431083,0.23737296232631622,0.0
0.6380952380952382,0.0,0.0,0.0,0.0,0.0,0.0,0.0,0.0,0.0,0.23463936301137822,0.30316226285037334,0.0
0.4702380952380953,0.0,0.0196078431372549,0.19270833333333331,0.23809523809523808,0.0392156862745098,0.14509803921568626,0.13333333333333333,0.0,0.43137254901960786,0.36409660676800104,0.2464666917974009,0.38196145914404817
0.4815476190476191,0.0,0.5254901960784314,0.9479166666666666,0.503968253968254,0.0784313725490196,0.06666666666666667,0.12549019607843137,0.0,0.0784313725490196,0.36409660676800104,0.2394460493830341,0.06905989193304861
0.7523809523809525,0.0,0.0,0.0,0.0,0.5019607843137255,0.0,0.4117647058823529,1.0,0.07450980392156863,0.26756254955818887,0.30320521584162824,0.0
0.5238095238095238,0.0,0.0,0.16666666666666666,0.0,0.0,0.0,0.0,0.0,0.0,0.36409660676800104,0.23886767957177016,0.0
0.18095238095238098,0.0,0.13725490196078433,0.6666666666666666,0.0,1.0,0.08627450980392157,0.5019607843137255,0.03827751196172249,0.7215686274509804,0.38268031849431083,0.247341909076391,0.15666579969765002
0.8029761904761905,0.0,0.8470588235294118,0.0,0.0,0.5254901960784314,0.0,0.0,0.0,0.0,0.38268031849431083,0.2371713757859533,0.04243987180513695
0.5238095238095238,0.0,0.0,0.16666666666666666,0.0,0.0,0.0,0.0,0.0,0.0,0.38268031849431083,0.23897543773569235,0.0
0.4702380952380953,0.0,0.0196078431372549,0.171875,0.47619047619047616,0.03529411764705882,0.12941176470588234,0.12941176470588234,0.0,0.43529411764705883,0.38268031849431083,0.23797746060465594,0.18476924437563144
0.23750000000000002,0.0,0.996078431372549,0.4583333333333333,0.0,0.0,0.0,0.2549019607843137,0.0,0.0,0.38268031849431083,0.2375020262063623,0.08563671315738511
0.0011904761904761906,0.0,0.0,0.0,0.0,0.0,0.0,0.0196078431372549,0.06698564593301436,0.803921568627451,0.38268031849431083,0.24739932453310615,0.11320889668570505
0.18154761904761907,0.0,0.03529411764705882,0.6666666666666666,0.0,0.0,0.33725490196078434,0.4980392156862745,0.04784688995215311,0.00784313725490196,0.38268031849431083,0.24750614793851586,0.22061714094286738
0.5047619047619049,0.0,0.0196078431372549,0.16666666666666666,0.9682539682539681,0.40784313725490196,0.4666666666666667,0.0,0.0,0.807843137254902,0.36409660676800104,0.23945462438048776,0.15221593426804964
0.5238095238095238,0.0,0.0,0.16666666666666666,0.0,0.0,0.0,0.0,0.0,0.0,0.36409660676800104,0.23897759170998942,0.0
0.2017857142857143,0.0,0.0,0.171875,0.06349206349206349,1.0,0.0,1.0,0.0,0.0,0.38268031849431083,0.2224657259407544,0.0
0.23750000000000002,0.0,0.996078431372549,0.46875,0.0,0.0,0.0,0.2549019607843137,0.0,0.0,0.38268031849431083,0.23805140672677716,0.07118281869104108
0.0,0.0,0.0,0.0,0.0,0.0,0.0,0.0,0.0,0.0,0.7116854160069869,0.03293166910085856,0.0
0.4,0.0,0.26666666666666666,0.0,0.611111111111111,0.11372549019607843,0.592156862745098,0.00784313725490196,0.9043062200956937,0.0,0.38268031849431083,0.23696718246782894,0.0391451422959784
0.4702380952380953,0.0,0.0196078431372549,0.17708333333333331,0.4444444444444444,0.03529411764705882,0.13333333333333333,0.12941176470588234,0.0,0.43137254901960786,0.38268031849431083,0.252710032522915,0.16017712698819545
0.5047619047619049,0.0,0.0196078431372549,0.16666666666666666,0.8412698412698412,0.40784313725490196,0.4745098039215686,0.0,0.0,0.8784313725490196,0.38268031849431083,0.233993444391195,0.1928640994317126
0.0,0.0,0.0,0.0,0.0,0.0,0.0,0.0,0.0,0.0,0.8355218629425137,0.039578367520394175,0.0
0.7523809523809525,0.0,0.0,0.0,0.0,0.5019607843137255,0.0,0.4117647058823529,1.0,0.07450980392156863,0.23463936301137822,0.3038888334510781,0.0
0.5047619047619049,0.0,0.0196078431372549,0.16666666666666666,0.6507936507936507,0.40784313725490196,0.4549019607843137,0.0,0.0,0.615686274509804,0.38268031849431083,0.2381861084522897,0.09441425481695417
0.6470238095238096,0.0,0.0,0.3333333333333333,0.38095238095238093,1.0,0.49411764705882355,0.6745098039215687,0.043062200956937795,0.0,0.36409660676800104,0.2417725957864001,0.0781208222364849
0.5238095238095238,0.0,0.0,0.16666666666666666,0.0,0.0,0.0,0.0,0.0,0.0,0.36409660676800104,0.2384960984171576,0.0
0.8029761904761905,0.0,0.8470588235294118,0.0,0.0,0.5372549019607843,0.0,0.0,0.0,0.0,0.36409660676800104,0.2381861084522897,0.04906614384407297
0.6380952380952382,0.0,0.0,0.0,0.0,0.0,0.0,0.0,0.0,0.0,0.26756254955818887,0.30317582895460105,0.0
0.8029761904761905,0.0,0.8470588235294118,0.0,0.0,0.5333333333333333,0.0,0.0,0.0,0.0,0.1480409554829326,0.2946367541164913,0.03589768241871075
0.2017857142857143,0.0,0.0,0.171875,0.06349206349206349,1.0,0.0,1.0,0.0,0.0,0.38268031849431083,0.255810006858904,0.0
0.6380952380952382,0.0,0.0,0.0,0.0,0.0,0.0,0.0,0.0,0.0,0.23463936301137822,0.30311476692575307,0.0
0.36190476190476195,0.0,0.09803921568627451,0.17708333333333331,0.1349206349206349,0.18823529411764706,0.03137254901960784,0.5568627450980392,0.5311004784688995,0.01568627450980392,0.38268031849431083,0.23561291253260153,0.13125367044981015
0.0,0.0,0.0,0.0,0.0,0.0,0.0,0.0,0.0,0.0,0.49178140921272306,0.04003998071175027,0.0
0.5238095238095238,0.0,0.0,0.16666666666666666,0.0,0.0,0.0,0.0,0.0,0.0,0.36409660676800104,0.2453960777054463,0.0
0.0,0.0,0.0,0.0,0.0,0.0,0.0,0.0,0.0,0.0,0.6113030032879794,0.040499463871658384,0.0
0.4815476190476191,0.0,0.8627450980392157,0.9583333333333333,0.503968253968254,0.0784313725490196,0.06666666666666667,0.12549019607843137,0.0,0.0784313725490196,0.38268031849431083,0.2450825631580698,0.09223403150485196
0.29583333333333334,0.0,0.03137254901960784,0.0,0.0,0.0,0.0,0.0,0.0,0.0,0.26756254955818887,0.30180081766933625,0.0
0.5238095238095238,0.0,0.0,0.16666666666666666,0.0,0.0,0.0,0.0,0.0,0.0,0.38268031849431083,0.23744735854382507,0.0
0.6470238095238096,0.0,0.0,0.3333333333333333,0.38095238095238093,1.0,0.49411764705882355,0.7686274509803921,0.03827751196172249,0.0,0.36409660676800104,0.23846146213289618,0.05638851650315033
0.18095238095238098,0.0,0.06666666666666667,0.6666666666666666,0.0,1.0,0.027450980392156862,0.5019607843137255,0.028708133971291863,0.8980392156862745,0.38268031849431083,0.24741515745565304,0.14321350258206095
0.0,0.0,0.0,0.0,0.0,0.0,0.0,0.0,0.0,0.0,0.555877133551202,0.0402462181515586,0.0
0.4702380952380953,0.0,0.0196078431372549,0.171875,0.1746031746031746,0.0392156862745098,0.12941176470588234,0.11764705882352941,0.0,0.43529411764705883,0.38268031849431083,0.25081182250591566,0.24616347198633756
0.4,0.0,0.1411764705882353,0.0,0.611111111111111,0.11372549019607843,0.592156862745098,0.00784313725490196,0.9043062200956937,0.0,0.34374045372979056,0.24059916530996758,0.03903726011546839
0.18154761904761907,0.0,0.03529411764705882,0.6666666666666666,0.0,0.0,0.11372549019607843,0.4980392156862745,0.028708133971291863,0.49411764705882355,0.23463936301137822,0.24739140712769156,0.1595124044963822
0.7523809523809525,0.0,0.0,0.0,0.0,0.5019607843137255,0.0,0.4117647058823529,1.0,0.07450980392156863,0.23463936301137822,0.30482162674953184,0.0
0.6470238095238096,0.0,0.0,0.3333333333333333,0.38095238095238093,1.0,0.49411764705882355,0.8352941176470589,0.03827751196172249,0.0,0.36409660676800104,0.23891295220460004,0.07739787962939865
0.4702380952380953,0.0,0.0196078431372549,0.17708333333333331,0.19047619047619047,0.0392156862745098,0.13333333333333333,0.11764705882352941,0.0,0.43529411764705883,0.38268031849431083,0.23784029747898633,0.19853365400879647
0.23750000000000002,0.0,0.996078431372549,0.46875,0.0,0.0,0.0,0.23529411764705882,0.0,0.0,0.1956994982468579,0.3403686741557618,0.046828654752151574
0.0,0.0,0.0,0.0,0.0,0.0,0.0,0.0,0.0,0.0,0.7931371178131621,0.03991285272932955,0.0
0.29583333333333334,0.0,0.03137254901960784,0.0,0.0,0.0,0.0,0.0,0.0,0.0,0.26756254955818887,0.3028485971138739,0.0
0.4815476190476191,0.0,0.8627450980392157,0.9739583333333333,0.503968253968254,0.0784313725490196,0.06666666666666667,0.12549019607843137,0.0,0.0784313725490196,0.1956994982468579,0.34172341838506226,0.08173320827089746
0.5047619047619049,0.0,0.0196078431372549,0.16666666666666666,0.14285714285714285,0.40784313725490196,0.4588235294117647,0.0,0.0,0.10980392156862745,0.38268031849431083,0.2395788789346288,0.13486354611877774
0.6380952380952382,0.0,0.0,0.0,0.0,0.0,0.0,0.0,0.0,0.0,0.23463936301137822,0.3038091135349454,0.0
0.2017857142857143,0.0,0.0,0.171875,0.06349206349206349,1.0,0.0,1.0,0.0,0.0,0.23463936301137822,0.2494057492485007,0.0
0.29583333333333334,0.0,0.03137254901960784,0.0,0.0,0.0,0.0,0.0,0.0,0.0,0.26756254955818887,0.3031577404048898,0.0
0.4815476190476191,0.0,0.047058823529411764,0.9947916666666666,0.503968253968254,0.0784313725490196,0.06666666666666667,0.12549019607843137,0.0,0.0784313725490196,0.38268031849431083,0.23751951352169043,0.11862917377081146
0.6380952380952382,0.0,0.0,0.0,0.0,0.0,0.0,0.0,0.0,0.0,0.26756254955818887,0.30315208705918706,0.0
0.8029761904761905,0.0,0.8470588235294118,0.0,0.0,0.5254901960784314,0.0,0.0,0.0,0.0,0.38268031849431083,0.2387338972962193,0.04243987180513695
0.8029761904761905,0.0,0.8470588235294118,0.0,0.0,0.5215686274509804,0.0,0.0,0.0,0.0,0.1956994982468579,0.4231724610427868,0.055406020348357995
0.7148809523809524,0.0,0.16078431372549018,0.203125,0.15476190476190477,0.13725490196078433,0.0,0.0,0.0,0.6039215686274509,0.23463936301137822,0.30541693495639843,0.0
0.6476190476190476,0.0,1.0,0.0,0.0,0.0,1.0,0.7647058823529411,0.03827751196172249,0.0,0.36409660676800104,0.23858696138469385,0.053237536019060346
0.1904761904761905,0.0,0.0,0.0,0.0,0.0,0.00784313725490196,0.16078431372549018,0.15789473684210525,0.9411764705882353,0.36409660676800104,0.22994247174876215,0.2072612197180373
0.18154761904761907,0.0,0.9686274509803922,0.6614583333333333,0.0,0.0,0.15294117647058825,0.4980392156862745,0.023923444976076555,0.8745098039215686,0.36409660676800104,0.22932498511043825,0.20740778018187217
0.8029761904761905,0.0,0.8470588235294118,0.0,0.0,0.5372549019607843,0.0,0.0,0.0,0.0,0.38268031849431083,0.2369957508065546,0.04906614384407297
0.6470238095238096,0.0,0.0,0.3333333333333333,0.38095238095238093,1.0,0.49411764705882355,0.047058823529411764,0.043062200956937795,0.0,0.36409660676800104,0.24571666060475345,0.23632243162015704
0.23750000000000002,0.0,0.996078431372549,0.47916666666666663,0.0,0.0,0.0,0.23529411764705882,0.0,0.0,0.0,0.5110859994996807,0.07819619029941431
0.29583333333333334,0.0,0.03137254901960784,0.0,0.0,0.0,0.0,0.0,0.0,0.0,0.26756254955818887,0.3030910104653884,0.0
0.0,0.0,0.0,0.0,0.0,0.0,0.0,0.0,0.0,0.0,0.571139192753681,0.0402462181515586,0.0
0.8029761904761905,0.0,0.8470588235294118,0.0,0.0,0.5372549019607843,0.0,0.0,0.0,0.0,0.38268031849431083,0.22955491981066678,0.04906614384407297
0.8029761904761905,0.0,0.8470588235294118,0.453125,0.0,0.5372549019607843,0.0,0.0,0.0,0.0,0.38268031849431083,0.2450136600175234,0.10780247969999054
0.36190476190476195,0.0,0.10196078431372549,0.17708333333333331,0.1349206349206349,0.18823529411764706,0.03137254901960784,0.5607843137254902,0.5119617224880383,0.1568627450980392,0.36409660676800104,0.24655855269182014,0.15668700782269931
0.0,0.0,0.0,0.0,0.0,0.0,0.0,0.0,0.0,0.0,0.571139192753681,0.028466724661153017,0.0
0.4815476190476191,0.0,0.5254901960784314,0.9791666666666666,0.503968253968254,0.0784313725490196,0.06666666666666667,0.12549019607843137,0.0,0.0784313725490196,0.36409660676800104,0.23986535828271802,0.045075725330698285
0.0011904761904761906,0.0,0.0,0.0,0.0,0.0,0.0,0.03137254901960784,0.07177033492822966,0.9215686274509803,0.36409660676800104,0.22957385981830336,0.17008611533176318
0.6470238095238096,0.0,0.0,0.3333333333333333,0.38095238095238093,1.0,0.49411764705882355,0.7843137254901961,0.03827751196172249,0.0,0.38268031849431083,0.2388957079142658,0.06142820651202729
0.8029761904761905,0.0,0.8470588235294118,0.0,0.0,0.5411764705882353,0.0,0.0,0.0,0.0,0.36409660676800104,0.2606853737400502,0.061830499129058164
0.4190476190476191,0.0,0.0784313725490196,0.0,0.0,0.0,0.0,0.0,0.0,0.0,0.1956994982468579,0.3699686246294409,0.0
0.4815476190476191,0.0,0.5254901960784314,0.9791666666666666,0.503968253968254,0.0784313725490196,0.06666666666666667,0.12549019607843137,0.0,0.0784313725490196,0.38268031849431083,0.23164716424970658,0.045075725330698285
0.4190476190476191,0.0,0.0784313725490196,0.0,0.0,0.0,0.0,0.0,0.0,0.0,0.29608191096586517,0.21100796447159195,0.0
0.0,0.0,0.0,0.0,0.0,0.0,0.0,0.0,0.0,0.0,0.776908203395359,0.0398492278236016,0.0
0.7148809523809524,0.0,0.16078431372549018,0.203125,0.15476190476190477,0.13725490196078433,0.0,0.0,0.0,0.6039215686274509,0.23463936301137822,0.3032199060335919,0.0
0.6470238095238096,0.0,0.0,0.3333333333333333,0.38095238095238093,1.0,0.49411764705882355,0.580392156862745,0.043062200956937795,0.0,0.36409660676800104,0.23902927312022604,0.10603634198508582
0.23750000000000002,0.0,0.996078431372549,0.4739583333333333,0.0,0.0,0.0,0.2549019607843137,0.0,0.0,0.29608191096586517,0.23958958327849778,0.08626978094876307
0.4815476190476191,0.0,0.25098039215686274,0.9947916666666666,0.503968253968254,0.0784313725490196,0.06666666666666667,0.12549019607843137,0.0,0.0784313725490196,0.38268031849431083,0.23675596215115716,0.09173828639682508
0.2017857142857143,0.0,0.0,0.171875,0.06349206349206349,1.0,0.0,1.0,0.0,0.0,0.36409660676800104,0.22392702137977907,0.0
0.0,0.0,0.0,0.0,0.0,0.0,0.0,0.0,0.0,0.0,0.38268031849431083,0.03997643700809555,0.0
0.0011904761904761906,0.0,0.0,0.0,0.0,0.0,0.0,0.011764705882352941,0.06698564593301436,0.47058823529411764,0.38268031849431083,0.24723490924142894,0.09622362556602224
0.0011904761904761906,0.0,0.0,0.0,0.0,0.0,0.0,0.03137254901960784,0.028708133971291863,0.11764705882352941,0.38268031849431083,0.24545462580747032,0.11709176815041666
0.6470238095238096,0.0,0.0,0.3333333333333333,0.38095238095238093,1.0,0.49411764705882355,0.6313725490196078,0.043062200956937795,0.0,0.34374045372979056,0.23875764598050256,0.09114836801191872
0.0011904761904761906,0.0,0.0,0.0,0.0,0.0,0.0,0.0196078431372549,0.03349282296650718,0.2196078431372549,0.36409660676800104,0.2272628273446776,0.05432803153421522
0.2017857142857143,0.0,0.0,0.171875,0.06349206349206349,1.0,0.0,1.0,0.0,0.0,0.36409660676800104,0.24333314775452256,0.0
0.0011904761904761906,0.0,0.0,0.0,0.0,0.0,0.0,0.0,0.043062200956937795,1.0,0.36409660676800104,0.22942460964747735,0.15232131956765754
0.4815476190476191,0.0,0.5254901960784314,0.9583333333333333,0.503968253968254,0.0784313725490196,0.06666666666666667,0.12549019607843137,0.0,0.0784313725490196,0.36409660676800104,0.23966020310345695,0.043612396678005066
0.6476190476190476,0.0,1.0,0.0,0.0,0.0,1.0,0.5568627450980392,0.043062200956937795,0.0,0.36409660676800104,0.2450906662762704,0.11107620374676473
0.0011904761904761906,0.0,0.0,0.0,0.0,0.0,0.0,0.03529411764705882,0.057416267942583726,0.5019607843137255,0.36409660676800104,0.24736567121167072,0.10298055314052416
0.4815476190476191,0.0,0.25098039215686274,0.953125,0.503968253968254,0.0784313725490196,0.06666666666666667,0.12549019607843137,0.0,0.0784313725490196,0.36409660676800104,0.240072222085585,0.06629502159788453
0.36190476190476195,0.0,0.09411764705882353,0.171875,0.13095238095238093,0.18823529411764706,0.03137254901960784,0.5607843137254902,0.5358851674641149,0.1568627450980392,0.38268031849431083,0.23083704098643817,0.22194086434689145
0.0,0.0,0.0,0.0,0.0,0.0,0.0,0.0,0.0,0.0,0.7191801482366135,0.24902092805503748,0.0
0.4702380952380953,0.0,0.0196078431372549,0.171875,0.20634920634920634,0.0392156862745098,0.12941176470588234,0.11764705882352941,0.0,0.43529411764705883,0.38268031849431083,0.23881375672928648,0.23970449830676285
0.4190476190476191,0.0,0.0784313725490196,0.0,0.0,0.0,0.0,0.0,0.0,0.0,0.38268031849431083,0.238658295597298,0.0
0.0011904761904761906,0.0,0.0,0.0,0.0,0.0,0.0,0.011764705882352941,0.06220095693779904,0.37254901960784315,0.38268031849431083,0.21974144301707002,0.10120490957594551
0.6476190476190476,0.0,1.0,0.0,0.0,0.0,1.0,0.8156862745098039,0.03827751196172249,0.0,0.36409660676800104,0.239381713354071,0.06950282791125065
0.18095238095238098,0.0,0.07450980392156863,0.6666666666666666,0.0,1.0,0.054901960784313725,0.5019607843137255,0.004784688995215311,0.5607843137254902,0.38268031849431083,0.2291967497895297,0.12847965838396191
0.36190476190476195,0.0,0.09803921568627451,0.171875,0.13095238095238093,0.18823529411764706,0.03137254901960784,0.5568627450980392,0.5167464114832536,0.10196078431372549,0.36409660676800104,0.24330634116972807,0.16622807350447674
0.1904761904761905,0.0,0.0,0.0,0.0,0.0,0.01568627450980392,0.0,0.15789473684210525,0.5882352941176471,0.36409660676800104,0.22722163022459146,0.1892997588724049
0.4,0.0,0.26666666666666666,0.0,0.611111111111111,0.11372549019607843,0.592156862745098,0.00784313725490196,0.9043062200956937,0.0,0.29608191096586517,0.2450987687351355,0.0391451422959784
0.1904761904761905,0.0,0.3137254901960784,0.0,0.0,0.0,0.023529411764705882,0.2,0.18181818181818182,0.7058823529411764,0.29608191096586517,0.19271308757251984,0.40830850413828396
0.4815476190476191,0.0,0.8627450980392157,0.9739583333333333,0.503968253968254,0.0784313725490196,0.06666666666666667,0.12549019607843137,0.0,0.0784313725490196,0.38268031849431083,0.23497590639682786,0.08173320827089746
0.5047619047619049,0.0,0.0196078431372549,0.16666666666666666,0.07936507936507936,0.40784313725490196,0.4745098039215686,0.0,0.0,0.12549019607843137,0.36409660676800104,0.24186261142182996,0.20315547476994333
0.18095238095238098,0.0,0.07450980392156863,0.6666666666666666,0.0,1.0,0.047058823529411764,0.5019607843137255,0.009569377990430622,0.6705882352941176,0.38268031849431083,0.24637474608271673,0.13554017041936398
0.7523809523809525,0.0,0.0,0.0,0.0,0.5019607843137255,0.0,0.4117647058823529,1.0,0.07450980392156863,0.26756254955818887,0.3031294704662473,0.0
0.0,0.0,0.0,0.0,0.0,0.0,0.0,0.0,0.0,0.0,0.6696724341609238,0.04130241299151892,0.0
0.0,0.0,0.0,0.0,0.0,0.0,0.0,0.0,0.0,0.0,0.813019179752547,0.04030958998714853,0.0
0.6476190476190476,0.0,1.0,0.0,0.0,0.0,1.0,0.5058823529411764,0.043062200956937795,0.0,0.36409660676800104,0.2370045394159586,0.12526570320364885
0.8029761904761905,0.0,0.8470588235294118,0.47916666666666663,0.0,0.5411764705882353,0.0,0.0,0.0,0.0,0.36409660676800104,0.26335136284747307,0.12422804534928607
0.18154761904761907,0.0,0.0,0.6666666666666666,0.0,0.0,0.19607843137254902,0.4980392156862745,0.04784688995215311,0.8588235294117647,0.34374045372979056,0.3034185756464928,0.17242472700841113
0.4190476190476191,0.0,0.0784313725490196,0.0,0.0,0.0,0.0,0.0,0.0,0.0,0.38268031849431083,0.23872310056707488,0.0
0.18095238095238098,0.0,0.054901960784313725,0.6666666666666666,0.0,1.0,0.14901960784313725,0.5019607843137255,0.023923444976076555,0.596078431372549,0.1480409554829326,0.38216337964862285,0.11020536864558991
0.0,0.0,0.0,0.0,0.0,0.0,0.0,0.0,0.0,0.0,0.6649782242696144,0.04010348389204519,0.0
0.4702380952380953,0.0,0.0196078431372549,0.17708333333333331,0.5079365079365079,0.03529411764705882,0.13333333333333333,0.12941176470588234,0.0,0.43137254901960786,0.36409660676800104,0.23998270493938736,0.17564737840281175
0.0011904761904761906,0.0,0.0,0.0,0.0,0.0,0.0,0.011764705882352941,0.057416267942583726,0.2588235294117647,0.38268031849431083,0.24719128373196167,0.1083028929388387
0.6380952380952382,0.0,0.0,0.0,0.0,0.0,0.0,0.0,0.0,0.0,0.08659840752844564,0.36955332504272,0.0
0.0011904761904761906,0.0,0.0,0.0,0.0,0.0,0.0,0.0,0.07177033492822966,0.6941176470588235,0.36409660676800104,0.22163085944071273,0.16109143657044747
0.8029761904761905,0.0,0.8470588235294118,0.0,0.0,0.5372549019607843,0.0,0.0,0.0,0.0,0.36409660676800104,0.23995498093436157,0.04906614384407297
0.29583333333333334,0.0,0.03137254901960784,0.0,0.0,0.0,0.0,0.0,0.0,0.0,0.26756254955818887,0.30286220601518465,0.0
0.0,0.0,0.0,0.0,0.0,0.0,0.0,0.0,0.0,0.0,0.7191801482366135,0.04011935336139914,0.0
0.4,0.0,0.01568627450980392,0.0,0.611111111111111,0.11372549019607843,0.592156862745098,0.00784313725490196,0.9043062200956937,0.0,0.36409660676800104,0.24216764014149256,0.07936191258484337
0.1904761904761905,0.0,0.0,0.0,0.0,0.0,0.07058823529411765,0.13725490196078433,0.15789473684210525,0.16470588235294117,0.38268031849431083,0.2373445020182711,0.1615545421288887
0.4702380952380953,0.0,0.0196078431372549,0.171875,0.25396825396825395,0.0392156862745098,0.12941176470588234,0.11764705882352941,0.0,0.43529411764705883,0.36409660676800104,0.2396152690099523,0.22982401188139656
0.7148809523809524,0.0,0.16078431372549018,0.203125,0.15476190476190477,0.13725490196078433,0.0,0.0,0.0,0.6039215686274509,0.26756254955818887,0.3027339817639386,0.0
0.5047619047619049,0.0,0.0196078431372549,0.16666666666666666,0.5238095238095237,0.40784313725490196,0.4588235294117647,0.0,0.0,0.7372549019607844,0.38268031849431083,0.23721742606263418,0.06429436895109483
0.4815476190476191,0.0,0.5254901960784314,0.9895833333333333,0.503968253968254,0.0784313725490196,0.06666666666666667,0.12549019607843137,0.0,0.0784313725490196,0.38268031849431083,0.23740141450245222,0.07043652864832402
0.0,0.0,0.0,0.0,0.0,0.0,0.0,0.0,0.0,0.0,0.5022019125695671,0.18528196456697732,0.0
0.18095238095238098,0.0,0.07450980392156863,0.6666666666666666,0.0,1.0,0.01568627450980392,0.5019607843137255,0.03827751196172249,0.4588235294117647,0.38268031849431083,0.24754963575241262,0.07831656805048542
0.4815476190476191,0.0,0.047058823529411764,0.9947916666666666,0.503968253968254,0.0784313725490196,0.06666666666666667,0.12549019607843137,0.0,0.0784313725490196,0.36409660676800104,0.2470006938901126,0.11862917377081146
0.4815476190476191,0.0,0.5254901960784314,0.9947916666666666,0.503968253968254,0.0784313725490196,0.06666666666666667,0.12549019607843137,0.0,0.0784313725490196,0.36409660676800104,0.24063306608369062,0.08255974293744939
0.5238095238095238,0.0,0.0,0.16666666666666666,0.0,0.0,0.0,0.0,0.0,0.0,0.38268031849431083,0.23880296865590298,0.0
0.4190476190476191,0.0,0.0784313725490196,0.0,0.0,0.0,0.0,0.0,0.0,0.0,0.36409660676800104,0.2433249003431696,0.0
0.7148809523809524,0.0,0.16078431372549018,0.203125,0.15476190476190477,0.13725490196078433,0.0,0.0,0.0,0.6039215686274509,0.23463936301137822,0.30322894507466974,0.0
0.2017857142857143,0.0,0.0,0.171875,0.06349206349206349,1.0,0.0,1.0,0.0,0.0,0.38268031849431083,0.22143581661568829,0.0
0.23750000000000002,0.0,0.996078431372549,0.484375,0.0,0.0,0.0,0.23529411764705882,0.0,0.0,0.38268031849431083,0.23781414973455464,0.09303536661017572
0.4190476190476191,0.0,0.0784313725490196,0.0,0.0,0.0,0.0,0.0,0.0,0.0,0.36409660676800104,0.2386410071467822,0.0
0.0011904761904761906,0.0,0.0,0.0,0.0,0.0,0.0,0.03529411764705882,0.004784688995215311,0.00392156862745098,0.23463936301137822,0.22938429743622807,0.1817425273206338
0.8029761904761905,0.0,0.8470588235294118,0.0,0.0,0.5333333333333333,0.0,0.0,0.0,0.0,0.38268031849431083,0.23739047231984453,0.03589768241871075
0.1904761904761905,0.0,0.0,0.0,0.0,0.0,0.00784313725490196,0.07058823529411765,0.18181818181818182,0.9254901960784314,0.38268031849431083,0.2549660803307141,0.16062648396617277
0.5047619047619049,0.0,0.0196078431372549,0.16666666666666666,0.2698412698412698,0.40784313725490196,0.47058823529411764,0.0,0.0,0.44313725490196076,0.36409660676800104,0.23914760861490234,0.11725325522686911
0.5238095238095238,0.0,0.0,0.16666666666666666,0.0,0.0,0.0,0.0,0.0,0.0,0.38268031849431083,0.23874037477184537,0.0
0.1904761904761905,0.0,0.0,0.0,0.0,0.0,0.07058823529411765,0.14509803921568626,0.16746411483253587,0.6470588235294118,0.23463936301137822,0.22942460964747735,0.1264418528978394
0.18095238095238098,0.0,0.058823529411764705,0.6666666666666666,0.0,1.0,0.16470588235294117,0.5019607843137255,0.019138755980861243,0.8235294117647058,0.36409660676800104,0.24710993061121564,0.14241017107152085
0.6380952380952382,0.0,0.0,0.0,0.0,0.0,0.0,0.0,0.0,0.0,0.1956994982468579,0.3035920870043366,0.0
0.0,0.0,0.0,0.0,0.0,0.0,0.0,0.0,0.0,0.0,0.6231714983085562,0.03924275497658138,0.0
0.4702380952380953,0.0,0.0196078431372549,0.18229166666666666,0.6825396825396826,0.03529411764705882,0.13725490196078433,0.12941176470588234,0.0,0.43529411764705883,0.36409660676800104,0.2398589535771002,0.25403277666930557
0.5047619047619049,0.0,0.0196078431372549,0.16666666666666666,0.015873015873015872,0.40784313725490196,0.4627450980392157,0.0,0.0,0.24705882352941178,0.38268031849431083,0.2247429347282554,0.12382796658345042
0.36190476190476195,0.0,0.09803921568627451,0.171875,0.13095238095238093,0.18823529411764706,0.03137254901960784,0.5568627450980392,0.5215311004784688,0.03137254901960784,0.38268031849431083,0.23585546620196096,0.18886280090529362
0.1904761904761905,0.0,0.0,0.0,0.0,0.0,0.01568627450980392,0.12549019607843137,0.15789473684210525,0.8901960784313725,0.38268031849431083,0.23866693869709454,0.1747378554221829
0.6380952380952382,0.0,0.0,0.0,0.0,0.0,0.0,0.0,0.0,0.0,0.23463936301137822,0.30322781523940545,0.0
0.5238095238095238,0.0,0.0,0.16666666666666666,0.0,0.0,0.0,0.0,0.0,0.0,0.1956994982468579,0.2993831283673332,0.0
0.5047619047619049,0.0,0.0196078431372549,0.16666666666666666,0.7142857142857142,0.40784313725490196,0.4549019607843137,0.0,0.0,0.5529411764705883,0.36409660676800104,0.2391927541866922,0.09442729961717208
0.5238095238095238,0.0,0.0,0.16666666666666666,0.0,0.0,0.0,0.0,0.0,0.0,0.38268031849431083,0.24515141865386372,0.0
0.4190476190476191,0.0,0.0784313725490196,0.0,0.0,0.0,0.0,0.0,0.0,0.0,0.3212377705398239,0.2366810473875664,0.0
0.4190476190476191,0.0,0.0784313725490196,0.0,0.0,0.0,0.0,0.0,0.0,0.0,0.08659840752844564,0.4476921160501676,0.0
0.4702380952380953,0.0,0.0196078431372549,0.171875,0.47619047619047616,0.03529411764705882,0.12941176470588234,0.12941176470588234,0.0,0.43529411764705883,0.29608191096586517,0.23206593033179843,0.18476924437563144
0.2017857142857143,0.0,0.0,0.171875,0.06349206349206349,1.0,0.0,1.0,0.0,0.0,0.38268031849431083,0.23407040784418448,0.0
0.4,0.0,0.26666666666666666,0.0,0.611111111111111,0.11372549019607843,0.592156862745098,0.00784313725490196,0.9043062200956937,0.0,0.38268031849431083,0.24060764158546138,0.0391451422959784
0.5238095238095238,0.0,0.0,0.16666666666666666,0.0,0.0,0.0,0.0,0.0,0.0,0.23463936301137822,0.30196000512969984,0.0
0.0011904761904761906,0.0,0.0,0.0,0.0,0.0,0.0,0.00392156862745098,0.043062200956937795,0.7019607843137254,0.38268031849431083,0.22185622225922152,0.10121091085220908
0.4,0.0,0.39215686274509803,0.0,0.611111111111111,0.11372549019607843,0.592156862745098,0.00784313725490196,0.9043062200956937,0.0,0.38268031849431083,0.24480260101839388,0.07945982888469613
0.7148809523809524,0.0,0.16078431372549018,0.203125,0.15476190476190477,0.13725490196078433,0.0,0.0,0.0,0.6039215686274509,0.23463936301137822,0.30330461484968674,0.0
0.4702380952380953,0.0,0.0196078431372549,0.18229166666666666,0.12698412698412698,0.0392156862745098,0.13725490196078433,0.12156862745098039,0.0,0.43529411764705883,0.3212377705398239,0.23184172775177914,0.2592665225173058
0.0,0.0,0.0,0.0,0.0,0.0,0.0,0.0,0.0,0.0,0.5853829999567598,0.04011935336139914,0.0
0.5238095238095238,0.0,0.0,0.16666666666666666,0.0,0.0,0.0,0.0,0.0,0.0,0.1480409554829326,0.3891177014378749,0.0
0.0,0.0,0.0,0.0,0.0,0.0,0.0,0.0,0.0,0.0,0.43033886125823617,0.18726028987016838,0.0
0.6380952380952382,0.0,0.0,0.0,0.0,0.0,0.0,0.0,0.0,0.0,0.23463936301137822,0.30318035057866477,0.0
0.18154761904761907,0.0,0.9333333333333333,0.6614583333333333,0.0,0.0,0.2588235294117647,0.4980392156862745,0.023923444976076555,0.18823529411764706,0.36409660676800104,0.22937718182220584,0.17855583837932462
0.2017857142857143,0.0,0.0,0.171875,0.06349206349206349,1.0,0.0,1.0,0.0,0.0,0.38268031849431083,0.25286753214383334,0.0
0.0,0.0,0.0,0.0,0.0,0.0,0.0,0.0,0.0,0.0,0.7740793149880266,0.039769639480624175,0.0
0.23750000000000002,0.0,0.996078431372549,0.4375,0.0,0.0,0.0,0.23529411764705882,0.0,0.0,0.36409660676800104,0.23922928561684445,0.12063222939173024
0.09583333333333334,0.0,0.4980392156862745,0.7135416666666666,0.0,0.0,0.1411764705882353,0.0,0.0,0.0,0.08659840752844564,0.4594550755353354,0.0629141884826882
0.5047619047619049,0.0,0.0196078431372549,0.16666666666666666,0.5873015873015872,0.40784313725490196,0.4627450980392157,0.0,0.0,0.6862745098039216,0.38268031849431083,0.23799486463305225,0.05488571148054228
0.5047619047619049,0.0,0.0196078431372549,0.16666666666666666,0.3333333333333333,0.40784313725490196,0.4627450980392157,0.0,0.0,0.43529411764705883,0.38268031849431083,0.2396880092893194,0.050896589322375015
0.29583333333333334,0.0,0.03137254901960784,0.0,0.0,0.0,0.0,0.0,0.0,0.0,0.23463936301137822,0.3032379832953153,0.0
0.8029761904761905,0.0,0.8470588235294118,0.0,0.0,0.5372549019607843,0.0,0.0,0.0,0.0,0.38268031849431083,0.238296775057245,0.04906614384407297
0.0,0.0,0.0,0.0,0.0,0.0,0.0,0.0,0.0,0.0,0.8397512675310609,0.03964216567148568,0.0
0.0,0.0,0.0,0.0,0.0,0.0,0.0,0.0,0.0,0.0,0.7878633201785883,0.040499463871658384,0.0
0.2017857142857143,0.0,0.0,0.171875,0.06349206349206349,1.0,0.0,1.0,0.0,0.0,0.36409660676800104,0.24318458973754947,0.0
0.0,0.0,0.0,0.0,0.0,0.0,0.0,0.0,0.0,0.0,0.5478166315806011,0.1856837292513475,0.0
0.36190476190476195,0.0,0.09803921568627451,0.171875,0.13095238095238093,0.18823529411764706,0.03137254901960784,0.5607843137254902,0.5167464114832536,0.16470588235294117,0.1480409554829326,0.42376892663007854,0.1910863387888626
0.4815476190476191,0.0,0.047058823529411764,0.96875,0.503968253968254,0.0784313725490196,0.06666666666666667,0.12549019607843137,0.0,0.0784313725490196,0.38268031849431083,0.23937313207542107,0.05989126348824796
0.4702380952380953,0.0,0.0196078431372549,0.17708333333333331,0.42857142857142855,0.03529411764705882,0.13333333333333333,0.12941176470588234,0.0,0.43529411764705883,0.38268031849431083,0.2364890967142795,0.12045413370535346
0.23750000000000002,0.0,0.996078431372549,0.47916666666666663,0.0,0.0,0.0,0.23529411764705882,0.0,0.0,0.38268031849431083,0.2386410071467822,0.07819619029941431
0.4,0.0,0.39215686274509803,0.0,0.615079365079365,0.11372549019607843,0.592156862745098,0.00784313725490196,0.9043062200956937,0.0,0.38268031849431083,0.23856749772731836,0.178099819924373
0.18095238095238098,0.0,0.07058823529411765,0.6666666666666666,0.0,1.0,0.043137254901960784,0.5019607843137255,0.014354066985645932,0.3803921568627451,0.1956994982468579,0.17766673988543427,0.12555420801448475
0.1904761904761905,0.0,0.0,0.0,0.0,0.0,0.0392156862745098,0.0,0.18181818181818182,0.8,0.38268031849431083,0.24829192252516968,0.15262493168667826
0.4,0.0,0.1411764705882353,0.0,0.611111111111111,0.11372549019607843,0.592156862745098,0.00784313725490196,0.9043062200956937,0.0,0.36409660676800104,0.2396858706275907,0.03903726011546839
0.0,0.0,0.0,0.0,0.0,0.0,0.0,0.0,0.0,0.0,0.5307212739772434,0.18401823699118527,0.0
0.0,0.0,0.0,0.0,0.0,0.0,0.0,0.0,0.0,0.0,0.46927872602275644,0.040436212796012436,0.0
0.0,0.0,0.0,0.0,0.0,0.0,0.0,0.0,0.0,0.0,0.8106328090901023,0.03943467205687737,0.0
0.7523809523809525,0.0,0.0,0.0,0.0,0.5019607843137255,0.0,0.4117647058823529,1.0,0.07450980392156863,0.23463936301137822,0.3048260742571392,0.0
0.4190476190476191,0.0,0.0784313725490196,0.0,0.0,0.0,0.0,0.0,0.0,0.0,0.38268031849431083,0.2360708210022491,0.0
0.29583333333333334,0.0,0.03137254901960784,0.0,0.0,0.0,0.0,0.0,0.0,0.0,0.26756254955818887,0.3031486948976991,0.0
0.4702380952380953,0.0,0.0196078431372549,0.171875,0.49206349206349204,0.03529411764705882,0.12941176470588234,0.12941176470588234,0.0,0.43529411764705883,0.38268031849431083,0.23744735854382507,0.18846694393317856
0.4190476190476191,0.0,0.0784313725490196,0.0,0.0,0.0,0.0,0.0,0.0,0.0,0.38268031849431083,0.23871230266716764,0.0
0.8029761904761905,0.0,0.8470588235294118,0.0,0.0,0.5372549019607843,0.0,0.0,0.0,0.0,0.36409660676800104,0.23645154585820477,0.04906614384407297
0.18154761904761907,0.0,0.054901960784313725,0.6666666666666666,0.0,0.0,0.20392156862745098,0.4980392156862745,0.03349282296650718,0.3686274509803922,0.36409660676800104,0.2293961556631232,0.11918470237722209
0.5238095238095238,0.0,0.0,0.16666666666666666,0.0,0.0,0.0,0.0,0.0,0.0,0.38268031849431083,0.23867558104675723,0.0
0.4190476190476191,0.0,0.0784313725490196,0.0,0.0,0.0,0.0,0.0,0.0,0.0,0.08659840752844564,0.4237392891044265,0.0
0.4,0.0,0.01568627450980392,0.0,0.611111111111111,0.11372549019607843,0.592156862745098,0.00784313725490196,0.9043062200956937,0.0,0.36409660676800104,0.2409355428133653,0.07936191258484337
0.2017857142857143,0.0,0.0,0.171875,0.06349206349206349,1.0,0.0,1.0,0.0,0.0,0.38268031849431083,0.23419252178495714,0.0
0.6380952380952382,0.0,0.0,0.0,0.0,0.0,0.0,0.0,0.0,0.0,0.26756254955818887,0.3031238155152977,0.0
0.4190476190476191,0.0,0.0784313725490196,0.0,0.0,0.0,0.0,0.0,0.0,0.0,0.36409660676800104,0.23868638292915811,0.0
0.5238095238095238,0.0,0.0,0.16666666666666666,0.0,0.0,0.0,0.0,0.0,0.0,0.38268031849431083,0.24355762719358645,0.0
0.4702380952380953,0.0,0.0196078431372549,0.18229166666666666,0.5079365079365079,0.03529411764705882,0.13725490196078433,0.12941176470588234,0.0,0.43529411764705883,0.36409660676800104,0.23796658154201908,0.21792024185566736
0.18154761904761907,0.0,0.0196078431372549,0.6666666666666666,0.0,0.0,0.22745098039215686,0.4980392156862745,0.03827751196172249,0.8509803921568627,0.38268031849431083,0.2552500138588885,0.1393888408902281
0.6476190476190476,0.0,1.0,0.0,0.0,0.0,1.0,0.49019607843137253,0.043062200956937795,0.0,0.34374045372979056,0.22968505966936054,0.12953608376282685
0.5047619047619049,0.0,0.0196078431372549,0.16666666666666666,0.4603174603174603,0.40784313725490196,0.4627450980392157,0.0,0.0,0.30980392156862746,0.38268031849431083,0.23868638292915811,0.0508676210318301
0.1904761904761905,0.0,0.0,0.0,0.0,0.0,0.0392156862745098,0.12941176470588234,0.19138755980861244,0.3254901960784314,0.38268031849431083,0.2538444454542491,0.07093186305961137
0.0,0.0,0.0,0.0,0.0,0.0,0.0,0.0,0.0,0.0,0.6601785177338662,0.18831554604876072,0.0
0.4815476190476191,0.0,0.047058823529411764,0.96875,0.503968253968254,0.0784313725490196,0.06666666666666667,0.12549019607843137,0.0,0.0784313725490196,0.36409660676800104,0.23940959740357304,0.05989126348824796
0.0,0.0,0.0,0.0,0.0,0.0,0.0,0.0,0.0,0.0,0.7499886843171251,0.28683848677442464,0.0
0.6476190476190476,0.0,1.0,0.0,0.0,0.0,1.0,0.7411764705882353,0.03827751196172249,0.0,0.36409660676800104,0.2386410071467822,0.045510454497029285
0.6470238095238096,0.0,0.0,0.3333333333333333,0.38095238095238093,1.0,0.49411764705882355,0.5137254901960784,0.043062200956937795,0.0,0.38268031849431083,0.23858696138469385,0.12473435644690886
0.0,0.0,0.0,0.0,0.0,0.0,0.0,0.0,0.0,0.0,0.6502428680524998,0.18535580438883553,0.0
0.2017857142857143,0.0,0.0,0.171875,0.06349206349206349,1.0,0.0,1.0,0.0,0.0,0.38268031849431083,0.24330634116972807,0.0
0.29583333333333334,0.0,0.03137254901960784,0.0,0.0,0.0,0.0,0.0,0.0,0.0,0.23463936301137822,0.30327977439804893,0.0
0.6470238095238096,0.0,0.0,0.3333333333333333,0.38095238095238093,1.0,0.49411764705882355,0.9176470588235294,0.03827751196172249,0.0,0.36409660676800104,0.23875116962829712,0.10196612986324144
0.5047619047619049,0.0,0.0196078431372549,0.16666666666666666,0.3968253968253968,0.40784313725490196,0.4627450980392157,0.0,0.0,0.37254901960784315,0.38268031849431083,0.23882238634656536,0.050882105429266
0.1904761904761905,0.0,0.0,0.0,0.0,0.0,0.0392156862745098,0.12549019607843137,0.16746411483253587,0.8156862745098039,0.08659840752844564,0.20391839299796397,0.12389531247817157
0.23750000000000002,0.0,0.996078431372549,0.46875,0.0,0.0,0.0,0.2549019607843137,0.0,0.0,0.38268031849431083,0.23766803183973706,0.07118281869104108
0.4702380952380953,0.0,0.0196078431372549,0.17708333333333331,0.015873015873015872,0.0392156862745098,0.13333333333333333,0.11764705882352941,0.0,0.43529411764705883,0.38268031849431083,0.23749109507457059,0.23629310030017628
0.6380952380952382,0.0,0.0,0.0,0.0,0.0,0.0,0.0,0.0,0.0,0.26756254955818887,0.3030434805350286,0.0
0.2017857142857143,0.0,0.0,0.171875,0.06349206349206349,1.0,0.0,1.0,0.0,0.0,0.38268031849431083,0.23408850825036076,0.0
0.6380952380952382,0.0,0.0,0.0,0.0,0.0,0.0,0.0,0.0,0.0,0.26756254955818887,0.30320973613152086,0.0
0.4190476190476191,0.0,0.0784313725490196,0.0,0.0,0.0,0.0,0.0,0.0,0.0,0.38268031849431083,0.23862155405145374,0.0
0.5047619047619049,0.0,0.0196078431372549,0.16666666666666666,0.8412698412698412,0.40784313725490196,0.4627450980392157,0.0,0.0,0.9372549019607843,0.38268031849431083,0.2372897477835949,0.1271660977148337
0.2017857142857143,0.0,0.0,0.171875,0.06349206349206349,1.0,0.0,1.0,0.0,0.0,0.38268031849431083,0.24474163538886648,0.0
0.7148809523809524,0.0,0.16078431372549018,0.203125,0.15476190476190477,0.13725490196078433,0.0,0.0,0.0,0.6039215686274509,0.26756254955818887,0.30315208705918706,0.0
0.0,0.0,0.0,0.0,0.0,0.0,0.0,0.0,0.0,0.0,0.6649782242696144,0.1851230232947783,0.0
0.0011904761904761906,0.0,0.0,0.0,0.0,0.0,0.0,0.023529411764705882,0.04784688995215311,0.42745098039215684,0.38268031849431083,0.25352483470579834,0.05546104856637936
0.0011904761904761906,0.0,0.0,0.0,0.0,0.0,0.0,0.0,0.06220095693779904,0.5450980392156862,0.36409660676800104,0.2294957090572206,0.12619330292049072
0.4815476190476191,0.0,0.5254901960784314,0.9895833333333333,0.503968253968254,0.0784313725490196,0.06666666666666667,0.12549019607843137,0.0,0.0784313725490196,0.36409660676800104,0.23988456992829213,0.07043652864832402
0.4190476190476191,0.0,0.0784313725490196,0.0,0.0,0.0,0.0,0.0,0.0,0.0,0.38268031849431083,0.2386690993548302,0.0
1.0,0.0,0.0,0.0,0.0,0.0,0.6274509803921569,0.13333333333333333,0.0,0.0,0.0,0.45967415045549687,0.04907945341653401
0.36190476190476195,0.0,0.09803921568627451,0.171875,0.13095238095238093,0.18823529411764706,0.03137254901960784,0.5568627450980392,0.5167464114832536,0.10196078431372549,0.36409660676800104,0.2402871606391695,0.16622807350447674
0.7523809523809525,0.0,0.0,0.0,0.0,0.5019607843137255,0.0,0.4117647058823529,1.0,0.07450980392156863,0.23463936301137822,0.30199890436384486,0.0
0.8029761904761905,0.0,0.8470588235294118,0.0,0.0,0.5372549019607843,0.0,0.0,0.0,0.0,0.38268031849431083,0.23805140672677716,0.04906614384407297
0.4190476190476191,0.0,0.0784313725490196,0.0,0.0,0.0,0.0,0.0,0.0,0.0,0.36409660676800104,0.24173908081354475,0.0
0.18095238095238098,0.0,0.07058823529411765,0.6666666666666666,0.0,1.0,0.20784313725490194,0.5019607843137255,0.028708133971291863,0.16078431372549018,0.36409660676800104,0.26869430811437817,0.10973957542862009
0.8029761904761905,0.0,0.8470588235294118,0.0,0.0,0.5411764705882353,0.0,0.0,0.0,0.0,0.38268031849431083,0.23983973698822533,0.061830499129058164
0.23750000000000002,0.0,0.996078431372549,0.484375,0.0,0.0,0.0,0.23529411764705882,0.0,0.0,0.36409660676800104,0.23971366964795743,0.09303536661017572
0.6476190476190476,0.0,1.0,0.0,0.0,0.0,1.0,0.5647058823529412,0.043062200956937795,0.0,0.36409660676800104,0.245125097174208,0.10884959626265903
0.5047619047619049,0.0,0.0196078431372549,0.16666666666666666,0.9047619047619047,0.40784313725490196,0.4588235294117647,0.0,0.0,0.8627450980392157,0.26756254955818887,0.23861290701131685,0.13511192072082245
0.5047619047619049,0.0,0.0196078431372549,0.16666666666666666,0.5238095238095237,0.40784313725490196,0.4745098039215686,0.0,0.0,0.6901960784313725,0.36409660676800104,0.23986535828271802,0.13194756228130936
0.7148809523809524,0.0,0.16078431372549018,0.203125,0.15476190476190477,0.13725490196078433,0.0,0.0,0.0,0.6039215686274509,0.23463936301137822,0.3032617047221393,0.0
0.7523809523809525,0.0,0.0,0.0,0.0,0.5019607843137255,0.0,0.4117647058823529,1.0,0.07450980392156863,0.23463936301137822,0.30328993714997726,0.0
0.4190476190476191,0.0,0.0784313725490196,0.0,0.0,0.0,0.0,0.0,0.0,0.0,0.38268031849431083,0.23885042743892992,0.0
0.6476190476190476,0.0,1.0,0.0,0.0,0.0,1.0,0.8156862745098039,0.03827751196172249,0.0,0.38268031849431083,0.23882238634656536,0.06950282791125065
0.0,0.0,0.0,0.0,0.0,0.0,0.0,0.0,0.0,0.0,0.8459423662993576,0.040182805960119077,0.0
0.0,0.0,0.0,0.0,0.0,0.0,0.0,0.0,0.0,0.0,0.6601785177338662,0.03951452846848716,0.0
0.5238095238095238,0.0,0.0,0.16666666666666666,0.0,0.0,0.0,0.0,0.0,0.0,0.36409660676800104,0.2386042592202315,0.0
0.29583333333333334,0.0,0.03137254901960784,0.0,0.0,0.0,0.0,0.0,0.0,0.0,0.26756254955818887,0.3030344246422039,0.0
1.0,0.0,0.0,0.0,0.0,0.0,0.6274509803921569,0.13333333333333333,0.0,0.0,0.0,0.4596532510137304,0.04907945341653401
0.18154761904761907,0.0,0.0196078431372549,0.6666666666666666,0.0,0.0,0.2196078431372549,0.4980392156862745,0.07177033492822966,0.5372549019607843,0.38268031849431083,0.22934396889872544,0.15861004065726125
0.1904761904761905,0.0,0.0,0.0,0.0,0.0,0.10980392156862745,0.027450980392156862,0.1770334928229665,0.058823529411764705,0.36409660676800104,0.2293961556631232,0.21179978860464416
0.4702380952380953,0.0,0.0196078431372549,0.17708333333333331,0.4444444444444444,0.03529411764705882,0.13333333333333333,0.13333333333333333,0.0,0.43529411764705883,0.36409660676800104,0.22849566774976884,0.15029721224500414
0.5238095238095238,0.0,0.0,0.16666666666666666,0.0,0.0,0.0,0.0,0.0,0.0,0.36409660676800104,0.2384960984171576,0.0
0.4190476190476191,0.0,0.0784313725490196,0.0,0.0,0.0,0.0,0.0,0.0,0.0,0.36409660676800104,0.2384787817809751,0.0
0.0011904761904761906,0.0,0.0,0.0,0.0,0.0,0.0,0.03137254901960784,0.05263157894736842,0.6235294117647059,0.38268031849431083,0.2294269804458739,0.09879505461044888
0.4190476190476191,0.0,0.0784313725490196,0.0,0.0,0.0,0.0,0.0,0.0,0.0,0.38268031849431083,0.23818827956828473,0.0
0.36190476190476195,0.0,0.09803921568627451,0.17708333333333331,0.1349206349206349,0.18823529411764706,0.03137254901960784,0.5568627450980392,0.5358851674641149,0.08235294117647059,0.36409660676800104,0.23910244256618957,0.10726956916769993
0.8029761904761905,0.0,0.8470588235294118,0.4739583333333333,0.0,0.5450980392156862,0.0,0.0,0.0,0.0,0.36409660676800104,0.23943747364709342,0.13387758483053847
0.4702380952380953,0.0,0.0196078431372549,0.171875,0.25396825396825395,0.0392156862745098,0.12941176470588234,0.11764705882352941,0.0,0.43529411764705883,0.36409660676800104,0.242762467774096,0.22982401188139656
0.4,0.0,0.1411764705882353,0.0,0.611111111111111,0.11372549019607843,0.592156862745098,0.00784313725490196,0.9043062200956937,0.0,0.36409660676800104,0.2395531838135608,0.03903726011546839
0.5238095238095238,0.0,0.0,0.16666666666666666,0.0,0.0,0.0,0.0,0.0,0.0,0.38268031849431083,0.23858696138469385,0.0
0.36190476190476195,0.0,0.09411764705882353,0.171875,0.13095238095238093,0.18823529411764706,0.03137254901960784,0.5607843137254902,0.5263157894736842,0.16078431372549018,0.36409660676800104,0.24014462945251036,0.20617017396176843
0.5238095238095238,0.0,0.0,0.16666666666666666,0.0,0.0,0.0,0.0,0.0,0.0,0.38268031849431083,0.23775747272297662,0.0
0.0,0.0,0.0,0.0,0.0,0.0,0.0,0.0,0.0,0.0,0.6917103120481284,0.03943467205687737,0.0
0.09583333333333334,0.0,0.5019607843137255,0.7135416666666666,0.0,0.0,0.13333333333333333,0.0,0.0,0.0,0.0,0.4611122010789297,0.09399999808428774
0.7148809523809524,0.0,0.16078431372549018,0.203125,0.15476190476190477,0.13725490196078433,0.0,0.0,0.0,0.6039215686274509,0.26756254955818887,0.30322894507466974,0.0
0.36190476190476195,0.0,0.10588235294117647,0.18229166666666666,0.1388888888888889,0.18823529411764706,0.03137254901960784,0.5568627450980392,0.5167464114832536,0.0784313725490196,0.36409660676800104,0.23931948232293618,0.2465341998665473
0.6476190476190476,0.0,1.0,0.0,0.0,0.0,1.0,0.8117647058823529,0.03827751196172249,0.0,0.36409660676800104,0.2384960984171576,0.06827398375879708
0.18154761904761907,0.0,0.054901960784313725,0.6666666666666666,0.0,0.0,0.24705882352941178,0.4980392156862745,0.019138755980861243,0.9764705882352941,0.36409660676800104,0.3031475641515236,0.18432941803596867
0.36190476190476195,0.0,0.10196078431372549,0.17708333333333331,0.1388888888888889,0.18823529411764706,0.03137254901960784,0.5568627450980392,0.5167464114832536,0.2196078431372549,0.38268031849431083,0.23657960232750272,0.2015197255309595
0.1904761904761905,0.0,0.0,0.0,0.0,0.0,0.06274509803921569,0.16078431372549018,0.20095693779904306,0.1411764705882353,0.38268031849431083,0.24796182550317253,0.1384996993258782
0.4702380952380953,0.0,0.0196078431372549,0.17708333333333331,0.15873015873015872,0.0392156862745098,0.13333333333333333,0.12156862745098039,0.0,0.43529411764705883,0.23463936301137822,0.2686607402994293,0.183396706218259
0.0,0.0,0.0,0.0,0.0,0.0,0.0,0.0,0.0,0.0,0.6742656854342702,0.02809141776299695,0.0
0.6476190476190476,0.0,1.0,0.0,0.0,0.0,1.0,0.807843137254902,0.03827751196172249,0.0,0.36409660676800104,0.23896682137254638,0.06704149873653936
0.23750000000000002,0.0,0.996078431372549,0.4583333333333333,0.0,0.0,0.0,0.2549019607843137,0.0,0.0,0.38268031849431083,0.23688582769162908,0.08563671315738511
0.0,0.0,0.0,0.0,0.0,0.0,0.0,0.0,0.0,0.0,0.7878633201785883,0.040972570631572516,0.0
0.8029761904761905,0.0,0.8470588235294118,0.0,0.0,0.5411764705882353,0.0,0.0,0.0,0.0,0.38268031849431083,0.23897543773569235,0.061830499129058164
0.6470238095238096,0.0,0.0,0.3333333333333333,0.38095238095238093,1.0,0.49411764705882355,0.8392156862745098,0.03827751196172249,0.0,0.1956994982468579,0.30409625505224347,0.07860129244220064
0.18154761904761907,0.0,0.984313725490196,0.6614583333333333,0.0,0.0,0.19215686274509802,0.4980392156862745,0.06698564593301436,0.7137254901960784,0.38268031849431083,0.24745077232966564,0.20115852555193928
0.4190476190476191,0.0,0.0784313725490196,0.0,0.0,0.0,0.0,0.0,0.0,0.0,0.38268031849431083,0.2412728927374579,0.0
0.0011904761904761906,0.0,0.0,0.0,0.0,0.0,0.0,0.0,0.05263157894736842,0.7725490196078432,0.38268031849431083,0.22944594480129446,0.13946241702385262
0.4190476190476191,0.0,0.0784313725490196,0.0,0.0,0.0,0.0,0.0,0.0,0.0,0.36409660676800104,0.2505877973445391,0.0
0.4702380952380953,0.0,0.0196078431372549,0.18229166666666666,0.4444444444444444,0.03529411764705882,0.13725490196078433,0.13333333333333333,0.0,0.43137254901960786,0.38268031849431083,0.2380405357403349,0.2532505400103412
0.4190476190476191,0.0,0.0784313725490196,0.0,0.0,0.0,0.0,0.0,0.0,0.0,0.38268031849431083,0.23871230266716764,0.0
0.4815476190476191,0.0,0.8627450980392157,0.9583333333333333,0.503968253968254,0.0784313725490196,0.06666666666666667,0.12549019607843137,0.0,0.0784313725490196,0.1480409554829326,0.4373115725934259,0.09223403150485196
0.0,0.0,0.0,0.0,0.0,0.0,0.0,0.0,0.0,0.0,0.4156035050411214,0.1853594949430172,0.0
0.36190476190476195,0.0,0.09411764705882353,0.17708333333333331,0.1349206349206349,0.18823529411764706,0.03137254901960784,0.5607843137254902,0.5550239234449761,0.2,0.38268031849431083,0.24944647652501548,0.21769484646029993
0.4,0.0,0.1411764705882353,0.0,0.611111111111111,0.11372549019607843,0.592156862745098,0.00784313725490196,0.9043062200956937,0.0,0.38268031849431083,0.2256556864956335,0.03903726011546839
0.09523809523809525,0.0,0.34901960784313724,0.6614583333333333,0.9841269841269841,0.03529411764705882,0.0,0.12156862745098039,0.009569377990430622,0.0,0.0,0.4595714897148631,0.2879459261394055
0.6476190476190476,0.0,1.0,0.0,0.0,0.0,1.0,0.5294117647058824,0.043062200956937795,0.0,0.36409660676800104,0.24549700122973867,0.11877679210400552
0.29583333333333334,0.0,0.03137254901960784,0.0,0.0,0.0,0.0,0.0,0.0,0.0,0.26756254955818887,0.3031577404048898,0.0
0.6476190476190476,0.0,1.0,0.0,0.0,0.0,1.0,0.7764705882352941,0.03827751196172249,0.0,0.36409660676800104,0.23875980467097221,0.057047909371863825
0.23750000000000002,0.0,0.996078431372549,0.46875,0.0,0.0,0.0,0.2549019607843137,0.0,0.0,0.38268031849431083,0.23745610738690467,0.07118281869104108
0.6470238095238096,0.0,0.0,0.3333333333333333,0.38095238095238093,1.0,0.49411764705882355,0.6549019607843137,0.043062200956937795,0.0,0.36409660676800104,0.23908307941511955,0.08409305744546419
0.4702380952380953,0.0,0.0196078431372549,0.171875,0.6190476190476191,0.03529411764705882,0.12941176470588234,0.12941176470588234,0.0,0.43529411764705883,0.36409660676800104,0.25028061997195983,0.21692167009908536
0.0,0.0,0.0,0.0,0.0,0.0,0.0,0.0,0.0,0.0,0.6649782242696144,0.027948070806608664,0.0
0.0,0.0,0.0,0.0,0.0,0.0,0.0,0.0,0.0,0.0,0.44412286644879784,0.19107492256925504,0.0
0.7523809523809525,0.0,0.0,0.0,0.0,0.5019607843137255,0.0,0.4117647058823529,1.0,0.07450980392156863,0.26756254955818887,0.30551525580934136,0.0
0.5047619047619049,0.0,0.0196078431372549,0.16666666666666666,0.5873015873015872,0.40784313725490196,0.4588235294117647,0.0,0.0,0.6745098039215687,0.23463936301137822,0.27488576968488704,0.06430839330360202
0.29583333333333334,0.0,0.03137254901960784,0.0,0.0,0.0,0.0,0.0,0.0,0.0,0.08659840752844564,0.43750361149806305,0.0
0.4190476190476191,0.0,0.0784313725490196,0.0,0.0,0.0,0.0,0.0,0.0,0.0,0.34374045372979056,0.24034029169694307,0.0
0.2017857142857143,0.0,0.0,0.171875,0.06349206349206349,1.0,0.0,1.0,0.0,0.0,0.38268031849431083,0.24334139448285025,0.0
0.0,0.0,0.0,0.0,0.0,0.0,0.0,0.0,0.0,0.0,0.5783798167411688,0.18380104952053247,0.0
0.0011904761904761906,0.0,0.0,0.0,0.0,0.0,0.0,0.03137254901960784,0.07177033492822966,0.9215686274509803,0.38268031849431083,0.22477523388408224,0.17008611533176318
0.0,0.0,0.0,0.0,0.0,0.0,0.0,0.0,0.0,0.0,0.7334239554396924,0.0401669466006328,0.0
0.18095238095238098,0.0,0.03529411764705882,0.6666666666666666,0.0,1.0,0.11372549019607843,0.5019607843137255,0.028708133971291863,0.6,0.36409660676800104,0.24751603320040894,0.1287542457334219
0.18095238095238098,0.0,0.07058823529411765,0.6666666666666666,0.0,1.0,0.08235294117647059,0.5019607843137255,0.06220095693779904,0.8392156862745098,0.36409660676800104,0.230680309513551,0.15717308650640285
0.6380952380952382,0.0,0.0,0.0,0.0,0.0,0.0,0.0,0.0,0.0,0.23463936301137822,0.30376304900494655,0.0
0.0011904761904761906,0.0,0.0,0.0,0.0,0.0,0.0,0.00392156862745098,0.0,0.27450980392156865,0.36409660676800104,0.26031402348468335,0.15395988754340165
0.6470238095238096,0.0,0.0,0.3333333333333333,0.38095238095238093,1.0,0.49411764705882355,0.6901960784313725,0.043062200956937795,0.0,0.36409660676800104,0.25814701779466,0.07328052037214428
0.4815476190476191,0.0,0.25098039215686274,0.9947916666666666,0.503968253968254,0.0784313725490196,0.06666666666666667,0.12549019607843137,0.0,0.0784313725490196,0.3212377705398239,0.243471190446914,0.09173828639682508
0.7148809523809524,0.0,0.16078431372549018,0.203125,0.15476190476190477,0.13725490196078433,0.0,0.0,0.0,0.6039215686274509,0.08659840752844564,0.40953952796180804,0.0
0.4190476190476191,0.0,0.0784313725490196,0.0,0.0,0.0,0.0,0.0,0.0,0.0,0.36409660676800104,0.2380774922531408,0.0
0.0,0.0,0.0,0.0,0.0,0.0,0.0,0.0,0.0,0.0,0.874461727707034,0.02832391734676308,0.0
0.18095238095238098,0.0,0.058823529411764705,0.6666666666666666,0.0,1.0,0.0196078431372549,0.5019607843137255,0.07177033492822966,0.6705882352941176,0.36409660676800104,0.22934634161781203,0.17076998945952845
0.6470238095238096,0.0,0.0,0.3333333333333333,0.38095238095238093,1.0,0.49411764705882355,0.4156862745098039,0.043062200956937795,0.0,0.36409660676800104,0.2386971836399324,0.15078932448698065
0.6380952380952382,0.0,0.0,0.0,0.0,0.0,0.0,0.0,0.0,0.0,0.23463936301137822,0.3031328632826759,0.0
0.09523809523809525,0.0,0.34901960784313724,0.6770833333333333,0.19047619047619047,0.0392156862745098,0.0,0.12156862745098039,0.009569377990430622,0.0,0.0,0.4598254817590578,0.1763574585136557
0.4815476190476191,0.0,0.8627450980392157,0.9895833333333333,0.503968253968254,0.0784313725490196,0.06666666666666667,0.12549019607843137,0.0,0.0784313725490196,0.38268031849431083,0.23229653976445663,0.11618261537475522
0.0,0.0,0.0,0.0,0.0,0.0,0.0,0.0,0.0,0.0,0.7078370604977916,0.04010348389204519,0.0
0.6470238095238096,0.0,0.0,0.3333333333333333,0.38095238095238093,1.0,0.49411764705882355,0.8156862745098039,0.03827751196172249,0.0,0.36409660676800104,0.23852423152984295,0.07132803374690547
0.6476190476190476,0.0,1.0,0.0,0.0,0.0,1.0,0.7725490196078432,0.03827751196172249,0.0,0.36409660676800104,0.23884180025151275,0.055781659064215755
0.4190476190476191,0.0,0.0784313725490196,0.0,0.0,0.0,0.0,0.0,0.0,0.0,0.38268031849431083,0.2388051263640825,0.0
0.4,0.0,0.26666666666666666,0.0,0.611111111111111,0.11372549019607843,0.592156862745098,0.00784313725490196,0.9043062200956937,0.0,0.38268031849431083,0.2372809843114064,0.0391451422959784
0.0,0.0,0.0,0.0,0.0,0.0,0.0,0.0,0.0,0.0,0.820022362968138,0.02855587534237711,0.0
0.0,0.0,0.0,0.0,0.0,0.0,0.0,0.0,0.0,0.0,0.6917103120481284,0.02816301393236617,0.0
0.4,0.0,0.39215686274509803,0.0,0.611111111111111,0.11372549019607843,0.592156862745098,0.00784313725490196,0.9043062200956937,0.0,0.38268031849431083,0.23496693689850956,0.07945982888469613
0.18154761904761907,0.0,0.054901960784313725,0.6666666666666666,0.0,0.0,0.16078431372549018,0.4980392156862745,0.009569377990430622,0.6666666666666666,0.36409660676800104,0.2546813348863717,0.18448473973134427
0.0,0.0,0.0,0.0,0.0,0.0,0.0,0.0,0.0,0.0,0.8418349713984037,0.0402462181515586,0.0
0.8029761904761905,0.0,0.8470588235294118,0.0,0.0,0.5372549019607843,0.0,0.0,0.0,0.0,0.36409660676800104,0.23998270493938736,0.04906614384407297
0.0,0.0,0.0,0.0,0.0,0.0,0.0,0.0,0.0,0.0,0.8153791811387899,0.1932395701606926,0.0
0.4190476190476191,0.0,0.0784313725490196,0.0,0.0,0.0,0.0,0.0,0.0,0.0,0.36409660676800104,0.2404549581244676,0.0
0.4702380952380953,0.0,0.0196078431372549,0.17708333333333331,0.09523809523809523,0.0392156862745098,0.13333333333333333,0.12156862745098039,0.0,0.43529411764705883,0.3212377705398239,0.24848984831080226,0.19804169218735165
0.09523809523809525,0.0,0.3686274509803922,0.6875,0.4603174603174603,0.03529411764705882,0.0,0.12156862745098039,0.009569377990430622,0.0,0.08659840752844564,0.45947672240942317,0.1300451112459014
0.4702380952380953,0.0,0.0196078431372549,0.171875,0.4444444444444444,0.03529411764705882,0.12941176470588234,0.12941176470588234,0.0,0.43529411764705883,0.36409660676800104,0.2556880617660309,0.17727375220711925
0.1904761904761905,0.0,0.0,0.0,0.0,0.0,0.0392156862745098,0.13333333333333333,0.2200956937799043,0.788235294117647,0.36409660676800104,0.24573276332317565,0.1416374536884678
0.2017857142857143,0.0,0.0,0.171875,0.06349206349206349,1.0,0.0,1.0,0.0,0.0,0.08659840752844564,0.3036438564845066,0.0
0.1904761904761905,0.0,0.0,0.0,0.0,0.0,0.00784313725490196,0.15294117647058825,0.15311004784688995,0.00784313725490196,0.08659840752844564,0.4275981734561439,0.21553607009230183
0.4190476190476191,0.0,0.0784313725490196,0.0,0.0,0.0,0.0,0.0,0.0,0.0,0.23463936301137822,0.29963880113910435,0.0
0.5047619047619049,0.0,0.0196078431372549,0.16666666666666666,0.7142857142857142,0.40784313725490196,0.4588235294117647,0.0,0.0,0.5490196078431373,0.36409660676800104,0.23911965109567943,0.06433644059024861
0.18154761904761907,0.0,0.8980392156862745,0.6614583333333333,0.0,0.0,0.10196078431372549,0.4980392156862745,0.03827751196172249,0.9411764705882353,0.38268031849431083,0.2473577511299308,0.2183846915104306
0.0011904761904761906,0.0,0.0,0.0,0.0,0.0,0.0,0.03529411764705882,0.0,0.10980392156862745,0.36409660676800104,0.24742505175400836,0.17672297264886702
0.36190476190476195,0.0,0.10196078431372549,0.18229166666666666,0.1388888888888889,0.18823529411764706,0.03137254901960784,0.5568627450980392,0.5502392344497608,0.12156862745098039,0.36409660676800104,0.24505622346908518,0.22227867628774198
0.0,0.0,0.0,0.0,0.0,0.0,0.0,0.0,0.0,0.0,0.6917103120481284,0.18001501918587984,0.0
0.23750000000000002,0.0,0.996078431372549,0.4375,0.0,0.0,0.0,0.23529411764705882,0.0,0.0,0.36409660676800104,0.23960670783561752,0.12063222939173024
0.5238095238095238,0.0,0.0,0.16666666666666666,0.0,0.0,0.0,0.0,0.0,0.0,0.36409660676800104,0.23894096780881582,0.0
0.0,0.0,0.0,0.0,0.0,0.0,0.0,0.0,0.0,0.0,0.6450961623302295,0.03970592297413732,0.0
0.29583333333333334,0.0,0.03137254901960784,0.0,0.0,0.0,0.0,0.0,0.0,0.0,0.23463936301137822,0.30435911507154056,0.0
0.5238095238095238,0.0,0.0,0.16666666666666666,0.0,0.0,0.0,0.0,0.0,0.0,0.36409660676800104,0.2386064212384114,0.0
0.18095238095238098,0.0,0.08627450980392157,0.6666666666666666,0.0,1.0,0.9882352941176471,0.4980392156862745,0.023923444976076555,0.0196078431372549,0.36409660676800104,0.21948766349217372,0.2668141143104296
0.18095238095238098,0.0,0.03137254901960784,0.6666666666666666,0.0,1.0,0.07450980392156863,0.5019607843137255,0.043062200956937795,0.4627450980392157,0.36409660676800104,0.23114044493862504,0.12982500315119458
0.18154761904761907,0.0,0.09019607843137255,0.6666666666666666,0.0,0.0,0.30196078431372547,0.4980392156862745,0.028708133971291863,0.7450980392156863,0.38268031849431083,0.2471416860786666,0.1657455783062622
0.1904761904761905,0.0,0.0,0.0,0.0,0.0,0.07058823529411765,0.0,0.18660287081339713,0.7725490196078432,0.36409660676800104,0.22133043728967547,0.1531750851177251
0.2017857142857143,0.0,0.0,0.171875,0.06349206349206349,1.0,0.0,1.0,0.0,0.0,0.36409660676800104,0.23419252178495714,0.0
0.0,0.0,0.0,0.0,0.0,0.0,0.0,0.0,0.0,0.0,0.6288672479124264,0.03951452846848716,0.0
0.5238095238095238,0.0,0.0,0.16666666666666666,0.0,0.0,0.0,0.0,0.0,0.0,0.38268031849431083,0.22588195896915497,0.0
0.4702380952380953,0.0,0.0196078431372549,0.171875,0.2222222222222222,0.0392156862745098,0.12941176470588234,0.11764705882352941,0.0,0.43529411764705883,0.38268031849431083,0.2370133272497597,0.23643700958079378
0.8029761904761905,0.0,0.8470588235294118,0.4583333333333333,0.0,0.5411764705882353,0.0,0.0,0.0,0.0,0.36409660676800104,0.24257774459843043,0.11997762463337679
0.0011904761904761906,0.0,0.0,0.0,0.0,0.0,0.0,0.03529411764705882,0.06698564593301436,0.7294117647058823,0.38268031849431083,0.24666628137498886,0.14973437141902268
0.0,0.0,0.0,0.0,0.0,0.0,0.0,0.0,0.0,0.0,0.8597263714899192,0.03970592297413732,0.0
0.36190476190476195,0.0,0.09803921568627451,0.17708333333333331,0.1349206349206349,0.18823529411764706,0.03137254901960784,0.5568627450980392,0.5311004784688995,0.14901960784313725,0.08659840752844564,0.23774002715051887,0.08895765153752157
0.6476190476190476,0.0,1.0,0.0,0.0,0.0,1.0,0.6666666666666666,0.043062200956937795,0.0,0.36409660676800104,0.23833146866224403,0.0787638830876599
0.8029761904761905,0.0,0.8470588235294118,0.0,0.0,0.5411764705882353,0.0,0.0,0.0,0.0,0.38268031849431083,0.2317560740037989,0.061830499129058164
0.2017857142857143,0.0,0.0,0.171875,0.06349206349206349,1.0,0.0,1.0,0.0,0.0,0.38268031849431083,0.25472731667979426,0.0
0.4702380952380953,0.0,0.0196078431372549,0.17708333333333331,0.4603174603174603,0.03529411764705882,0.13333333333333333,0.12941176470588234,0.0,0.43529411764705883,0.38268031849431083,0.23735544925324845,0.1290354241704068
0.5238095238095238,0.0,0.0,0.16666666666666666,0.0,0.0,0.0,0.0,0.0,0.0,0.38268031849431083,0.23900343576797337,0.0
0.6470238095238096,0.0,0.0,0.3333333333333333,0.38095238095238093,1.0,0.49411764705882355,0.5176470588235293,0.043062200956937795,0.0,0.38268031849431083,0.2384787817809751,0.12365743361797947
0.0,0.0,0.0,0.0,0.0,0.0,0.0,0.0,0.0,0.0,0.6649782242696144,0.03991285272932955,0.0
0.4,0.0,0.26666666666666666,0.0,0.611111111111111,0.11372549019607843,0.592156862745098,0.00784313725490196,0.9043062200956937,0.0,0.38268031849431083,0.2418877175482907,0.0391451422959784
0.0,0.0,0.0,0.0,0.0,0.0,0.0,0.0,0.0,0.0,0.6831660545993103,0.040641632066982215,0.0
0.2017857142857143,0.0,0.0,0.171875,0.06349206349206349,1.0,0.0,1.0,0.0,0.0,0.36409660676800104,0.24302340138738301,0.0
0.0,0.0,0.0,0.0,0.0,0.0,0.0,0.0,0.0,0.0,0.8223066409172028,0.03965810882464611,0.0
0.0,0.0,0.0,0.0,0.0,0.0,0.0,0.0,0.0,0.0,0.768306586485387,0.03991285272932955,0.0
0.7148809523809524,0.0,0.16078431372549018,0.203125,0.15476190476190477,0.13725490196078433,0.0,0.0,0.0,0.6039215686274509,0.26756254955818887,0.30315208705918706,0.0
0.5047619047619049,0.0,0.0196078431372549,0.16666666666666666,0.5873015873015872,0.40784313725490196,0.4588235294117647,0.0,0.0,0.6745098039215687,0.38268031849431083,0.23875980467097221,0.06430839330360202
0.6476190476190476,0.0,1.0,0.0,0.0,0.0,1.0,0.6470588235294118,0.043062200956937795,0.0,0.0,0.5694386847235742,0.08472109815063157
0.0,0.0,0.0,0.0,0.0,0.0,0.0,0.0,0.0,0.0,0.7467769252623118,0.040846628450335716,0.0
0.7523809523809525,0.0,0.0,0.0,0.0,0.5019607843137255,0.0,0.4117647058823529,1.0,0.07450980392156863,0.26756254955818887,0.3071090201718849,0.0
0.0,0.0,0.0,0.0,0.0,0.0,0.0,0.0,0.0,0.0,0.7228311423096268,0.0401669466006328,0.0
0.4815476190476191,0.0,0.8627450980392157,0.9739583333333333,0.503968253968254,0.0784313725490196,0.06666666666666667,0.12549019607843137,0.0,0.0784313725490196,0.38268031849431083,0.22995190541772,0.08173320827089746
0.5238095238095238,0.0,0.0,0.16666666666666666,0.0,0.0,0.0,0.0,0.0,0.0,0.38268031849431083,0.23690342354632143,0.0
0.4190476190476191,0.0,0.0784313725490196,0.0,0.0,0.0,0.0,0.0,0.0,0.0,0.36409660676800104,0.24031266708485355,0.0
0.4,0.0,0.1411764705882353,0.0,0.611111111111111,0.11372549019607843,0.592156862745098,0.00784313725490196,0.9043062200956937,0.0,0.1956994982468579,0.22042888417058282,0.03903726011546839
0.23750000000000002,0.0,0.996078431372549,0.46354166666666663,0.0,0.0,0.0,0.2549019607843137,0.0,0.0,0.08659840752844564,0.3697238248000601,0.07052635064924392
0.0,0.0,0.0,0.0,0.0,0.0,0.0,0.0,0.0,0.0,0.5216314786779912,0.040436212796012436,0.0
0.5047619047619049,0.0,0.0196078431372549,0.16666666666666666,0.3333333333333333,0.40784313725490196,0.4588235294117647,0.0,0.0,0.4235294117647059,0.38268031849431083,0.23896897553323057,0.0640419831231318
0.18154761904761907,0.0,0.03529411764705882,0.6666666666666666,0.0,0.0,0.15294117647058825,0.4980392156862745,0.03349282296650718,0.26666666666666666,0.36409660676800104,0.22929650264042872,0.16024568854251894
0.18154761904761907,0.0,0.07058823529411765,0.6666666666666666,0.0,0.0,0.27058823529411763,0.4980392156862745,0.043062200956937795,0.2392156862745098,0.36409660676800104,0.22150258479312473,0.15365376729548558
0.8029761904761905,0.0,0.8470588235294118,0.4739583333333333,0.0,0.5019607843137255,0.0,0.0,0.0,0.0,0.36409660676800104,0.23785990378246163,0.169254177182546
0.18095238095238098,0.0,0.10196078431372549,0.6666666666666666,0.0,1.0,0.8627450980392157,0.4980392156862745,0.06220095693779904,0.4,0.38268031849431083,0.21928049812736797,0.2503026446175588
0.6476190476190476,0.0,1.0,0.0,0.0,0.0,1.0,0.7568627450980392,0.03827751196172249,0.0,0.26756254955818887,0.25069700076762247,0.05067775742671809
0.4702380952380953,0.0,0.0196078431372549,0.18229166666666666,0.4444444444444444,0.03529411764705882,0.13725490196078433,0.13333333333333333,0.0,0.43137254901960786,0.38268031849431083,0.2385134120424911,0.2532505400103412
0.6380952380952382,0.0,0.0,0.0,0.0,0.0,0.0,0.0,0.0,0.0,0.26756254955818887,0.3031102423226216,0.0
0.0011904761904761906,0.0,0.0,0.0,0.0,0.0,0.0,0.0196078431372549,0.014354066985645932,0.2980392156862745,0.38268031849431083,0.22955491981066678,0.0807163023439198
0.6476190476190476,0.0,1.0,0.0,0.0,0.0,1.0,0.6196078431372549,0.043062200956937795,0.0,0.29608191096586517,0.23209363167873204,0.09292042328307494
0.18154761904761907,0.0,0.9686274509803922,0.6614583333333333,0.0,0.0,0.26666666666666666,0.4980392156862745,0.07177033492822966,0.8196078431372549,0.36409660676800104,0.22936769354582615,0.22053338173088666
0.4,0.0,0.26666666666666666,0.0,0.611111111111111,0.11372549019607843,0.592156862745098,0.00784313725490196,0.9043062200956937,0.0,0.38268031849431083,0.23744517121294556,0.0391451422959784
0.6470238095238096,0.0,0.0,0.3333333333333333,0.38095238095238093,1.0,0.49411764705882355,0.8666666666666667,0.03827751196172249,0.0,0.36409660676800104,0.23883317231659165,0.08692909004462669
0.6470238095238096,0.0,0.0,0.3333333333333333,0.38095238095238093,1.0,0.49411764705882355,0.6549019607843137,0.043062200956937795,0.0,0.38268031849431083,0.23855019350414355,0.08409305744546419
0.0,0.0,0.0,0.0,0.0,0.0,0.0,0.0,0.0,0.0,0.7531528600026154,0.028627138464811894,0.0
0.1904761904761905,0.0,0.0,0.0,0.0,0.0,0.09411764705882353,0.1411764705882353,0.20095693779904306,0.07450980392156863,0.38268031849431083,0.2542720824347238,0.1692326669369475
0.1904761904761905,0.0,0.0,0.0,0.0,0.0,0.01568627450980392,0.0,0.16267942583732056,0.6941176470588235,0.36409660676800104,0.2513230826339932,0.19416354512178363
0.7523809523809525,0.0,0.0,0.0,0.0,0.5019607843137255,0.0,0.4117647058823529,1.0,0.07450980392156863,0.1956994982468579,0.36961425133151393,0.0
0.7148809523809524,0.0,0.16078431372549018,0.203125,0.15476190476190477,0.13725490196078433,0.0,0.0,0.0,0.6039215686274509,0.08659840752844564,0.4591722931672098,0.0
0.6380952380952382,0.0,0.0,0.0,0.0,0.0,0.0,0.0,0.0,0.0,0.08659840752844564,0.4376449080758185,0.0
0.0,0.0,0.0,0.0,0.0,0.0,0.0,0.0,0.0,0.0,0.7562708416893695,0.04056267479619917,0.0
0.0011904761904761906,0.0,0.0,0.0,0.0,0.0,0.0,0.0196078431372549,0.05263157894736842,0.6431372549019607,0.38268031849431083,0.22947675417781746,0.0624785755042693
0.6470238095238096,0.0,0.0,0.3333333333333333,0.38095238095238093,1.0,0.49411764705882355,0.7843137254901961,0.03827751196172249,0.0,0.36409660676800104,0.24005517740370735,0.06142820651202729
0.5238095238095238,0.0,0.0,0.16666666666666666,0.0,0.0,0.0,0.0,0.0,0.0,0.38268031849431083,0.23385067822079675,0.0
0.4815476190476191,0.0,0.5254901960784314,0.9375,0.503968253968254,0.0784313725490196,0.06666666666666667,0.12549019607843137,0.0,0.0784313725490196,0.38268031849431083,0.23785990378246163,0.09303998262873729
0.5238095238095238,0.0,0.0,0.16666666666666666,0.0,0.0,0.0,0.0,0.0,0.0,0.38268031849431083,0.23186255131167524,0.0
0.0,0.0,0.0,0.0,0.0,0.0,0.0,0.0,0.0,0.0,0.5307212739772434,0.04062584562057743,0.0
0.0011904761904761906,0.0,0.0,0.0,0.0,0.0,0.0,0.0,0.014354066985645932,0.1764705882352941,0.38268031849431083,0.22030944366264385,0.15370280072844916
0.36190476190476195,0.0,0.09803921568627451,0.171875,0.13095238095238093,0.18823529411764706,0.03137254901960784,0.5568627450980392,0.5215311004784688,0.03137254901960784,0.38268031849431083,0.23909383718610724,0.18886280090529362
0.36190476190476195,0.0,0.09803921568627451,0.17708333333333331,0.1388888888888889,0.18823529411764706,0.03137254901960784,0.5568627450980392,0.5311004784688995,0.14509803921568626,0.38268031849431083,0.23714505177742135,0.13421519598032583
0.6476190476190476,0.0,1.0,0.0,0.0,0.0,1.0,0.5137254901960784,0.043062200956937795,0.0,0.38268031849431083,0.23885042743892992,0.1231139600305077
0.5047619047619049,0.0,0.0196078431372549,0.16666666666666666,0.2698412698412698,0.40784313725490196,0.4627450980392157,0.0,0.0,0.4980392156862745,0.36409660676800104,0.2380144405297318,0.05091107271119228
0.4815476190476191,0.0,0.25098039215686274,0.953125,0.503968253968254,0.0784313725490196,0.06666666666666667,0.12549019607843137,0.0,0.0784313725490196,0.36409660676800104,0.2440910483704299,0.06629502159788453
0.18154761904761907,0.0,0.9333333333333333,0.6614583333333333,0.0,0.0,0.26666666666666666,0.4980392156862745,0.019138755980861243,0.1568627450980392,0.08659840752844564,0.3036123478324416,0.1930028777664
0.6476190476190476,0.0,1.0,0.0,0.0,0.0,1.0,0.5725490196078431,0.043062200956937795,0.0,0.36409660676800104,0.2388310152160487,0.10661100632847047
0.0,0.0,0.0,0.0,0.0,0.0,0.0,0.0,0.0,0.0,0.7982838235354323,0.03983331524312109,0.0
0.6470238095238096,0.0,0.0,0.3333333333333333,0.38095238095238093,1.0,0.49411764705882355,0.8313725490196078,0.03827751196172249,0.0,0.36409660676800104,0.23875116962829712,0.07619097529964376
0.1904761904761905,0.0,0.0,0.0,0.0,0.0,0.054901960784313725,0.16078431372549018,0.20095693779904306,0.20784313725490194,0.38268031849431083,0.24701659031710224,0.12073282767310409
0.8029761904761905,0.0,0.8470588235294118,0.0,0.0,0.5372549019607843,0.0,0.0,0.0,0.0,0.0,0.5324717338758943,0.04906614384407297
0.7523809523809525,0.0,0.0,0.0,0.0,0.5019607843137255,0.0,0.4117647058823529,1.0,0.07450980392156863,0.1480409554829326,0.3157059997611697,0.0
0.36190476190476195,0.0,0.10196078431372549,0.17708333333333331,0.1349206349206349,0.18823529411764706,0.03137254901960784,0.5568627450980392,0.5215311004784688,0.0196078431372549,0.38268031849431083,0.2244916376077112,0.15365434209543413
0.2017857142857143,0.0,0.0,0.171875,0.06349206349206349,1.0,0.0,1.0,0.0,0.0,0.38268031849431083,0.23418348144154746,0.0
0.4,0.0,0.39215686274509803,0.0,0.611111111111111,0.11372549019607843,0.592156862745098,0.00784313725490196,0.9043062200956937,0.0,0.36409660676800104,0.2454142514902632,0.07945982888469613
0.5238095238095238,0.0,0.0,0.16666666666666666,0.0,0.0,0.0,0.0,0.0,0.0,0.36409660676800104,0.23892157323004773,0.0
0.18154761904761907,0.0,0.03529411764705882,0.6666666666666666,0.0,0.0,0.2823529411764706,0.4980392156862745,0.019138755980861243,0.7098039215686275,0.36409660676800104,0.247341909076391,0.17131067632959177
0.2017857142857143,0.0,0.0,0.171875,0.06349206349206349,1.0,0.0,1.0,0.0,0.0,0.34374045372979056,0.3026442400936277,0.0
0.4815476190476191,0.0,0.25098039215686274,0.96875,0.503968253968254,0.0784313725490196,0.06666666666666667,0.12549019607843137,0.0,0.0784313725490196,0.36409660676800104,0.2393902938932791,0.028765953692440067
0.8029761904761905,0.0,0.8470588235294118,0.0,0.0,0.5019607843137255,0.0,0.0,0.0,0.0,0.36409660676800104,0.24037640463020032,0.11478909676375512
0.5047619047619049,0.0,0.0196078431372549,0.16666666666666666,0.8412698412698412,0.40784313725490196,0.4666666666666667,0.0,0.0,0.9333333333333333,0.36409660676800104,0.24477618716156946,0.15219322831574342
0.0,0.0,0.0,0.0,0.0,0.0,0.0,0.0,0.0,0.0,0.7299510666881809,0.04030958998714853,0.0
0.4,0.0,0.01568627450980392,0.0,0.611111111111111,0.11372549019607843,0.592156862745098,0.00784313725490196,0.9043062200956937,0.0,0.38268031849431083,0.2390572560219698,0.07936191258484337
0.8029761904761905,0.0,0.8470588235294118,0.0,0.0,0.5176470588235293,0.0,0.0,0.0,0.0,0.36409660676800104,0.23428739587135436,0.06798020041417857
0.0,0.0,0.0,0.0,0.0,0.0,0.0,0.0,0.0,0.0,0.5853829999567598,0.04003998071175027,0.0
0.4190476190476191,0.0,0.0784313725490196,0.0,0.0,0.0,0.0,0.0,0.0,0.0,0.38268031849431083,0.23900343576797337,0.0
0.0,0.0,0.0,0.0,0.0,0.0,0.0,0.0,0.0,0.0,0.5307212739772434,0.18425361203554355,0.0
0.7148809523809524,0.0,0.16078431372549018,0.203125,0.15476190476190477,0.13725490196078433,0.0,0.0,0.0,0.6039215686274509,0.26756254955818887,0.30317130712521034,0.0
0.5238095238095238,0.0,0.0,0.16666666666666666,0.0,0.0,0.0,0.0,0.0,0.0,0.36409660676800104,0.23897759170998942,0.0
0.6380952380952382,0.0,0.0,0.0,0.0,0.0,0.0,0.0,0.0,0.0,0.23463936301137822,0.3035549314425903,0.0
0.2017857142857143,0.0,0.0,0.171875,0.06349206349206349,1.0,0.0,1.0,0.0,0.0,0.38268031849431083,0.2223919679956661,0.0
0.18154761904761907,0.0,0.0,0.6666666666666666,0.0,0.0,0.3803921568627451,0.4980392156862745,0.03349282296650718,0.6823529411764706,0.36409660676800104,0.2292775098000228,0.19472366721583034
0.0,0.0,0.0,0.0,0.0,0.0,0.0,0.0,0.0,0.0,0.8578108613199343,0.040704752837647844,0.0
0.6470238095238096,0.0,0.0,0.3333333333333333,0.38095238095238093,1.0,0.49411764705882355,0.8666666666666667,0.03827751196172249,0.0,0.36409660676800104,0.23816005136736892,0.08692909004462669
0.5238095238095238,0.0,0.0,0.16666666666666666,0.0,0.0,0.0,0.0,0.0,0.0,0.36409660676800104,0.2387684389649113,0.0
0.23750000000000002,0.0,0.996078431372549,0.4583333333333333,0.0,0.0,0.0,0.2549019607843137,0.0,0.0,0.38268031849431083,0.23867558104675723,0.08563671315738511
0.5047619047619049,0.0,0.0196078431372549,0.16666666666666666,0.8412698412698412,0.40784313725490196,0.4588235294117647,0.0,0.0,0.9254901960784314,0.38268031849431083,0.23814919223592446,0.13510009136604695
0.0,0.0,0.0,0.0,0.0,0.0,0.0,0.0,0.0,0.0,0.5121375622509337,0.04010348389204519,0.0
0.4702380952380953,0.0,0.0196078431372549,0.17708333333333331,0.4444444444444444,0.03529411764705882,0.13333333333333333,0.12941176470588234,0.0,0.43529411764705883,0.08659840752844564,0.30387087396940404,0.12476690651649039
0.18154761904761907,0.0,0.9686274509803922,0.6614583333333333,0.0,0.0,0.08235294117647059,0.4980392156862745,0.06220095693779904,0.10980392156862745,0.38268031849431083,0.22921575803836566,0.25752750063938373
0.4702380952380953,0.0,0.0196078431372549,0.17708333333333331,0.36507936507936506,0.03529411764705882,0.13333333333333333,0.12941176470588234,0.0,0.43529411764705883,0.36409660676800104,0.23189956022504896,0.10274149586583048
0.4702380952380953,0.0,0.0196078431372549,0.171875,0.4444444444444444,0.03529411764705882,0.12941176470588234,0.12941176470588234,0.0,0.43529411764705883,0.38268031849431083,0.23703309704072295,0.17727375220711925
0.4190476190476191,0.0,0.0784313725490196,0.0,0.0,0.0,0.0,0.0,0.0,0.0,0.36409660676800104,0.23289363677887198,0.0
0.23750000000000002,0.0,0.996078431372549,0.484375,0.0,0.0,0.0,0.23529411764705882,0.0,0.0,0.1480409554829326,0.30457893667100955,0.09303536661017572
0.4,0.0,0.26666666666666666,0.0,0.611111111111111,0.11372549019607843,0.592156862745098,0.00784313725490196,0.9043062200956937,0.0,0.38268031849431083,0.23827725459123458,0.0391451422959784
0.36190476190476195,0.0,0.09803921568627451,0.171875,0.13095238095238093,0.18823529411764706,0.03137254901960784,0.5568627450980392,0.5215311004784688,0.23137254901960785,0.38268031849431083,0.2417474606143327,0.19721876347634515
0.5238095238095238,0.0,0.0,0.16666666666666666,0.0,0.0,0.0,0.0,0.0,0.0,0.1480409554829326,0.302590811082781,0.0
0.7523809523809525,0.0,0.0,0.0,0.0,0.5019607843137255,0.0,0.4117647058823529,1.0,0.07450980392156863,0.26756254955818887,0.30196000512969984,0.0
0.0,0.0,0.0,0.0,0.0,0.0,0.0,0.0,0.0,0.0,0.7368412755809454,0.028395346604449995,0.0
0.7523809523809525,0.0,0.0,0.0,0.0,0.5019607843137255,0.0,0.4117647058823529,1.0,0.07450980392156863,0.26756254955818887,0.3042003634863463,0.0
0.23750000000000002,0.0,0.996078431372549,0.4583333333333333,0.0,0.0,0.0,0.2549019607843137,0.0,0.0,0.36409660676800104,0.23767457901936498,0.08563671315738511
0.2017857142857143,0.0,0.0,0.171875,0.06349206349206349,1.0,0.0,1.0,0.0,0.0,0.36409660676800104,0.23413374487667993,0.0
0.0,0.0,0.0,0.0,0.0,0.0,0.0,0.0,0.0,0.0,0.743516129827459,0.040182805960119077,0.0
0.1904761904761905,0.0,0.0,0.0,0.0,0.0,0.023529411764705882,0.19607843137254902,0.2200956937799043,0.4666666666666667,0.38268031849431083,0.24748241930538944,0.1640084271475849
0.1904761904761905,0.0,0.0,0.0,0.0,0.0,0.023529411764705882,0.12549019607843137,0.17224880382775118,0.5372549019607843,0.36409660676800104,0.24737557042807967,0.09579309976603875
0.4702380952380953,0.0,0.0196078431372549,0.171875,0.4444444444444444,0.03529411764705882,0.12941176470588234,0.12941176470588234,0.0,0.43529411764705883,0.36409660676800104,0.24811129066444512,0.17727375220711925
0.29583333333333334,0.0,0.03137254901960784,0.0,0.0,0.0,0.0,0.0,0.0,0.0,0.08659840752844564,0.3707275453660111,0.0
0.8029761904761905,0.0,0.8470588235294118,0.0,0.0,0.5333333333333333,0.0,0.0,0.0,0.0,0.38268031849431083,0.2397863381086657,0.03589768241871075
0.0,0.0,0.0,0.0,0.0,0.0,0.0,0.0,0.0,0.0,0.5216314786779912,0.18572786133578528,0.0
0.18154761904761907,0.0,0.9490196078431372,0.6614583333333333,0.0,0.0,0.26666666666666666,0.4980392156862745,0.057416267942583726,0.7607843137254902,0.36409660676800104,0.25485227984279873,0.19214373731573967
0.7523809523809525,0.0,0.0,0.0,0.0,0.5019607843137255,0.0,0.4117647058823529,1.0,0.07450980392156863,0.26756254955818887,0.30450534489721404,0.0
0.0,0.0,0.0,0.0,0.0,0.0,0.0,0.0,0.0,0.0,0.43033886125823617,0.25143528448605673,0.0
0.0,0.0,0.0,0.0,0.0,0.0,0.0,0.0,0.0,0.0,0.3997756760976685,0.18529304403145055,0.0
0.8029761904761905,0.0,0.8470588235294118,0.0,0.0,0.5411764705882353,0.0,0.0,0.0,0.0,0.36409660676800104,0.23982051669020515,0.061830499129058164
0.23750000000000002,0.0,0.996078431372549,0.43229166666666663,0.0,0.0,0.0,0.23529411764705882,0.0,0.0,0.1956994982468579,0.39247271235124154,0.13405521076163754
0.4,0.0,0.01568627450980392,0.0,0.611111111111111,0.11372549019607843,0.592156862745098,0.00784313725490196,0.9043062200956937,0.0,0.1480409554829326,0.30388995581114153,0.07936191258484337
0.1904761904761905,0.0,0.0,0.0,0.0,0.0,0.06274509803921569,0.15294117647058825,0.19138755980861244,0.9450980392156862,0.38268031849431083,0.24869519650410427,0.1285123247936272
0.0,0.0,0.0,0.0,0.0,0.0,0.0,0.0,0.0,0.0,0.7334239554396924,0.03917870033209762,0.0
0.4815476190476191,0.0,0.25098039215686274,0.953125,0.503968253968254,0.0784313725490196,0.06666666666666667,0.12549019607843137,0.0,0.0784313725490196,0.38268031849431083,0.23859777288402914,0.06629502159788453
0.0011904761904761906,0.0,0.0,0.0,0.0,0.0,0.0,0.03529411764705882,0.04784688995215311,0.807843137254902,0.38268031849431083,0.2473082363419477,0.12749041315192675
0.7148809523809524,0.0,0.16078431372549018,0.203125,0.15476190476190477,0.13725490196078433,0.0,0.0,0.0,0.6039215686274509,0.26756254955818887,0.3050648359794012,0.0
0.1904761904761905,0.0,0.0,0.0,0.0,0.0,0.07058823529411765,0.2,0.15311004784688995,0.5137254901960784,0.38268031849431083,0.24643272174869368,0.1662727841441895
0.4,0.0,0.1411764705882353,0.0,0.615079365079365,0.11372549019607843,0.592156862745098,0.00784313725490196,0.9043062200956937,0.0,0.38268031849431083,0.23264604644581863,0.14654399590989647
0.4815476190476191,0.0,0.25098039215686274,0.9375,0.503968253968254,0.0784313725490196,0.06666666666666667,0.12549019607843137,0.0,0.0784313725490196,0.36409660676800104,0.23623922778794068,0.10199260984626406
0.18154761904761907,0.0,0.0,0.6666666666666666,0.0,0.0,0.3333333333333333,0.4980392156862745,0.043062200956937795,0.14901960784313725,0.36409660676800104,0.23055380884345664,0.19927686456811206
0.4815476190476191,0.0,0.5254901960784314,0.9791666666666666,0.503968253968254,0.0784313725490196,0.06666666666666667,0.12549019607843137,0.0,0.0784313725490196,0.38268031849431083,0.23445884335276082,0.045075725330698285
0.29583333333333334,0.0,0.03137254901960784,0.0,0.0,0.0,0.0,0.0,0.0,0.0,0.26756254955818887,0.3031385177198473,0.0
0.0,0.0,0.0,0.0,0.0,0.0,0.0,0.0,0.0,0.0,0.98883661606002,0.028413195915850065,0.0
0.2017857142857143,0.0,0.0,0.171875,0.06349206349206349,1.0,0.0,1.0,0.0,0.0,0.38268031849431083,0.2433496405282658,0.0
1.0,0.0,0.0,0.0,0.0,0.0,0.6274509803921569,0.13333333333333333,0.0,0.0,0.0,0.4595773656100545,0.04907945341653401
0.2017857142857143,0.0,0.0,0.171875,0.06349206349206349,1.0,0.0,1.0,0.0,0.0,0.36409660676800104,0.24325476975352667,0.0
0.2017857142857143,0.0,0.0,0.171875,0.06349206349206349,1.0,0.0,1.0,0.0,0.0,0.38268031849431083,0.23418348144154746,0.0
0.0,0.0,0.0,0.0,0.0,0.0,0.0,0.0,0.0,0.0,0.555877133551202,0.251602401840785,0.0
0.6380952380952382,0.0,0.0,0.0,0.0,0.0,0.0,0.0,0.0,0.0,0.26756254955818887,0.30310006121383104,0.0
0.4190476190476191,0.0,0.0784313725490196,0.0,0.0,0.0,0.0,0.0,0.0,0.0,0.38268031849431083,0.23884180025151275,0.0
0.7523809523809525,0.0,0.0,0.0,0.0,0.5019607843137255,0.0,0.4117647058823529,1.0,0.07450980392156863,0.26756254955818887,0.30270559124754337,0.0
0.4702380952380953,0.0,0.0196078431372549,0.17708333333333331,0.30158730158730157,0.03529411764705882,0.13333333333333333,0.12941176470588234,0.0,0.43137254901960786,0.36409660676800104,0.2441953465959037,0.1523901050222466
0.4815476190476191,0.0,0.8627450980392157,0.984375,0.503968253968254,0.0784313725490196,0.06666666666666667,0.12549019607843137,0.0,0.0784313725490196,0.1480409554829326,0.3641378332941337,0.10501349543743638
0.8029761904761905,0.0,0.8470588235294118,0.4583333333333333,0.0,0.5372549019607843,0.0,0.0,0.0,0.0,0.38268031849431083,0.23028622296372522,0.10890080319548343
0.4190476190476191,0.0,0.0784313725490196,0.0,0.0,0.0,0.0,0.0,0.0,0.0,0.36409660676800104,0.23869502359149547,0.0
0.4,0.0,0.01568627450980392,0.0,0.611111111111111,0.11372549019607843,0.592156862745098,0.00784313725490196,0.9043062200956937,0.0,0.38268031849431083,0.2396516457916128,0.07936191258484337
0.5238095238095238,0.0,0.0,0.16666666666666666,0.0,0.0,0.0,0.0,0.0,0.0,0.36409660676800104,0.23915620934958529,0.0
0.18154761904761907,0.0,0.9686274509803922,0.6614583333333333,0.0,0.0,0.1411764705882353,0.4980392156862745,0.04784688995215311,0.9098039215686274,0.3212377705398239,0.2545727335955146,0.21639708385661277
0.18154761904761907,0.0,0.054901960784313725,0.6666666666666666,0.0,0.0,0.1803921568627451,0.4980392156862745,0.043062200956937795,0.9372549019607843,0.26756254955818887,0.19304161113146953,0.17756004561761252
0.29583333333333334,0.0,0.03137254901960784,0.0,0.0,0.0,0.0,0.0,0.0,0.0,0.23463936301137822,0.30311929132330556,0.0
0.23750000000000002,0.0,0.996078431372549,0.46354166666666663,0.0,0.0,0.0,0.2549019607843137,0.0,0.0,0.38268031849431083,0.23856749772731836,0.07052635064924392
1.0,0.0,0.0,0.0,0.0,0.0,0.6274509803921569,0.13333333333333333,0.0,0.0,0.0,0.46682474656065426,0.04907945341653401
0.7523809523809525,0.0,0.0,0.0,0.0,0.5019607843137255,0.0,0.4117647058823529,1.0,0.07450980392156863,0.08659840752844564,0.43730775154977436,0.0
0.4190476190476191,0.0,0.0784313725490196,0.0,0.0,0.0,0.0,0.0,0.0,0.0,0.1956994982468579,0.30249069663317135,0.0
0.4702380952380953,0.0,0.0196078431372549,0.17708333333333331,0.4603174603174603,0.03529411764705882,0.13333333333333333,0.12941176470588234,0.0,0.43529411764705883,0.1956994982468579,0.2441524134970013,0.1290354241704068
0.6470238095238096,0.0,0.0,0.3333333333333333,0.38095238095238093,1.0,0.49411764705882355,0.8235294117647058,0.03827751196172249,0.0,0.36409660676800104,0.23858696138469385,0.0737666106347252
0.4,0.0,0.26666666666666666,0.0,0.611111111111111,0.11372549019607843,0.592156862745098,0.00784313725490196,0.9043062200956937,0.0,0.29608191096586517,0.23740141450245222,0.0391451422959784
0.0,0.0,0.0,0.0,0.0,0.0,0.0,0.0,0.0,0.0,0.6113030032879794,0.04003998071175027,0.0
0.6470238095238096,0.0,0.0,0.3333333333333333,0.38095238095238093,1.0,0.49411764705882355,0.6039215686274509,0.043062200956937795,0.0,0.36409660676800104,0.23885042743892992,0.09923111616062931
0.1904761904761905,0.0,0.0,0.0,0.0,0.0,0.054901960784313725,0.2,0.19138755980861244,0.4745098039215686,0.3212377705398239,0.2554583269044288,0.09208217190167028
0.5047619047619049,0.0,0.0196078431372549,0.16666666666666666,0.9047619047619047,0.40784313725490196,0.4549019607843137,0.0,0.0,0.8666666666666667,0.38268031849431083,0.23819479263226045,0.1606362074707456
0.0,0.0,0.0,0.0,0.0,0.0,0.0,0.0,0.0,0.0,0.4808262924294938,0.03991285272932955,0.0
0.18095238095238098,0.0,0.06666666666666667,0.6666666666666666,0.0,1.0,0.1764705882352941,0.5019607843137255,0.028708133971291863,0.8549019607843137,0.23463936301137822,0.4091311899753693,0.12005263119242049
0.23750000000000002,0.0,0.996078431372549,0.484375,0.0,0.0,0.0,0.2549019607843137,0.0,0.0,0.1480409554829326,0.42498884063827663,0.11489517861625226
0.36190476190476195,0.0,0.09803921568627451,0.171875,0.13095238095238093,0.18823529411764706,0.03137254901960784,0.5568627450980392,0.5167464114832536,0.10196078431372549,0.36409660676800104,0.23969656347693727,0.16622807350447674
0.0,0.0,0.0,0.0,0.0,0.0,0.0,0.0,0.0,0.0,0.715465655440872,0.04003998071175027,0.0
0.0,0.0,0.0,0.0,0.0,0.0,0.0,0.0,0.0,0.0,0.5987359697793793,0.2863444310052801,0.0
0.6476190476190476,0.0,1.0,0.0,0.0,0.0,1.0,0.792156862745098,0.03827751196172249,0.0,0.36409660676800104,0.24467453005706896,0.062074714258007375
0.5047619047619049,0.0,0.0196078431372549,0.16666666666666666,0.5238095238095237,0.40784313725490196,0.4588235294117647,0.0,0.0,0.7372549019607844,0.36409660676800104,0.23908523106229532,0.06429436895109483
0.5047619047619049,0.0,0.0196078431372549,0.16666666666666666,0.2698412698412698,0.40784313725490196,0.4549019607843137,0.0,0.0,0.49019607843137253,0.36409660676800104,0.24536174039287906,0.09304345403260701
0.4,0.0,0.26666666666666666,0.0,0.615079365079365,0.11372549019607843,0.592156862745098,0.00784313725490196,0.9043062200956937,0.0,0.38268031849431083,0.24205493015518018,0.14662731084794045
0.6470238095238096,0.0,0.0,0.3333333333333333,0.38095238095238093,1.0,0.49411764705882355,0.8235294117647058,0.03827751196172249,0.0,0.36409660676800104,0.23879649525082366,0.0737666106347252
0.5047619047619049,0.0,0.0196078431372549,0.16666666666666666,0.7142857142857142,0.40784313725490196,0.4627450980392157,0.0,0.0,0.5607843137254902,0.38268031849431083,0.24065848409211943,0.054914401314067385
0.0,0.0,0.0,0.0,0.0,0.0,0.0,0.0,0.0,0.0,0.7878633201785883,0.03951452846848716,0.0
0.0011904761904761906,0.0,0.0,0.0,0.0,0.0,0.0,0.03529411764705882,0.014354066985645932,0.23137254901960785,0.36409660676800104,0.22944594480129446,0.1386373506184905
0.0,0.0,0.0,0.0,0.0,0.0,0.0,0.0,0.0,0.0,0.26756254955818887,0.03991285272932955,0.0
0.4190476190476191,0.0,0.0784313725490196,0.0,0.0,0.0,0.0,0.0,0.0,0.0,0.38268031849431083,0.2386042592202315,0.0
0.1904761904761905,0.0,0.0,0.0,0.0,0.0,0.03137254901960784,0.12941176470588234,0.16267942583732056,0.5098039215686274,0.26756254955818887,0.24677588536069253,0.10261890085000609
0.0,0.0,0.0,0.0,0.0,0.0,0.0,0.0,0.0,0.0,0.6831660545993103,0.04010348389204519,0.0
0.1904761904761905,0.0,0.0,0.0,0.0,0.0,0.03137254901960784,0.12549019607843137,0.1770334928229665,0.615686274509804,0.38268031849431083,0.22921575803836566,0.08816246340923128
0.4,0.0,0.1411764705882353,0.0,0.611111111111111,0.11372549019607843,0.592156862745098,0.00784313725490196,0.9043062200956937,0.0,0.38268031849431083,0.23315431598817205,0.03903726011546839
0.1904761904761905,0.0,0.0,0.0,0.0,0.0,0.023529411764705882,0.00784313725490196,0.19138755980861244,0.9725490196078431,0.0,0.5009863482864964,0.17796787432656708
0.6476190476190476,0.0,1.0,0.0,0.0,0.0,1.0,0.788235294117647,0.03827751196172249,0.0,0.38268031849431083,0.2323448999670573,0.060823696400678307
0.23750000000000002,0.0,0.996078431372549,0.44791666666666663,0.0,0.0,0.0,0.23529411764705882,0.0,0.0,0.23463936301137822,0.23657077613189523,0.09241251950922756
0.6380952380952382,0.0,0.0,0.0,0.0,0.0,0.0,0.0,0.0,0.0,0.23463936301137822,0.3033475064943414,0.0
0.0,0.0,0.0,0.0,0.0,0.0,0.0,0.0,0.0,0.0,0.7228311423096268,0.039450648463288183,0.0
0.0,0.0,0.0,0.0,0.0,0.0,0.0,0.0,0.0,0.0,0.9703475964001355,0.0404520293318796,0.0
0.36190476190476195,0.0,0.09803921568627451,0.171875,0.1349206349206349,0.18823529411764706,0.03137254901960784,0.5568627450980392,0.5215311004784688,0.09411764705882353,0.36409660676800104,0.24515951617113083,0.11871517838304248
0.18154761904761907,0.0,0.9137254901960784,0.6614583333333333,0.0,0.0,0.10980392156862745,0.4980392156862745,0.0,0.6509803921568628,0.29608191096586517,0.2474745085043248,0.23173298062646147
0.0011904761904761906,0.0,0.0,0.0,0.0,0.0,0.0,0.0,0.004784688995215311,0.09019607843137255,0.23463936301137822,0.30304800817262134,0.17919718639266824
0.6470238095238096,0.0,0.0,0.3333333333333333,0.38095238095238093,1.0,0.49411764705882355,0.4,0.043062200956937795,0.0,0.38268031849431083,0.24533749515903136,0.1548107458619397
0.0011904761904761906,0.0,0.0,0.0,0.0,0.0,0.0,0.0,0.05263157894736842,0.7725490196078432,0.38268031849431083,0.2221244554275312,0.13946241702385262
0.0011904761904761906,0.0,0.0,0.0,0.0,0.0,0.0,0.023529411764705882,0.009569377990430622,0.5215686274509804,0.36409660676800104,0.24759112913820774,0.07640052146205324
0.5238095238095238,0.0,0.0,0.16666666666666666,0.0,0.0,0.0,0.0,0.0,0.0,0.36409660676800104,0.23875980467097221,0.0
0.18154761904761907,0.0,0.9686274509803922,0.6614583333333333,0.0,0.0,0.20392156862745098,0.4980392156862745,0.04784688995215311,0.9411764705882353,0.29608191096586517,0.271789361464565,0.19201513495511902
0.0011904761904761906,0.0,0.0,0.0,0.0,0.0,0.0,0.03529411764705882,0.057416267942583726,0.5019607843137255,0.38268031849431083,0.24708412183514467,0.10298055314052416
0.5047619047619049,0.0,0.0196078431372549,0.16666666666666666,0.20634920634920634,0.40784313725490196,0.4627450980392157,0.0,0.0,0.058823529411764705,0.36409660676800104,0.23931948232293618,0.12379150161046855
0.4,0.0,0.26666666666666666,0.0,0.611111111111111,0.11372549019607843,0.592156862745098,0.00784313725490196,0.9043062200956937,0.0,0.38268031849431083,0.2377313032180122,0.0391451422959784
0.0,0.0,0.0,0.0,0.0,0.0,0.0,0.0,0.0,0.0,0.8355218629425137,0.04010348389204519,0.0
0.5238095238095238,0.0,0.0,0.16666666666666666,0.0,0.0,0.0,0.0,0.0,0.0,0.34374045372979056,0.23863236179580238,0.0
0.36190476190476195,0.0,0.10588235294117647,0.18229166666666666,0.1388888888888889,0.18823529411764706,0.03137254901960784,0.5568627450980392,0.5215311004784688,0.20784313725490194,0.38268031849431083,0.23892157323004773,0.25481833952339644
0.0,0.0,0.0,0.0,0.0,0.0,0.0,0.0,0.0,0.0,0.8268031849431087,0.03970592297413732,0.0
0.5047619047619049,0.0,0.0196078431372549,0.16666666666666666,0.3333333333333333,0.40784313725490196,0.4627450980392157,0.0,0.0,0.43529411764705883,0.38268031849431083,0.2418333129384268,0.050896589322375015
0.0011904761904761906,0.0,0.0,0.0,0.0,0.0,0.0,0.011764705882352941,0.028708133971291863,0.5647058823529412,0.38268031849431083,0.2471079455582166,0.0543358445901968
0.5047619047619049,0.0,0.0196078431372549,0.16666666666666666,0.6507936507936507,0.40784313725490196,0.4627450980392157,0.0,0.0,0.6235294117647059,0.36409660676800104,0.24260267108980302,0.054900056644643744
0.6380952380952382,0.0,0.0,0.0,0.0,0.0,0.0,0.0,0.0,0.0,0.23463936301137822,0.3032379832953153,0.0
0.4815476190476191,0.0,0.047058823529411764,0.9895833333333333,0.503968253968254,0.0784313725490196,0.06666666666666667,0.12549019607843137,0.0,0.0784313725490196,0.36409660676800104,0.24145794919773306,0.10752643321777919
0.5047619047619049,0.0,0.0196078431372549,0.16666666666666666,0.14285714285714285,0.40784313725490196,0.47058823529411764,0.0,0.0,0.06666666666666667,0.23463936301137822,0.2395531838135608,0.1801704524709755
0.4815476190476191,0.0,0.5254901960784314,0.953125,0.503968253968254,0.0784313725490196,0.06666666666666667,0.12549019607843137,0.0,0.0784313725490196,0.38268031849431083,0.2367911966652542,0.056530706637852146
0.29583333333333334,0.0,0.03137254901960784,0.0,0.0,0.0,0.0,0.0,0.0,0.0,0.23463936301137822,0.3031995651906896,0.0
0.4702380952380953,0.0,0.0196078431372549,0.17708333333333331,0.4603174603174603,0.03529411764705882,0.13333333333333333,0.12941176470588234,0.0,0.43529411764705883,0.36409660676800104,0.24690725109755615,0.1290354241704068
0.0,0.0,0.0,0.0,0.0,0.0,0.0,0.0,0.0,0.0,0.776908203395359,0.04051527036496808,0.0
0.4702380952380953,0.0,0.0196078431372549,0.18229166666666666,0.3968253968253968,0.03529411764705882,0.13725490196078433,0.13333333333333333,0.0,0.43529411764705883,0.36409660676800104,0.23893019350918812,0.21494926626682961
0.5047619047619049,0.0,0.0196078431372549,0.16666666666666666,0.6507936507936507,0.40784313725490196,0.4588235294117647,0.0,0.0,0.611764705882353,0.38268031849431083,0.23874037477184537,0.06432241718330932
0.8029761904761905,0.0,0.8470588235294118,0.0,0.0,0.5411764705882353,0.0,0.0,0.0,0.0,0.38268031849431083,0.23802313969311847,0.061830499129058164
0.2017857142857143,0.0,0.0,0.171875,0.06349206349206349,1.0,0.0,1.0,0.0,0.0,0.38268031849431083,0.24312675726850208,0.0
0.6470238095238096,0.0,0.0,0.3333333333333333,0.38095238095238093,1.0,0.49411764705882355,0.7764705882352941,0.03827751196172249,0.0,0.38268031849431083,0.2454465522535201,0.058915993560621965
0.0011904761904761906,0.0,0.0,0.0,0.0,0.0,0.0,0.0,0.043062200956937795,1.0,0.36409660676800104,0.2294672753849038,0.15232131956765754
0.18154761904761907,0.0,0.0,0.6666666666666666,0.0,0.0,0.22745098039215686,0.4980392156862745,0.057416267942583726,0.6,0.36409660676800104,0.24770564017754745,0.14108607251999386
0.0,0.0,0.0,0.0,0.0,0.0,0.0,0.0,0.0,0.0,0.6601785177338662,0.02914227651061917,0.0
0.4190476190476191,0.0,0.0784313725490196,0.0,0.0,0.0,0.0,0.0,0.0,0.0,0.0,0.4692352315152053,0.0
0.8029761904761905,0.0,0.8470588235294118,0.453125,0.0,0.5372549019607843,0.0,0.0,0.0,0.0,0.38268031849431083,0.23810574386420122,0.10780247969999054
0.4815476190476191,0.0,0.25098039215686274,0.9427083333333333,0.503968253968254,0.0784313725490196,0.06666666666666667,0.12549019607843137,0.0,0.0784313725490196,0.38268031849431083,0.23784901186823432,0.09043047872381382
0.6470238095238096,0.0,0.0,0.3333333333333333,0.38095238095238093,1.0,0.49411764705882355,0.5764705882352941,0.043062200956937795,0.0,0.38268031849431083,0.23885689733902116,0.1071598007362928
0.2017857142857143,0.0,0.0,0.171875,0.06349206349206349,1.0,0.0,1.0,0.0,0.0,0.29608191096586517,0.22360078580399378,0.0
0.0,0.0,0.0,0.0,0.0,0.0,0.0,0.0,0.0,0.0,0.5987359697793793,0.03970592297413732,0.0
0.4702380952380953,0.0,0.0196078431372549,0.19270833333333331,0.1111111111111111,0.0392156862745098,0.14509803921568626,0.13333333333333333,0.0,0.43529411764705883,0.36409660676800104,0.2513630333792572,0.3805379732974648
0.0,0.0,0.0,0.0,0.0,0.0,0.0,0.0,0.0,0.0,0.8578108613199343,0.03970592297413732,0.0
0.4190476190476191,0.0,0.0784313725490196,0.0,0.0,0.0,0.0,0.0,0.0,0.0,0.38268031849431083,0.23888708464912065,0.0
0.4815476190476191,0.0,0.8627450980392157,0.9791666666666666,0.503968253968254,0.0784313725490196,0.06666666666666667,0.12549019607843137,0.0,0.0784313725490196,0.36409660676800104,0.2386496517472373,0.09353619008892736
0.0,0.0,0.0,0.0,0.0,0.0,0.0,0.0,0.0,0.0,0.6552684635065269,0.03983331524312109,0.0
0.36190476190476195,0.0,0.11372549019607843,0.19270833333333331,0.1468253968253968,0.18823529411764706,0.03137254901960784,0.5607843137254902,0.507177033492823,0.12549019607843137,0.38268031849431083,0.2364890967142795,0.41573028647023635
0.18095238095238098,0.0,0.09411764705882353,0.6666666666666666,0.0,1.0,0.12549019607843137,0.5019607843137255,0.028708133971291863,0.8156862745098039,0.38268031849431083,0.26167635501857195,0.12565513389496077
0.4815476190476191,0.0,0.8627450980392157,0.984375,0.503968253968254,0.0784313725490196,0.06666666666666667,0.12549019607843137,0.0,0.0784313725490196,0.36409660676800104,0.23334368036979758,0.10501349543743638
0.6380952380952382,0.0,0.0,0.0,0.0,0.0,0.0,0.0,0.0,0.0,0.26756254955818887,0.30318600232003173,0.0
0.23750000000000002,0.0,0.996078431372549,0.484375,0.0,0.0,0.0,0.23529411764705882,0.0,0.0,0.38268031849431083,0.23872310056707488,0.09303536661017572
0.7148809523809524,0.0,0.16078431372549018,0.203125,0.15476190476190477,0.13725490196078433,0.0,0.0,0.0,0.6039215686274509,0.26756254955818887,0.3030910104653884,0.0
0.8029761904761905,0.0,0.8470588235294118,0.0,0.0,0.5411764705882353,0.0,0.0,0.0,0.0,0.38268031849431083,0.23783158232704613,0.061830499129058164
0.0,0.0,0.0,0.0,0.0,0.0,0.0,0.0,0.0,0.0,0.6398223646956558,0.18576094756826841,0.0
0.0011904761904761906,0.0,0.0,0.0,0.0,0.0,0.0,0.011764705882352941,0.019138755980861243,0.6666666666666666,0.36409660676800104,0.2475575405875999,0.08873032628434999
1.0,0.0,0.0,0.0,0.0,0.0,0.6274509803921569,0.13333333333333333,0.0,0.0,0.08659840752844564,0.4595042447904173,0.04907945341653401
0.29583333333333334,0.0,0.03137254901960784,0.0,0.0,0.0,0.0,0.0,0.0,0.0,0.08659840752844564,0.30372033601435056,0.0
0.2017857142857143,0.0,0.0,0.171875,0.06349206349206349,1.0,0.0,1.0,0.0,0.0,0.36409660676800104,0.22840708561914272,0.0
0.4815476190476191,0.0,0.5254901960784314,0.984375,0.503968253968254,0.0784313725490196,0.06666666666666667,0.12549019607843137,0.0,0.0784313725490196,0.38268031849431083,0.23859561067806734,0.05794936615441648
0.0011904761904761906,0.0,0.0,0.0,0.0,0.0,0.0,0.03137254901960784,0.04784688995215311,0.5098039215686274,0.38268031849431083,0.24754963575241262,0.07302138902942976
0.29583333333333334,0.0,0.03137254901960784,0.0,0.0,0.0,0.0,0.0,0.0,0.0,0.26756254955818887,0.30326622244852997,0.0
0.4702380952380953,0.0,0.0196078431372549,0.18229166666666666,0.12698412698412698,0.0392156862745098,0.13725490196078433,0.12156862745098039,0.0,0.43529411764705883,0.36409660676800104,0.23561291253260153,0.2592665225173058
0.4702380952380953,0.0,0.0196078431372549,0.171875,0.47619047619047616,0.03529411764705882,0.12941176470588234,0.12941176470588234,0.0,0.43529411764705883,0.36409660676800104,0.22128413794502286,0.18476924437563144
0.18154761904761907,0.0,0.9490196078431372,0.6614583333333333,0.0,0.0,0.26666666666666666,0.4980392156862745,0.04784688995215311,0.5490196078431373,0.36409660676800104,0.24792048632884284,0.15215733732059328
0.23750000000000002,0.0,0.996078431372549,0.484375,0.0,0.0,0.0,0.23529411764705882,0.0,0.0,0.38268031849431083,0.23917555828696027,0.09303536661017572
0.18154761904761907,0.0,0.12549019607843137,0.6666666666666666,0.0,0.0,0.12549019607843137,0.4980392156862745,0.023923444976076555,0.0784313725490196,0.3212377705398239,0.2209284593063719,0.2027523734263554
0.29583333333333334,0.0,0.03137254901960784,0.0,0.0,0.0,0.0,0.0,0.0,0.0,0.23463936301137822,0.30381360649474876,0.0
0.4190476190476191,0.0,0.0784313725490196,0.0,0.0,0.0,0.0,0.0,0.0,0.0,0.38268031849431083,0.23873173804403924,0.0
0.8029761904761905,0.0,0.8470588235294118,0.0,0.0,0.5372549019607843,0.0,0.0,0.0,0.0,0.36409660676800104,0.2317166948630375,0.04906614384407297
0.0,0.0,0.0,0.0,0.0,0.0,0.0,0.0,0.0,0.0,0.6051119045196828,0.18492306261144123,0.0
0.8029761904761905,0.0,0.8470588235294118,0.0,0.0,0.5254901960784314,0.0,0.0,0.0,0.0,0.38268031849431083,0.23911104720267076,0.04243987180513695
0.4,0.0,0.1411764705882353,0.0,0.611111111111111,0.11372549019607843,0.592156862745098,0.00784313725490196,0.9043062200956937,0.0,0.38268031849431083,0.24327333854036992,0.03903726011546839
0.0,0.0,0.0,0.0,0.0,0.0,0.0,0.0,0.0,0.0,0.7531528600026154,0.039578367520394175,0.0
0.0,0.0,0.0,0.0,0.0,0.0,0.0,0.0,0.0,0.0,0.813019179752547,0.0402462181515586,0.0
0.6470238095238096,0.0,0.0,0.3333333333333333,0.38095238095238093,1.0,0.49411764705882355,0.5333333333333333,0.043062200956937795,0.0,0.36409660676800104,0.23868638292915811,0.11932164368763958
0.4702380952380953,0.0,0.0196078431372549,0.171875,0.42857142857142855,0.03529411764705882,0.12941176470588234,0.12941176470588234,0.0,0.43529411764705883,0.38268031849431083,0.23932806822598654,0.17347474258732484
0.36190476190476195,0.0,0.10588235294117647,0.18229166666666666,0.1388888888888889,0.18823529411764706,0.03137254901960784,0.5568627450980392,0.5215311004784688,0.07450980392156863,0.36409660676800104,0.2395339081206336,0.2399354784994036
0.18095238095238098,0.0,0.03529411764705882,0.6666666666666666,0.0,1.0,0.12549019607843137,0.5019607843137255,0.07177033492822966,0.7568627450980392,0.36409660676800104,0.2297512474117824,0.19267882617310078
0.4,0.0,0.26666666666666666,0.0,0.611111111111111,0.11372549019607843,0.592156862745098,0.00784313725490196,0.9043062200956937,0.0,0.38268031849431083,0.23684842617347268,0.0391451422959784
0.4,0.0,0.26666666666666666,0.0,0.611111111111111,0.11372549019607843,0.592156862745098,0.00784313725490196,0.9043062200956937,0.0,0.38268031849431083,0.2371253042032287,0.0391451422959784
0.4702380952380953,0.0,0.0196078431372549,0.17708333333333331,0.12698412698412698,0.0392156862745098,0.13333333333333333,0.11764705882352941,0.0,0.43529411764705883,0.38268031849431083,0.23892157323004773,0.21266409650549314
0.0,0.0,0.0,0.0,0.0,0.0,0.0,0.0,0.0,0.0,0.6601785177338662,0.18549594938084102,0.0
0.29583333333333334,0.0,0.03137254901960784,0.0,0.0,0.0,0.0,0.0,0.0,0.0,0.26756254955818887,0.303166785090474,0.0
0.23750000000000002,0.0,0.996078431372549,0.4739583333333333,0.0,0.0,0.0,0.23529411764705882,0.0,0.0,0.1480409554829326,0.23945462438048776,0.06280801564415128
0.7523809523809525,0.0,0.0,0.0,0.0,0.5019607843137255,0.0,0.4117647058823529,1.0,0.07450980392156863,0.26756254955818887,0.3021177960150979,0.0
0.4815476190476191,0.0,0.25098039215686274,0.9947916666666666,0.503968253968254,0.0784313725490196,0.06666666666666667,0.12549019607843137,0.0,0.0784313725490196,0.36409660676800104,0.23952533994815958,0.09173828639682508
0.4702380952380953,0.0,0.0196078431372549,0.17708333333333331,0.2857142857142857,0.0392156862745098,0.13333333333333333,0.12156862745098039,0.0,0.43529411764705883,0.08659840752844564,0.3696536884778426,0.15246285206259988
0.8029761904761905,0.0,0.8470588235294118,0.0,0.0,0.5372549019607843,0.0,0.0,0.0,0.0,0.08659840752844564,0.25445848243171526,0.04906614384407297
0.0,0.0,0.0,0.0,0.0,0.0,0.0,0.0,0.0,0.0,0.6288672479124264,0.03917870033209762,0.0
0.4,0.0,0.39215686274509803,0.0,0.611111111111111,0.11372549019607843,0.592156862745098,0.00784313725490196,0.9043062200956937,0.0,0.1480409554829326,0.36983096260813036,0.07945982888469613
0.4,0.0,0.26666666666666666,0.0,0.611111111111111,0.11372549019607843,0.592156862745098,0.00784313725490196,0.9043062200956937,0.0,0.38268031849431083,0.2369495978770182,0.0391451422959784
0.29583333333333334,0.0,0.03137254901960784,0.0,0.0,0.0,0.0,0.0,0.0,0.0,0.26756254955818887,0.30325266865442,0.0
0.29583333333333334,0.0,0.03137254901960784,0.0,0.0,0.0,0.0,0.0,0.0,0.0,0.26756254955818887,0.3031848719974201,0.0
0.6476190476190476,0.0,1.0,0.0,0.0,0.0,1.0,0.8235294117647058,0.03827751196172249,0.0,0.36409660676800104,0.2369869614214108,0.07194967920803001
0.6476190476190476,0.0,1.0,0.0,0.0,0.0,1.0,0.8117647058823529,0.03827751196172249,0.0,0.36409660676800104,0.24713374816114575,0.06827398375879708
0.18095238095238098,0.0,0.06666666666666667,0.6666666666666666,0.0,1.0,0.00784313725490196,0.5019607843137255,0.04784688995215311,0.9411764705882353,0.34374045372979056,0.2473735906635243,0.1588280709005534
0.0,0.0,0.0,0.0,0.0,0.0,0.0,0.0,0.0,0.0,0.5636444605240541,0.19300060491095383,0.0
0.18095238095238098,0.0,0.09803921568627451,0.6666666666666666,0.0,1.0,0.08627450980392157,0.5019607843137255,0.06698564593301436,0.2823529411764706,0.36409660676800104,0.24747648626351,0.16208156176697144
0.6476190476190476,0.0,1.0,0.0,0.0,0.0,1.0,0.7803921568627451,0.03827751196172249,0.0,0.38268031849431083,0.22952413461284016,0.058310316896628286
0.6476190476190476,0.0,1.0,0.0,0.0,0.0,1.0,0.596078431372549,0.043062200956937795,0.0,0.38268031849431083,0.2261101695426527,0.09982203455030353
0.1904761904761905,0.0,0.0,0.0,0.0,0.0,0.0392156862745098,0.12941176470588234,0.19138755980861244,0.3254901960784314,0.36409660676800104,0.24883381140047905,0.07093186305961137
0.18095238095238098,0.0,0.054901960784313725,0.6666666666666666,0.0,1.0,0.08627450980392157,0.5019607843137255,0.04784688995215311,0.043137254901960784,0.38268031849431083,0.24768985337825622,0.16433484136761964
0.23750000000000002,0.0,0.996078431372549,0.47916666666666663,0.0,0.0,0.0,0.23529411764705882,0.0,0.0,0.38268031849431083,0.2388051263640825,0.07819619029941431
0.7523809523809525,0.0,0.0,0.0,0.0,0.5019607843137255,0.0,0.4117647058823529,1.0,0.07450980392156863,0.23463936301137822,0.30329445359570695,0.0
0.23750000000000002,0.0,0.996078431372549,0.4895833333333333,0.0,0.0,0.0,0.23529411764705882,0.0,0.0,0.1480409554829326,0.3018157164970894,0.1073633717342716
0.2017857142857143,0.0,0.0,0.171875,0.06349206349206349,1.0,0.0,1.0,0.0,0.0,0.36409660676800104,0.2503517390131908,0.0
0.4,0.0,0.39215686274509803,0.0,0.611111111111111,0.11372549019607843,0.592156862745098,0.00784313725490196,0.9043062200956937,0.0,0.38268031849431083,0.23791216839331947,0.07945982888469613
0.23750000000000002,0.0,0.996078431372549,0.47916666666666663,0.0,0.0,0.0,0.23529411764705882,0.0,0.0,0.36409660676800104,0.21939069033188566,0.07819619029941431
0.4,0.0,0.1411764705882353,0.0,0.611111111111111,0.11372549019607843,0.592156862745098,0.00784313725490196,0.9043062200956937,0.0,0.38268031849431083,0.2378773283675597,0.03903726011546839
0.0,0.0,0.0,0.0,0.0,0.0,0.0,0.0,0.0,0.0,0.8438985425464663,0.03937074078611449,0.0
0.5047619047619049,0.0,0.0196078431372549,0.16666666666666666,0.8412698412698412,0.40784313725490196,0.47058823529411764,0.0,0.0,0.8823529411764706,0.38268031849431083,0.24391902455937323,0.17023272125830674
0.4190476190476191,0.0,0.0784313725490196,0.0,0.0,0.0,0.0,0.0,0.0,0.0,0.36409660676800104,0.30311476692575307,0.0
0.4815476190476191,0.0,0.5254901960784314,0.9427083333333333,0.503968253968254,0.0784313725490196,0.06666666666666667,0.12549019607843137,0.0,0.0784313725490196,0.36409660676800104,0.22378160215896112,0.08122271108860214
0.6476190476190476,0.0,1.0,0.0,0.0,0.0,1.0,0.8549019607843137,0.03827751196172249,0.0,0.36409660676800104,0.23902927312022604,0.08159564824919152
0.2017857142857143,0.0,0.0,0.171875,0.06349206349206349,1.0,0.0,1.0,0.0,0.0,0.38268031849431083,0.23410886727534067,0.0
0.23750000000000002,0.0,0.996078431372549,0.4583333333333333,0.0,0.0,0.0,0.2549019607843137,0.0,0.0,0.38268031849431083,0.2383509785044793,0.08563671315738511
0.4,0.0,0.1411764705882353,0.0,0.611111111111111,0.11372549019607843,0.592156862745098,0.00784313725490196,0.9043062200956937,0.0,0.36409660676800104,0.23926365590096396,0.03903726011546839
0.4815476190476191,0.0,0.8627450980392157,0.96875,0.503968253968254,0.0784313725490196,0.06666666666666667,0.12549019607843137,0.0,0.0784313725490196,0.1480409554829326,0.4374839548061502,0.06958552626915337
0.29583333333333334,0.0,0.03137254901960784,0.0,0.0,0.0,0.0,0.0,0.0,0.0,0.23463936301137822,0.30310119249954715,0.0
0.18154761904761907,0.0,0.9490196078431372,0.6614583333333333,0.0,0.0,0.2588235294117647,0.4980392156862745,0.028708133971291863,0.08235294117647059,0.36409660676800104,0.2491590905793377,0.18470122914789133
0.1904761904761905,0.0,0.0,0.0,0.0,0.0,0.00784313725490196,0.16078431372549018,0.20574162679425836,0.13333333333333333,0.38268031849431083,0.23108216977459461,0.17762060994227605
0.7148809523809524,0.0,0.16078431372549018,0.203125,0.15476190476190477,0.13725490196078433,0.0,0.0,0.0,0.6039215686274509,0.23463936301137822,0.3031283395017483,0.0
0.4,0.0,0.26666666666666666,0.0,0.611111111111111,0.11372549019607843,0.592156862745098,0.00784313725490196,0.9043062200956937,0.0,0.0,0.4674460542655121,0.0391451422959784
0.0,0.0,0.0,0.0,0.0,0.0,0.0,0.0,0.0,0.0,0.7228311423096268,0.0404520293318796,0.0
0.4702380952380953,0.0,0.0196078431372549,0.17708333333333331,0.25396825396825395,0.0392156862745098,0.13333333333333333,0.12156862745098039,0.0,0.43529411764705883,0.0,0.582861019262905,0.16041463317173474
0.7523809523809525,0.0,0.0,0.0,0.0,0.5019607843137255,0.0,0.4117647058823529,1.0,0.07450980392156863,0.23463936301137822,0.30346479976819907,0.0
0.0,0.0,0.0,0.0,0.0,0.0,0.0,0.0,0.0,0.0,0.36409660676800104,0.250442006237821,0.0
0.4190476190476191,0.0,0.0784313725490196,0.0,0.0,0.0,0.0,0.0,0.0,0.0,0.38268031849431083,0.23872310056707488,0.0
0.4702380952380953,0.0,0.0196078431372549,0.171875,0.2222222222222222,0.0392156862745098,0.12941176470588234,0.11764705882352941,0.0,0.43529411764705883,0.38268031849431083,0.2386496517472373,0.23643700958079378
0.4815476190476191,0.0,0.8627450980392157,0.9479166666666666,0.503968253968254,0.0784313725490196,0.06666666666666667,0.12549019607843137,0.0,0.0784313725490196,0.38268031849431083,0.239381713354071,0.11494955482310489
0.4,0.0,0.39215686274509803,0.0,0.611111111111111,0.11372549019607843,0.592156862745098,0.00784313725490196,0.9043062200956937,0.0,0.36409660676800104,0.24315980850634383,0.07945982888469613
0.5047619047619049,0.0,0.0196078431372549,0.16666666666666666,0.3968253968253968,0.40784313725490196,0.4627450980392157,0.0,0.0,0.37254901960784315,0.38268031849431083,0.238848270712147,0.050882105429266
0.0,0.0,0.0,0.0,0.0,0.0,0.0,0.0,0.0,0.0,0.5307212739772434,0.03964216567148568,0.0
0.0,0.0,0.0,0.0,0.0,0.0,0.0,0.0,0.0,0.0,0.8418349713984037,0.040909619451805775,0.0
0.4702380952380953,0.0,0.0196078431372549,0.171875,0.25396825396825395,0.0392156862745098,0.12941176470588234,0.11764705882352941,0.0,0.43529411764705883,0.34374045372979056,0.2487928327200501,0.22982401188139656
0.0,0.0,0.0,0.0,0.0,0.0,0.0,0.0,0.0,0.0,0.8418349713984037,0.03972185592335969,0.0
0.0,0.0,0.0,0.0,0.0,0.0,0.0,0.0,0.0,0.0,0.740204777414663,0.04030958998714853,0.0
0.5238095238095238,0.0,0.0,0.16666666666666666,0.0,0.0,0.0,0.0,0.0,0.0,0.38268031849431083,0.24074951204660688,0.0
0.0,0.0,0.0,0.0,0.0,0.0,0.0,0.0,0.0,0.0,0.8519590445170674,0.04105120368365674,0.0
0.0,0.0,0.0,0.0,0.0,0.0,0.0,0.0,0.0,0.0,0.6398223646956558,0.03943467205687737,0.0
0.36190476190476195,0.0,0.09803921568627451,0.171875,0.1349206349206349,0.18823529411764706,0.03137254901960784,0.5607843137254902,0.5023923444976076,0.10588235294117647,0.36409660676800104,0.23909383718610724,0.16977954780628207
0.2017857142857143,0.0,0.0,0.171875,0.06349206349206349,1.0,0.0,1.0,0.0,0.0,0.36409660676800104,0.23414505082300693,0.0
0.18095238095238098,0.0,0.09411764705882353,0.6666666666666666,0.0,1.0,0.0,0.5019607843137255,0.03349282296650718,0.9921568627450981,0.38268031849431083,0.22936532133546028,0.1546673080660033
0.36190476190476195,0.0,0.09803921568627451,0.17708333333333331,0.1388888888888889,0.18823529411764706,0.03137254901960784,0.5568627450980392,0.5263157894736842,0.21568627450980393,0.38268031849431083,0.23405909341932343,0.15863255014617753
0.8029761904761905,0.0,0.8470588235294118,0.0,0.0,0.5411764705882353,0.0,0.0,0.0,0.0,0.1480409554829326,0.45083959237850263,0.061830499129058164
0.5047619047619049,0.0,0.0196078431372549,0.16666666666666666,0.4603174603174603,0.40784313725490196,0.4627450980392157,0.0,0.0,0.30980392156862746,0.38268031849431083,0.2386604564425793,0.0508676210318301
0.0,0.0,0.0,0.0,0.0,0.0,0.0,0.0,0.0,0.0,0.6288672479124264,0.18543696500157167,0.0
0.7523809523809525,0.0,0.0,0.0,0.0,0.5019607843137255,0.0,0.4117647058823529,1.0,0.07450980392156863,0.23463936301137822,0.3035076224858959,0.0
0.1904761904761905,0.0,0.0,0.0,0.0,0.0,0.07058823529411765,0.14509803921568626,0.20574162679425836,0.30196078431372547,0.36409660676800104,0.22934634161781203,0.12494758124929804
0.0,0.0,0.0,0.0,0.0,0.0,0.0,0.0,0.0,0.0,0.687480907459581,0.03972185592335969,0.0
0.7523809523809525,0.0,0.0,0.0,0.0,0.5019607843137255,0.0,0.4117647058823529,1.0,0.07450980392156863,0.23463936301137822,0.3024872818657533,0.0
0.36190476190476195,0.0,0.09411764705882353,0.17708333333333331,0.1349206349206349,0.18823529411764706,0.03137254901960784,0.5607843137254902,0.5454545454545454,0.07450980392156863,0.38268031849431083,0.24114862792891856,0.18653895020705127
0.18095238095238098,0.0,0.08627450980392157,0.6666666666666666,0.0,1.0,0.08627450980392157,0.5019607843137255,0.057416267942583726,0.1803921568627451,0.36409660676800104,0.24930677074363897,0.14690236984205268
0.5238095238095238,0.0,0.0,0.16666666666666666,0.0,0.0,0.0,0.0,0.0,0.0,0.1956994982468579,0.30467808802213403,0.0
0.6470238095238096,0.0,0.0,0.3333333333333333,0.38095238095238093,1.0,0.49411764705882355,0.803921568627451,0.03827751196172249,0.0,0.38268031849431083,0.2387144623408223,0.06764315302754252
0.23750000000000002,0.0,0.996078431372549,0.46354166666666663,0.0,0.0,0.0,0.2549019607843137,0.0,0.0,0.36409660676800104,0.23942675293847654,0.07052635064924392
0.2017857142857143,0.0,0.0,0.171875,0.06349206349206349,1.0,0.0,1.0,0.0,0.0,0.36409660676800104,0.23412469919528955,0.0
0.6380952380952382,0.0,0.0,0.0,0.0,0.0,0.0,0.0,0.0,0.0,0.26756254955818887,0.3032232957701499,0.0
0.4,0.0,0.1411764705882353,0.0,0.611111111111111,0.11372549019607843,0.592156862745098,0.00784313725490196,0.9043062200956937,0.0,0.38268031849431083,0.23842464787550638,0.03903726011546839
0.5047619047619049,0.0,0.0196078431372549,0.16666666666666666,0.6507936507936507,0.40784313725490196,0.4549019607843137,0.0,0.0,0.615686274509804,0.38268031849431083,0.2388051263640825,0.09441425481695417
0.4,0.0,0.01568627450980392,0.0,0.611111111111111,0.11372549019607843,0.592156862745098,0.00784313725490196,0.9043062200956937,0.0,0.38268031849431083,0.23850475560611503,0.07936191258484337
0.36190476190476195,0.0,0.09411764705882353,0.171875,0.13095238095238093,0.18823529411764706,0.03137254901960784,0.5607843137254902,0.5263157894736842,0.09411764705882353,0.23463936301137822,0.2553670151803232,0.20138104111699445
0.0,0.0,0.0,0.0,0.0,0.0,0.0,0.0,0.0,0.0,0.36409660676800104,0.18520067747158211,0.0
0.36190476190476195,0.0,0.09803921568627451,0.17708333333333331,0.1349206349206349,0.18823529411764706,0.03137254901960784,0.5568627450980392,0.5215311004784688,0.22352941176470587,0.38268031849431083,0.2335827229367429,0.1289887323784297
0.4190476190476191,0.0,0.0784313725490196,0.0,0.0,0.0,0.0,0.0,0.0,0.0,0.36409660676800104,0.24582731424205015,0.0
0.6470238095238096,0.0,0.0,0.3333333333333333,0.38095238095238093,1.0,0.49411764705882355,0.8392156862745098,0.03827751196172249,0.0,0.38268031849431083,0.23859561067806734,0.07860129244220064
0.5238095238095238,0.0,0.0,0.16666666666666666,0.0,0.0,0.0,0.0,0.0,0.0,0.38268031849431083,0.23795134885727365,0.0
0.2017857142857143,0.0,0.0,0.171875,0.06349206349206349,1.0,0.0,1.0,0.0,0.0,0.38268031849431083,0.24313295521127273,0.0
0.2017857142857143,0.0,0.0,0.171875,0.06349206349206349,1.0,0.0,1.0,0.0,0.0,0.38268031849431083,0.23107284258268979,0.0
0.7523809523809525,0.0,0.0,0.0,0.0,0.5019607843137255,0.0,0.4117647058823529,1.0,0.07450980392156863,0.26756254955818887,0.30081600610519904,0.0
0.6380952380952382,0.0,0.0,0.0,0.0,0.0,0.0,0.0,0.0,0.0,0.1480409554829326,0.3032334642875373,0.0
0.0,0.0,0.0,0.0,0.0,0.0,0.0,0.0,0.0,0.0,0.6113030032879794,0.028466724661153017,0.0
0.0,0.0,0.0,0.0,0.0,0.0,0.0,0.0,0.0,0.0,0.7299510666881809,0.039306768443617766,0.0
0.0,0.0,0.0,0.0,0.0,0.0,0.0,0.0,0.0,0.0,0.49178140921272306,0.028466724661153017,0.0
0.18154761904761907,0.0,0.0,0.6666666666666666,0.0,0.0,0.22352941176470587,0.4980392156862745,0.057416267942583726,0.08235294117647059,0.38268031849431083,0.24745670690378405,0.18092779384748395
0.1904761904761905,0.0,0.0,0.0,0.0,0.0,0.054901960784313725,0.13725490196078433,0.21531100478468898,0.6431372549019607,0.38268031849431083,0.22929650264042872,0.1109498315231684
0.18154761904761907,0.0,0.054901960784313725,0.6666666666666666,0.0,0.0,0.15294117647058825,0.4980392156862745,0.05263157894736842,0.33725490196078434,0.34374045372979056,0.17733527684984524,0.17299197350026982
0.5047619047619049,0.0,0.0196078431372549,0.16666666666666666,0.7777777777777777,0.40784313725490196,0.4666666666666667,0.0,0.0,0.996078431372549,0.38268031849431083,0.23880296865590298,0.15218187487480447
0.4190476190476191,0.0,0.0784313725490196,0.0,0.0,0.0,0.0,0.0,0.0,0.0,0.3212377705398239,0.2372152336751555,0.0
0.0011904761904761906,0.0,0.0,0.0,0.0,0.0,0.0,0.0,0.014354066985645932,0.1764705882352941,0.36409660676800104,0.22971579516389576,0.15370280072844916
0.36190476190476195,0.0,0.09411764705882353,0.171875,0.13095238095238093,0.18823529411764706,0.03137254901960784,0.5607843137254902,0.5167464114832536,0.10196078431372549,0.36409660676800104,0.23459849010129105,0.21572540452714456
0.0,0.0,0.0,0.0,0.0,0.0,0.0,0.0,0.0,0.0,0.8057785557650592,0.02965476334274653,0.0
0.5047619047619049,0.0,0.0196078431372549,0.16666666666666666,0.20634920634920634,0.40784313725490196,0.4588235294117647,0.0,0.0,0.047058823529411764,0.36409660676800104,0.23850475560611503,0.1348517096987047
0.5047619047619049,0.0,0.0196078431372549,0.16666666666666666,0.9682539682539681,0.40784313725490196,0.4588235294117647,0.0,0.0,0.8,0.38268031849431083,0.2350789975993303,0.13512374973921334
0.1904761904761905,0.0,0.0,0.0,0.0,0.0,0.0784313725490196,0.07450980392156863,0.1770334928229665,0.6039215686274509,0.36409660676800104,0.23066860323726843,0.11036319165011925
0.18154761904761907,0.0,0.10588235294117647,0.6666666666666666,0.0,0.0,0.29411764705882354,0.4980392156862745,0.04784688995215311,0.611764705882353,0.38268031849431083,0.24705830636816922,0.1520951492903904
0.1904761904761905,0.0,0.06274509803921569,0.0,0.0,0.0,0.03137254901960784,0.14509803921568626,0.16746411483253587,0.043137254901960784,0.36409660676800104,0.16869898239648828,0.221415775169839
0.36190476190476195,0.0,0.09803921568627451,0.171875,0.13095238095238093,0.18823529411764706,0.03137254901960784,0.5607843137254902,0.507177033492823,0.0392156862745098,0.38268031849431083,0.23911965109567943,0.22557378807096162
0.0,0.0,0.0,0.0,0.0,0.0,0.0,0.0,0.0,0.0,0.6958575870635337,0.040499463871658384,0.0
0.36190476190476195,0.0,0.10196078431372549,0.18229166666666666,0.1388888888888889,0.18823529411764706,0.03137254901960784,0.5607843137254902,0.5311004784688995,0.0,0.08659840752844564,0.36994954839894756,0.24988675427743356
0.4190476190476191,0.0,0.0784313725490196,0.0,0.0,0.0,0.0,0.0,0.0,0.0,0.36409660676800104,0.23862155405145374,0.0
0.18095238095238098,0.0,0.08627450980392157,0.6666666666666666,0.0,1.0,0.13333333333333333,0.5019607843137255,0.06698564593301436,0.22745098039215686,0.38268031849431083,0.2474745085043248,0.15144946273596424
0.8029761904761905,0.0,0.8470588235294118,0.4895833333333333,0.0,0.5411764705882353,0.0,0.0,0.0,0.0,0.38268031849431083,0.2393902938932791,0.12633707960932627
0.4190476190476191,0.0,0.0784313725490196,0.0,0.0,0.0,0.0,0.0,0.0,0.0,0.1956994982468579,0.3900036312597578,0.0
0.2017857142857143,0.0,0.0,0.171875,0.06349206349206349,1.0,0.0,1.0,0.0,0.0,0.36409660676800104,0.23251742350422552,0.0
0.0,0.0,0.0,0.0,0.0,0.0,0.0,0.0,0.0,0.0,0.7851767696321215,0.040372921518221534,0.0
0.36190476190476195,0.0,0.09803921568627451,0.171875,0.1349206349206349,0.18823529411764706,0.03137254901960784,0.5568627450980392,0.5167464114832536,0.23137254901960785,0.38268031849431083,0.23056318477651738,0.169372075340706
0.6470238095238096,0.0,0.0,0.3333333333333333,0.38095238095238093,1.0,0.49411764705882355,0.8196078431372549,0.03827751196172249,0.0,0.36409660676800104,0.23898405335333808,0.0725491091254756
0.4190476190476191,0.0,0.0784313725490196,0.0,0.0,0.0,0.0,0.0,0.0,0.0,0.38268031849431083,0.23705066689377513,0.0
0.4702380952380953,0.0,0.0196078431372549,0.17708333333333331,0.38095238095238093,0.03529411764705882,0.13333333333333333,0.12941176470588234,0.0,0.43529411764705883,0.26756254955818887,0.18915390408231833,0.1072408630047807
0.4815476190476191,0.0,0.047058823529411764,0.984375,0.503968253968254,0.0784313725490196,0.06666666666666667,0.12549019607843137,0.0,0.0784313725490196,0.38268031849431083,0.23865181278009687,0.09611920969509093
0.4702380952380953,0.0,0.0196078431372549,0.171875,0.38095238095238093,0.03529411764705882,0.12941176470588234,0.12941176470588234,0.0,0.43529411764705883,0.38268031849431083,0.23753918308129518,0.16186499921721584
0.0,0.0,0.0,0.0,0.0,0.0,0.0,0.0,0.0,0.0,0.6398223646956558,0.18827254627685566,0.0
0.6380952380952382,0.0,0.0,0.0,0.0,0.0,0.0,0.0,0.0,0.0,0.26756254955818887,0.30300498730145686,0.0
0.0011904761904761906,0.0,0.0,0.0,0.0,0.0,0.0,0.023529411764705882,0.0,0.7490196078431373,0.36409660676800104,0.24834291133099873,0.12606205375744875
0.6476190476190476,0.0,1.0,0.0,0.0,0.0,1.0,0.7843137254901961,0.03827751196172249,0.0,0.38268031849431083,0.23902927312022604,0.05956890489190951
0.8029761904761905,0.0,0.8470588235294118,0.0,0.0,0.5019607843137255,0.0,0.0,0.0,0.0,0.38268031849431083,0.23409755721979678,0.11478909676375512
0.0,0.0,0.0,0.0,0.0,0.0,0.0,0.0,0.0,0.0,0.5307212739772434,0.03991285272932955,0.0
0.6476190476190476,0.0,1.0,0.0,0.0,0.0,1.0,0.8392156862745098,0.03827751196172249,0.0,0.1480409554829326,0.34010767034178335,0.076800622519469
0.4702380952380953,0.0,0.0196078431372549,0.171875,0.19047619047619047,0.0392156862745098,0.12941176470588234,0.11764705882352941,0.0,0.43529411764705883,0.38268031849431083,0.23805140672677716,0.24294652114860976
0.4702380952380953,0.0,0.0196078431372549,0.17708333333333331,0.2857142857142857,0.0392156862745098,0.13333333333333333,0.12156862745098039,0.0,0.43529411764705883,0.38268031849431083,0.22966377569137122,0.15246285206259988
0.0011904761904761906,0.0,0.0,0.0,0.0,0.0,0.0,0.0,0.023923444976076555,0.38823529411764707,0.36409660676800104,0.22956439026479106,0.10958745068934658
0.0011904761904761906,0.0,0.0,0.0,0.0,0.0,0.0,0.023529411764705882,0.06698564593301436,0.09803921568627451,0.38268031849431083,0.2469927447248873,0.1379450499621774
0.36190476190476195,0.0,0.09411764705882353,0.17708333333333331,0.1349206349206349,0.18823529411764706,0.03137254901960784,0.5607843137254902,0.5502392344497608,0.00392156862745098,0.38268031849431083,0.2384787817809751,0.22543631220419844
0.6470238095238096,0.0,0.0,0.3333333333333333,0.38095238095238093,1.0,0.49411764705882355,0.796078431372549,0.03827751196172249,0.0,0.0,0.537499301725517,0.06516830572619194
0.6476190476190476,0.0,1.0,0.0,0.0,0.0,1.0,0.8274509803921568,0.03827751196172249,0.0,0.36409660676800104,0.23881375672928648,0.07316772868281671
0.4815476190476191,0.0,0.5254901960784314,0.9635416666666666,0.503968253968254,0.0784313725490196,0.06666666666666667,0.12549019607843137,0.0,0.0784313725490196,0.26756254955818887,0.29645883087138086,0.030280014737199847
0.7523809523809525,0.0,0.0,0.0,0.0,0.5019607843137255,0.0,0.4117647058823529,1.0,0.07450980392156863,0.23463936301137822,0.3028916855891726,0.0
0.5047619047619049,0.0,0.0196078431372549,0.16666666666666666,0.5238095238095237,0.40784313725490196,0.47058823529411764,0.0,0.0,0.6941176470588235,0.38268031849431083,0.23676697427613735,0.10563193513988299
0.8029761904761905,0.0,0.8470588235294118,0.0,0.0,0.5372549019607843,0.0,0.0,0.0,0.0,0.36409660676800104,0.25903674612039856,0.04906614384407297
0.7148809523809524,0.0,0.16078431372549018,0.203125,0.15476190476190477,0.13725490196078433,0.0,0.0,0.0,0.6039215686274509,0.26756254955818887,0.30314304103841655,0.0
0.4815476190476191,0.0,0.047058823529411764,0.9895833333333333,0.503968253968254,0.0784313725490196,0.06666666666666667,0.12549019607843137,0.0,0.0784313725490196,0.34374045372979056,0.24373027592240884,0.10752643321777919
0.4702380952380953,0.0,0.0196078431372549,0.17708333333333331,0.12698412698412698,0.0392156862745098,0.13333333333333333,0.11764705882352941,0.0,0.43529411764705883,0.36409660676800104,0.2394974882949019,0.21266409650549314
0.6476190476190476,0.0,1.0,0.0,0.0,0.0,1.0,0.4784313725490196,0.043062200956937795,0.0,0.38268031849431083,0.23870366350412195,0.13271034380725855
0.0,0.0,0.0,0.0,0.0,0.0,0.0,0.0,0.0,0.0,0.7851767696321215,0.04051527036496808,0.0
0.4190476190476191,0.0,0.0784313725490196,0.0,0.0,0.0,0.0,0.0,0.0,0.0,0.36409660676800104,0.2386690993548302,0.0
0.0011904761904761906,0.0,0.0,0.0,0.0,0.0,0.0,0.03137254901960784,0.06698564593301436,0.9647058823529412,0.38268031849431083,0.25326019476211714,0.1677287699804985
0.6470238095238096,0.0,0.0,0.3333333333333333,0.38095238095238093,1.0,0.49411764705882355,0.8705882352941177,0.03827751196172249,0.0,0.36409660676800104,0.2388957079142658,0.08810528152873025
0.1904761904761905,0.0,0.0,0.0,0.0,0.0,0.01568627450980392,0.0,0.20095693779904306,0.34901960784313724,0.38268031849431083,0.25490552529282956,0.16731953729766957
0.8029761904761905,0.0,0.8470588235294118,0.0,0.0,0.5294117647058824,0.0,0.0,0.0,0.0,0.3212377705398239,0.24018932536146734,0.029056529062786718
0.0011904761904761906,0.0,0.0,0.0,0.0,0.0,0.0,0.00392156862745098,0.06220095693779904,0.7803921568627451,0.36409660676800104,0.2296259262718324,0.14521180161089142
0.7148809523809524,0.0,0.16078431372549018,0.203125,0.15476190476190477,0.13725490196078433,0.0,0.0,0.0,0.6039215686274509,0.0,0.47759875286389475,0.0
0.23750000000000002,0.0,0.996078431372549,0.47916666666666663,0.0,0.0,0.0,0.23529411764705882,0.0,0.0,0.36409660676800104,0.23895820426377093,0.07819619029941431
0.18154761904761907,0.0,0.9490196078431372,0.6614583333333333,0.0,0.0,0.15294117647058825,0.4980392156862745,0.043062200956937795,0.4666666666666667,0.38268031849431083,0.22886590092468842,0.15931318587955096
0.0,0.0,0.0,0.0,0.0,0.0,0.0,0.0,0.0,0.0,0.9970128470783314,0.03997643700809555,0.0
0.4,0.0,0.1411764705882353,0.0,0.611111111111111,0.11372549019607843,0.592156862745098,0.00784313725490196,0.9043062200956937,0.0,0.38268031849431083,0.23882238634656536,0.03903726011546839
0.5047619047619049,0.0,0.0196078431372549,0.16666666666666666,0.7777777777777777,0.40784313725490196,0.47058823529411764,0.0,0.0,0.9450980392156862,0.38268031849431083,0.2381687378199761,0.17022184965539877
0.0011904761904761906,0.0,0.0,0.0,0.0,0.0,0.0,0.0,0.07177033492822966,0.6941176470588235,0.38268031849431083,0.22955491981066678,0.16109143657044747
0.29583333333333334,0.0,0.03137254901960784,0.0,0.0,0.0,0.0,0.0,0.0,0.0,0.0,0.4919276931324238,0.0
0.1904761904761905,0.0,0.0,0.0,0.0,0.0,0.00784313725490196,0.07450980392156863,0.2200956937799043,0.2823529411764706,0.36409660676800104,0.24796182550317253,0.17129026141486509
0.0,0.0,0.0,0.0,0.0,0.0,0.0,0.0,0.0,0.0,0.715465655440872,0.04038874810941524,0.0
0.4815476190476191,0.0,0.5254901960784314,0.9479166666666666,0.503968253968254,0.0784313725490196,0.06666666666666667,0.12549019607843137,0.0,0.0784313725490196,0.08659840752844564,0.4595329352423415,0.06905989193304861
0.0,0.0,0.0,0.0,0.0,0.0,0.0,0.0,0.0,0.0,0.5921638219317304,0.2511230881290516,0.0
0.18154761904761907,0.0,0.984313725490196,0.6614583333333333,0.0,0.0,0.14901960784313725,0.4980392156862745,0.023923444976076555,0.9215686274509803,0.38268031849431083,0.218685456587528,0.21527970005782848
0.4190476190476191,0.0,0.0784313725490196,0.0,0.0,0.0,0.0,0.0,0.0,0.0,0.1956994982468579,0.30388097657640445,0.0
0.7523809523809525,0.0,0.0,0.0,0.0,0.5019607843137255,0.0,0.4117647058823529,1.0,0.07450980392156863,0.26756254955818887,0.3028678758418554,0.0
0.4190476190476191,0.0,0.0784313725490196,0.0,0.0,0.0,0.0,0.0,0.0,0.0,0.36409660676800104,0.24323826125783096,0.0
0.5238095238095238,0.0,0.0,0.16666666666666666,0.0,0.0,0.0,0.0,0.0,0.0,0.23463936301137822,0.36975047524087673,0.0
0.6470238095238096,0.0,0.0,0.3333333333333333,0.38095238095238093,1.0,0.49411764705882355,0.788235294117647,0.03827751196172249,0.0,0.38268031849431083,0.2384960984171576,0.06267864634633653
0.8029761904761905,0.0,0.8470588235294118,0.0,0.0,0.5019607843137255,0.0,0.0,0.0,0.0,0.23463936301137822,0.24491224517907645,0.11478909676375512
0.2017857142857143,0.0,0.0,0.171875,0.06349206349206349,1.0,0.0,1.0,0.0,0.0,0.38268031849431083,0.2342106000099194,0.0
0.7148809523809524,0.0,0.16078431372549018,0.203125,0.15476190476190477,0.13725490196078433,0.0,0.0,0.0,0.6039215686274509,0.23463936301137822,0.30318148095260056,0.0
0.4,0.0,0.01568627450980392,0.0,0.611111111111111,0.11372549019607843,0.592156862745098,0.00784313725490196,0.9043062200956937,0.0,0.38268031849431083,0.239488916987976,0.07936191258484337
0.6470238095238096,0.0,0.0,0.3333333333333333,0.38095238095238093,1.0,0.49411764705882355,0.803921568627451,0.03827751196172249,0.0,0.38268031849431083,0.2390572560219698,0.06764315302754252
0.6380952380952382,0.0,0.0,0.0,0.0,0.0,0.0,0.0,0.0,0.0,0.23463936301137822,0.3030955359424389,0.0
0.4190476190476191,0.0,0.0784313725490196,0.0,0.0,0.0,0.0,0.0,0.0,0.0,0.38268031849431083,0.2386971836399324,0.0
0.18095238095238098,0.0,0.09803921568627451,0.6666666666666666,0.0,1.0,0.984313725490196,0.4980392156862745,0.03349282296650718,0.9137254901960784,0.36409660676800104,0.2293866691945808,0.2574487527402402
0.0011904761904761906,0.0,0.0,0.0,0.0,0.0,0.0,0.011764705882352941,0.009569377990430622,0.8941176470588235,0.36409660676800104,0.250418967064655,0.13702245682710154
0.09523809523809525,0.0,0.3607843137254902,0.6875,0.47619047619047616,0.03529411764705882,0.0,0.12156862745098039,0.009569377990430622,0.0,0.08659840752844564,0.4594374251446794,0.09657269681964482
0.36190476190476195,0.0,0.09803921568627451,0.171875,0.13095238095238093,0.18823529411764706,0.03137254901960784,0.5607843137254902,0.5167464114832536,0.09803921568627451,0.0,0.4929948091000066,0.18260500585657977
0.18154761904761907,0.0,0.9686274509803922,0.6614583333333333,0.0,0.0,0.1803921568627451,0.4980392156862745,0.009569377990430622,0.058823529411764705,0.38268031849431083,0.24750021631030877,0.22272254786823795
0.7523809523809525,0.0,0.0,0.0,0.0,0.5019607843137255,0.0,0.4117647058823529,1.0,0.07450980392156863,0.26756254955818887,0.30765951465712776,0.0
0.1904761904761905,0.0,0.3137254901960784,0.0,0.0,0.0,0.00784313725490196,0.12549019607843137,0.16267942583732056,0.6509803921568628,0.23463936301137822,0.35977437100864407,0.40698314355475945
0.4,0.0,0.1411764705882353,0.0,0.611111111111111,0.11372549019607843,0.592156862745098,0.00784313725490196,0.9043062200956937,0.0,0.38268031849431083,0.23826857760010695,0.03903726011546839
0.23750000000000002,0.0,0.996078431372549,0.46354166666666663,0.0,0.0,0.0,0.2549019607843137,0.0,0.0,0.38268031849431083,0.24071353419587255,0.07052635064924392
0.5238095238095238,0.0,0.0,0.16666666666666666,0.0,0.0,0.0,0.0,0.0,0.0,0.38268031849431083,0.2367845911434521,0.0
0.18154761904761907,0.0,0.10588235294117647,0.6666666666666666,0.0,0.0,0.2549019607843137,0.4980392156862745,0.07177033492822966,0.9803921568627451,0.23463936301137822,0.29919506003202145,0.21269637838021843
0.0011904761904761906,0.0,0.0,0.0,0.0,0.0,0.0,0.03137254901960784,0.03349282296650718,0.011764705882352941,0.38268031849431083,0.2290873818879775,0.12287965033138243
0.4702380952380953,0.0,0.0196078431372549,0.171875,0.5079365079365079,0.03529411764705882,0.12941176470588234,0.12941176470588234,0.0,0.43529411764705883,0.38268031849431083,0.2391734085906839,0.19213206364711788
0.23750000000000002,0.0,0.996078431372549,0.46354166666666663,0.0,0.0,0.0,0.2549019607843137,0.0,0.0,0.38268031849431083,0.23632111233535827,0.07052635064924392
0.4815476190476191,0.0,0.25098039215686274,0.9895833333333333,0.503968253968254,0.0784313725490196,0.06666666666666667,0.12549019607843137,0.0,0.0784313725490196,0.36409660676800104,0.23941817554047504,0.07988344531547721
0.18154761904761907,0.0,0.054901960784313725,0.6666666666666666,0.0,0.0,0.2392156862745098,0.4980392156862745,0.05263157894736842,0.2549019607843137,0.36409660676800104,0.22941512588939938,0.15283441925739813
0.1904761904761905,0.0,0.0,0.0,0.0,0.0,0.0392156862745098,0.13333333333333333,0.15789473684210525,0.44705882352941173,0.36409660676800104,0.22930599770233917,0.11040172505444665
0.18095238095238098,0.0,0.08627450980392157,0.6666666666666666,0.0,1.0,0.027450980392156862,0.5019607843137255,0.0,0.14509803921568626,0.1956994982468579,0.37085194397667953,0.18021575427996372
0.2017857142857143,0.0,0.0,0.171875,0.06349206349206349,1.0,0.0,1.0,0.0,0.0,0.38268031849431083,0.24315980850634383,0.0
0.18095238095238098,0.0,0.050980392156862744,0.6666666666666666,0.0,1.0,0.058823529411764705,0.5019607843137255,0.004784688995215311,0.7215686274509804,0.34374045372979056,0.21923586183100044,0.17283111773076534
0.6380952380952382,0.0,0.0,0.0,0.0,0.0,0.0,0.0,0.0,0.0,0.26756254955818887,0.3033091306297596,0.0
0.23750000000000002,0.0,0.996078431372549,0.44791666666666663,0.0,0.0,0.0,0.23529411764705882,0.0,0.0,0.38268031849431083,0.23947177216044296,0.09241251950922756
0.4815476190476191,0.0,0.047058823529411764,0.9635416666666666,0.503968253968254,0.0784313725490196,0.06666666666666667,0.12549019607843137,0.0,0.0784313725490196,0.29608191096586517,0.24529303022581736,0.07095072540155607
0.0,0.0,0.0,0.0,0.0,0.0,0.0,0.0,0.0,0.0,0.7334239554396924,0.03970592297413732,0.0
0.6470238095238096,0.0,0.0,0.3333333333333333,0.38095238095238093,1.0,0.49411764705882355,0.7372549019607844,0.03827751196172249,0.0,0.38268031849431083,0.2097680084969195,0.046122182590530775
0.18154761904761907,0.0,0.9333333333333333,0.6614583333333333,0.0,0.0,0.13725490196078433,0.4980392156862745,0.07177033492822966,0.2392156862745098,0.36409660676800104,0.20486644658647454,0.23285387862516768
0.0,0.0,0.0,0.0,0.0,0.0,0.0,0.0,0.0,0.0,0.9856879897140093,0.04103548203995318,0.0
0.4815476190476191,0.0,0.8627450980392157,0.9479166666666666,0.503968253968254,0.0784313725490196,0.06666666666666667,0.12549019607843137,0.0,0.0784313725490196,0.3212377705398239,0.2410748381686458,0.11494955482310489
0.6470238095238096,0.0,0.0,0.3333333333333333,0.38095238095238093,1.0,0.49411764705882355,0.8392156862745098,0.03827751196172249,0.0,0.36409660676800104,0.23874037477184537,0.07860129244220064
0.29583333333333334,0.0,0.03137254901960784,0.0,0.0,0.0,0.0,0.0,0.0,0.0,0.0,0.4928298392854611,0.0
0.4702380952380953,0.0,0.0196078431372549,0.171875,0.49206349206349204,0.03529411764705882,0.12941176470588234,0.12941176470588234,0.0,0.43529411764705883,0.36409660676800104,0.23990377786805936,0.18846694393317856
0.6380952380952382,0.0,0.0,0.0,0.0,0.0,0.0,0.0,0.0,0.0,0.23463936301137822,0.30308195889423745,0.0
0.6470238095238096,0.0,0.0,0.3333333333333333,0.38095238095238093,1.0,0.49411764705882355,0.49411764705882355,0.043062200956937795,0.0,0.08659840752844564,0.3714989417743549,0.13007754312487232
0.4,0.0,0.26666666666666666,0.0,0.611111111111111,0.11372549019607843,0.592156862745098,0.00784313725490196,0.9043062200956937,0.0,0.38268031849431083,0.23740141450245222,0.0391451422959784
0.5238095238095238,0.0,0.0,0.16666666666666666,0.0,0.0,0.0,0.0,0.0,0.0,0.1956994982468579,0.33684774029691866,0.0
0.36190476190476195,0.0,0.10196078431372549,0.18229166666666666,0.1388888888888889,0.18823529411764706,0.03137254901960784,0.5568627450980392,0.5167464114832536,0.01568627450980392,0.0,0.5502473968432857,0.23961162718172516
0.0,0.0,0.0,0.0,0.0,0.0,0.0,0.0,0.0,0.0,0.5987359697793793,0.28576042914764216,0.0
0.4190476190476191,0.0,0.0784313725490196,0.0,0.0,0.0,0.0,0.0,0.0,0.0,0.38268031849431083,0.23875980467097221,0.0
0.1904761904761905,0.0,0.0,0.0,0.0,0.0,0.00784313725490196,0.12549019607843137,0.20095693779904306,0.16078431372549018,0.38268031849431083,0.2475081250694022,0.14630019805351585
0.5047619047619049,0.0,0.0196078431372549,0.16666666666666666,0.4603174603174603,0.40784313725490196,0.4588235294117647,0.0,0.0,0.2980392156862745,0.38268031849431083,0.2386496517472373,0.06401391597516236
0.4190476190476191,0.0,0.0784313725490196,0.0,0.0,0.0,0.0,0.0,0.0,0.0,0.38268031849431083,0.23874901075062316,0.0
0.1904761904761905,0.0,0.0,0.0,0.0,0.0,0.06274509803921569,0.2,0.20574162679425836,0.30980392156862746,0.38268031849431083,0.22929650264042872,0.1487030590492272
0.6470238095238096,0.0,0.0,0.3333333333333333,0.38095238095238093,1.0,0.49411764705882355,0.8549019607843137,0.03827751196172249,0.0,0.36409660676800104,0.23886767957177016,0.08338042879510209
0.18095238095238098,0.0,0.07450980392156863,0.6666666666666666,0.0,1.0,0.10588235294117647,0.5019607843137255,0.06220095693779904,0.5098039215686274,0.38268031849431083,0.22952413461284016,0.10710341232419607
0.2017857142857143,0.0,0.0,0.171875,0.06349206349206349,1.0,0.0,1.0,0.0,0.0,0.38268031849431083,0.23419252178495714,0.0
0.8029761904761905,0.0,0.8470588235294118,0.0,0.0,0.5294117647058824,0.0,0.0,0.0,0.0,0.36409660676800104,0.23960670783561752,0.029056529062786718
0.4702380952380953,0.0,0.0196078431372549,0.18229166666666666,0.4444444444444444,0.03529411764705882,0.13725490196078433,0.13333333333333333,0.0,0.43137254901960786,0.1480409554829326,0.32966387763695915,0.2532505400103412
0.7148809523809524,0.0,0.16078431372549018,0.203125,0.15476190476190477,0.13725490196078433,0.0,0.0,0.0,0.6039215686274509,0.23463936301137822,0.30320069534652977,0.0
0.5047619047619049,0.0,0.0196078431372549,0.16666666666666666,0.4603174603174603,0.40784313725490196,0.4666666666666667,0.0,0.0,0.3058823529411765,0.36409660676800104,0.23897543773569235,0.08191265730191238
0.7523809523809525,0.0,0.0,0.0,0.0,0.5019607843137255,0.0,0.4117647058823529,1.0,0.07450980392156863,0.23463936301137822,0.3030197070596192,0.0
0.0,0.0,0.0,0.0,0.0,0.0,0.0,0.0,0.0,0.0,0.6787622294601761,0.04010348389204519,0.0
0.1904761904761905,0.0,0.3137254901960784,0.0,0.0,0.0,0.06274509803921569,0.043137254901960784,0.16746411483253587,0.3568627450980392,0.08659840752844564,0.4311071456005246,0.40046041355275436
0.18154761904761907,0.0,0.0,0.6666666666666666,0.0,0.0,0.19215686274509802,0.4980392156862745,0.05263157894736842,0.2901960784313725,0.36409660676800104,0.22928700667304752,0.1638849820006291
0.0,0.0,0.0,0.0,0.0,0.0,0.0,0.0,0.0,0.0,0.6051119045196828,0.18978072058888215,0.0
0.36190476190476195,0.0,0.09803921568627451,0.17708333333333331,0.1349206349206349,0.18823529411764706,0.03137254901960784,0.5607843137254902,0.5215311004784688,0.0196078431372549,0.36409660676800104,0.2408193143180259,0.14521812040861207
0.0,0.0,0.0,0.0,0.0,0.0,0.0,0.0,0.0,0.0,0.776908203395359,0.028680552358070238,0.0
0.23750000000000002,0.0,0.996078431372549,0.4583333333333333,0.0,0.0,0.0,0.2549019607843137,0.0,0.0,0.0,0.5938051329954466,0.08563671315738511
0.5047619047619049,0.0,0.0196078431372549,0.16666666666666666,0.2698412698412698,0.40784313725490196,0.4627450980392157,0.0,0.0,0.4980392156862745,0.36409660676800104,0.2386690993548302,0.05091107271119228
0.0,0.0,0.0,0.0,0.0,0.0,0.0,0.0,0.0,0.0,0.9970128470783314,0.04072052678053876,0.0
0.4,0.0,0.26666666666666666,0.0,0.611111111111111,0.11372549019607843,0.592156862745098,0.00784313725490196,0.9043062200956937,0.0,0.38268031849431083,0.23536083251337694,0.0391451422959784
0.6470238095238096,0.0,0.0,0.3333333333333333,0.38095238095238093,1.0,0.49411764705882355,0.8666666666666667,0.03827751196172249,0.0,0.36409660676800104,0.2536345842550441,0.08692909004462669
0.18154761904761907,0.0,0.984313725490196,0.6614583333333333,0.0,0.0,0.2196078431372549,0.4980392156862745,0.009569377990430622,0.6627450980392157,0.38268031849431083,0.253944577141365,0.175462468547226
0.6476190476190476,0.0,1.0,0.0,0.0,0.0,1.0,0.8313725490196078,0.03827751196172249,0.0,0.36409660676800104,0.2387684389649113,0.0743822219531151
0.4815476190476191,0.0,0.047058823529411764,0.9895833333333333,0.503968253968254,0.0784313725490196,0.06666666666666667,0.12549019607843137,0.0,0.0784313725490196,0.38268031849431083,0.2496343818869304,0.10752643321777919
0.0,0.0,0.0,0.0,0.0,0.0,0.0,0.0,0.0,0.0,0.5636444605240541,0.19047024961360684,0.0
0.0011904761904761906,0.0,0.0,0.0,0.0,0.0,0.0,0.0,0.06698564593301436,0.6745098039215687,0.38268031849431083,0.24727455221704903,0.15092064744620284
0.0011904761904761906,0.0,0.0,0.0,0.0,0.0,0.0,0.03529411764705882,0.03349282296650718,0.30980392156862746,0.38268031849431083,0.2272846306865217,0.0938964432127759
0.4702380952380953,0.0,0.0196078431372549,0.18229166666666666,0.38095238095238093,0.03529411764705882,0.13725490196078433,0.13333333333333333,0.0,0.43137254901960786,0.38268031849431083,0.2371801489092657,0.24045407765668297
0.5238095238095238,0.0,0.0,0.16666666666666666,0.0,0.0,0.0,0.0,0.0,0.0,0.1480409554829326,0.3696020690555909,0.0
0.23750000000000002,0.0,0.996078431372549,0.44791666666666663,0.0,0.0,0.0,0.23529411764705882,0.0,0.0,0.38268031849431083,0.24044646884170848,0.09241251950922756
0.6476190476190476,0.0,1.0,0.0,0.0,0.0,1.0,0.8274509803921568,0.03827751196172249,0.0,0.38268031849431083,0.2419483645672253,0.07316772868281671
0.4702380952380953,0.0,0.0196078431372549,0.171875,0.4444444444444444,0.03529411764705882,0.12941176470588234,0.12941176470588234,0.0,0.43529411764705883,0.38268031849431083,0.23702211430809472,0.17727375220711925
0.6470238095238096,0.0,0.0,0.3333333333333333,0.38095238095238093,1.0,0.49411764705882355,0.7725490196078432,0.03827751196172249,0.0,0.26756254955818887,0.3884511635308917,0.05765417462933457
0.36190476190476195,0.0,0.09803921568627451,0.171875,0.13095238095238093,0.18823529411764706,0.03137254901960784,0.5568627450980392,0.5215311004784688,0.09803921568627451,0.36409660676800104,0.2386777415169797,0.1582105579249528
0.1904761904761905,0.0,0.0,0.0,0.0,0.0,0.10196078431372549,0.2,0.2200956937799043,0.16078431372549018,0.38268031849431083,0.24744088058676747,0.22637911777078085
0.0,0.0,0.0,0.0,0.0,0.0,0.0,0.0,0.0,0.0,0.8008114027665407,0.03964216567148568,0.0
0.1904761904761905,0.0,0.0,0.0,0.0,0.0,0.047058823529411764,0.0784313725490196,0.15311004784688995,0.11764705882352941,0.08659840752844564,0.3452316749326923,0.15496868832448596
0.0,0.0,0.0,0.0,0.0,0.0,0.0,0.0,0.0,0.0,0.7116854160069869,0.0401669466006328,0.0
0.0,0.0,0.0,0.0,0.0,0.0,0.0,0.0,0.0,0.0,0.8245667461592844,0.02860932746484931,0.0
0.5238095238095238,0.0,0.0,0.16666666666666666,0.0,0.0,0.0,0.0,0.0,0.0,0.38268031849431083,0.23882238634656536,0.0
0.6380952380952382,0.0,0.0,0.0,0.0,0.0,0.0,0.0,0.0,0.0,0.26756254955818887,0.3031486948976991,0.0
0.8029761904761905,0.0,0.8470588235294118,0.0,0.0,0.5294117647058824,0.0,0.0,0.0,0.0,0.38268031849431083,0.23476940325261708,0.029056529062786718
0.4190476190476191,0.0,0.0784313725490196,0.0,0.0,0.0,0.0,0.0,0.0,0.0,0.36409660676800104,0.24264835345788785,0.0
0.7523809523809525,0.0,0.0,0.0,0.0,0.5019607843137255,0.0,0.4117647058823529,1.0,0.07450980392156863,0.26756254955818887,0.30156557939970674,0.0
0.4,0.0,0.26666666666666666,0.0,0.611111111111111,0.11372549019607843,0.592156862745098,0.00784313725490196,0.9043062200956937,0.0,0.38268031849431083,0.2375107702479048,0.0391451422959784
0.1904761904761905,0.0,0.0,0.0,0.0,0.0,0.0392156862745098,0.12549019607843137,0.2248803827751196,0.2980392156862745,0.36409660676800104,0.22930599770233917,0.13383744941171802
0.0011904761904761906,0.0,0.0,0.0,0.0,0.0,0.0,0.03137254901960784,0.05263157894736842,0.6235294117647059,0.38268031849431083,0.20525705749889125,0.09879505461044888
0.4190476190476191,0.0,0.0784313725490196,0.0,0.0,0.0,0.0,0.0,0.0,0.0,0.38268031849431083,0.23870582336515153,0.0
0.0,0.0,0.0,0.0,0.0,0.0,0.0,0.0,0.0,0.0,0.6649782242696144,0.03949856230861062,0.0
0.8583333333333334,0.0,0.01568627450980392,0.0,0.6547619047619048,0.00392156862745098,0.0,0.0,0.0,0.0,0.0,0.6878670999231352,0.0022399154389777707
0.8029761904761905,0.0,0.8470588235294118,0.0,0.0,0.5372549019607843,0.0,0.0,0.0,0.0,0.3212377705398239,0.30555610221915525,0.04906614384407297
0.4,0.0,0.1411764705882353,0.0,0.611111111111111,0.11372549019607843,0.592156862745098,0.00784313725490196,0.9043062200956937,0.0,0.08659840752844564,0.4374739782841123,0.03903726011546839
0.23750000000000002,0.0,0.996078431372549,0.44791666666666663,0.0,0.0,0.0,0.23529411764705882,0.0,0.0,0.38268031849431083,0.2370967730138306,0.09241251950922756
0.4815476190476191,0.0,0.25098039215686274,0.9479166666666666,0.503968253968254,0.0784313725490196,0.06666666666666667,0.12549019607843137,0.0,0.0784313725490196,0.38268031849431083,0.24079393733485227,0.07853776970083988
0.0,0.0,0.0,0.0,0.0,0.0,0.0,0.0,0.0,0.0,0.7078370604977916,0.04010348389204519,0.0
0.0011904761904761906,0.0,0.0,0.0,0.0,0.0,0.0,0.00392156862745098,0.028708133971291863,0.03137254901960784,0.36409660676800104,0.24701659031710224,0.13701336216653548
0.23750000000000002,0.0,0.996078431372549,0.4739583333333333,0.0,0.0,0.0,0.23529411764705882,0.0,0.0,0.36409660676800104,0.2387684389649113,0.06280801564415128
0.6470238095238096,0.0,0.0,0.3333333333333333,0.38095238095238093,1.0,0.49411764705882355,0.8549019607843137,0.03827751196172249,0.0,0.38268031849431083,0.23882238634656536,0.08338042879510209
0.18154761904761907,0.0,0.9686274509803922,0.6614583333333333,0.0,0.0,0.16470588235294117,0.4980392156862745,0.03349282296650718,0.3764705882352941,0.1956994982468579,0.3284355697487844,0.1582995316885646
0.4702380952380953,0.0,0.0196078431372549,0.18229166666666666,0.4444444444444444,0.03529411764705882,0.13725490196078433,0.13333333333333333,0.0,0.43137254901960786,0.36409660676800104,0.2390572560219698,0.2532505400103412
0.6470238095238096,0.0,0.0,0.3333333333333333,0.38095238095238093,1.0,0.49411764705882355,0.5411764705882353,0.043062200956937795,0.0,0.1480409554829326,0.30203207111862146,0.1171366830623978
0.18154761904761907,0.0,0.984313725490196,0.6614583333333333,0.0,0.0,0.27450980392156865,0.4980392156862745,0.03349282296650718,0.5058823529411764,0.36409660676800104,0.22929650264042872,0.1375854478861481
0.4190476190476191,0.0,0.0784313725490196,0.0,0.0,0.0,0.0,0.0,0.0,0.0,0.38268031849431083,0.23875980467097221,0.0
0.6380952380952382,0.0,0.0,0.0,0.0,0.0,0.0,0.0,0.0,0.0,0.23463936301137822,0.30320860607828476,0.0
0.5238095238095238,0.0,0.0,0.16666666666666666,0.0,0.0,0.0,0.0,0.0,0.0,0.36409660676800104,0.23866693869709454,0.0
0.8029761904761905,0.0,0.8470588235294118,0.0,0.0,0.5058823529411764,0.0,0.0,0.0,0.0,0.38268031849431083,0.23882238634656536,0.1035713576084955
0.2017857142857143,0.0,0.0,0.171875,0.06349206349206349,1.0,0.0,1.0,0.0,0.0,0.38268031849431083,0.24283087364554293,0.0
0.36190476190476195,0.0,0.09411764705882353,0.17708333333333331,0.1349206349206349,0.18823529411764706,0.03137254901960784,0.5607843137254902,0.5550239234449761,0.0,0.38268031849431083,0.23988456992829213,0.23538747321046363
0.2017857142857143,0.0,0.0,0.171875,0.06349206349206349,1.0,0.0,1.0,0.0,0.0,0.38268031849431083,0.24303994553909256,0.0
0.0,0.0,0.0,0.0,0.0,0.0,0.0,0.0,0.0,0.0,0.26756254955818887,0.2857658149121657,0.0
0.2017857142857143,0.0,0.0,0.171875,0.06349206349206349,1.0,0.0,1.0,0.0,0.0,0.38268031849431083,0.24313502110647175,0.0
0.6476190476190476,0.0,1.0,0.0,0.0,0.0,1.0,0.8431372549019608,0.03827751196172249,0.0,0.26756254955818887,0.23861506884174738,0.07800457068648094
0.18095238095238098,0.0,0.09019607843137255,0.6666666666666666,0.0,1.0,0.01568627450980392,0.5019607843137255,0.009569377990430622,0.807843137254902,0.38268031849431083,0.24678385185568588,0.16477503419496942
0.18095238095238098,0.0,0.058823529411764705,0.6666666666666666,0.0,1.0,0.06274509803921569,0.5019607843137255,0.0,0.5058823529411764,0.38268031849431083,0.24742505175400836,0.14562176486513237
0.1904761904761905,0.0,0.0,0.0,0.0,0.0,0.0392156862745098,0.0,0.1770334928229665,0.9215686274509803,0.08659840752844564,0.38616580640903897,0.17493777290240115
0.5238095238095238,0.0,0.0,0.16666666666666666,0.0,0.0,0.0,0.0,0.0,0.0,0.38268031849431083,0.24953563049059152,0.0
0.2017857142857143,0.0,0.0,0.171875,0.06349206349206349,1.0,0.0,1.0,0.0,0.0,0.36409660676800104,0.24306475661399649,0.0
1.0,0.0,0.0,0.0,0.003968253968253968,0.0,0.6274509803921569,0.13333333333333333,0.0,0.0,0.08659840752844564,0.4595578563025625,0.04890888287137467
0.5047619047619049,0.0,0.0196078431372549,0.16666666666666666,0.07936507936507936,0.40784313725490196,0.45098039215686275,0.0,0.0,0.16470588235294117,0.38268031849431083,0.23927439418231305,0.18447451623498753
0.6470238095238096,0.0,0.0,0.3333333333333333,0.38095238095238093,1.0,0.49411764705882355,0.12941176470588234,0.043062200956937795,0.0,0.36409660676800104,0.23904003670536977,0.21868167129985727
0.18154761904761907,0.0,0.9333333333333333,0.6614583333333333,0.0,0.0,0.32941176470588235,0.4980392156862745,0.06220095693779904,0.7725490196078432,0.36409660676800104,0.2292846325397022,0.22661535833369562
0.2017857142857143,0.0,0.0,0.171875,0.06349206349206349,1.0,0.0,1.0,0.0,0.0,0.38268031849431083,0.2431515467252788,0.0
0.0,0.0,0.0,0.0,0.0,0.0,0.0,0.0,0.0,0.0,0.8653719324077817,0.03937074078611449,0.0
0.1904761904761905,0.0,0.0,0.0,0.0,0.0,0.023529411764705882,0.12941176470588234,0.16267942583732056,0.5450980392156862,0.36409660676800104,0.24675795841633696,0.11693274356628813
0.0,0.0,0.0,0.0,0.0,0.0,0.0,0.0,0.0,0.0,0.4156035050411214,0.03978556223896158,0.0
0.0,0.0,0.0,0.0,0.0,0.0,0.0,0.0,0.0,0.0,0.8438985425464663,0.1851563110717301,0.0
0.18095238095238098,0.0,0.07450980392156863,0.6666666666666666,0.0,1.0,0.00784313725490196,0.5019607843137255,0.019138755980861243,0.9254901960784314,0.38268031849431083,0.24651662670891542,0.15632731801741254
0.6380952380952382,0.0,0.0,0.0,0.0,0.0,0.0,0.0,0.0,0.0,0.23463936301137822,0.30310571751389254,0.0
0.36190476190476195,0.0,0.09803921568627451,0.171875,0.13095238095238093,0.18823529411764706,0.03137254901960784,0.5607843137254902,0.5023923444976076,0.043137254901960784,0.36409660676800104,0.240270152711673,0.23240241537951398
0.4815476190476191,0.0,0.25098039215686274,0.9739583333333333,0.503968253968254,0.0784313725490196,0.06666666666666667,0.12549019607843137,0.0,0.0784313725490196,0.38268031849431083,0.24528494355887695,0.042146176831969834
0.7523809523809525,0.0,0.0,0.0,0.0,0.5019607843137255,0.0,0.4117647058823529,1.0,0.07450980392156863,0.23463936301137822,0.305124714196766,0.0
0.18095238095238098,0.0,0.08627450980392157,0.6666666666666666,0.0,1.0,0.996078431372549,0.4980392156862745,0.028708133971291863,0.12941176470588234,0.38268031849431083,0.24754765944556295,0.25086676330209734
0.5047619047619049,0.0,0.0196078431372549,0.16666666666666666,0.4603174603174603,0.40784313725490196,0.4588235294117647,0.0,0.0,0.2980392156862745,0.1956994982468579,0.2392464722418104,0.06401391597516236
0.2017857142857143,0.0,0.0,0.171875,0.06349206349206349,1.0,0.0,1.0,0.0,0.0,0.38268031849431083,0.242770761898101,0.0
0.5238095238095238,0.0,0.0,0.16666666666666666,0.0,0.0,0.0,0.0,0.0,0.0,0.36409660676800104,0.2395082013911492,0.0
0.1904761904761905,0.0,0.0,0.0,0.0,0.0,0.07058823529411765,0.2,0.18181818181818182,0.803921568627451,0.36409660676800104,0.24862874915265598,0.15566214628252076
0.4,0.0,0.1411764705882353,0.0,0.611111111111111,0.11372549019607843,0.592156862745098,0.00784313725490196,0.9043062200956937,0.0,0.38268031849431083,0.23933665338879792,0.03903726011546839
0.0,0.0,0.0,0.0,0.0,0.0,0.0,0.0,0.0,0.0,0.7368412755809454,0.040372921518221534,0.0
0.0,0.0,0.0,0.0,0.0,0.0,0.0,0.0,0.0,0.0,0.776908203395359,0.040830874471921415,0.0
0.0,0.0,0.0,0.0,0.0,0.0,0.0,0.0,0.0,0.0,0.43033886125823617,0.039769639480624175,0.0
0.5238095238095238,0.0,0.0,0.16666666666666666,0.0,0.0,0.0,0.0,0.0,0.0,0.36409660676800104,0.23878570530710044,0.0
0.4190476190476191,0.0,0.0784313725490196,0.0,0.0,0.0,0.0,0.0,0.0,0.0,0.38268031849431083,0.23863236179580238,0.0
0.36190476190476195,0.0,0.09411764705882353,0.171875,0.13095238095238093,0.18823529411764706,0.03137254901960784,0.5607843137254902,0.5215311004784688,0.09803921568627451,0.36409660676800104,0.23056318477651738,0.20861504971623324
0.0,0.0,0.0,0.0,0.0,0.0,0.0,0.0,0.0,0.0,0.8558780159807243,0.19127682620690512,0.0
0.0,0.0,0.0,0.0,0.0,0.0,0.0,0.0,0.0,0.0,0.7499886843171251,0.2482350195771496,0.0
0.7523809523809525,0.0,0.0,0.0,0.0,0.5019607843137255,0.0,0.4117647058823529,1.0,0.07450980392156863,0.26756254955818887,0.30301064900440966,0.0
0.5238095238095238,0.0,0.0,0.16666666666666666,0.0,0.0,0.0,0.0,0.0,0.0,0.36409660676800104,0.24075797553446585,0.0
0.2017857142857143,0.0,0.0,0.171875,0.06349206349206349,1.0,0.0,1.0,0.0,0.0,0.38268031849431083,0.24328159022319557,0.0
0.7148809523809524,0.0,0.16078431372549018,0.203125,0.15476190476190477,0.13725490196078433,0.0,0.0,0.0,0.6039215686274509,0.23463936301137822,0.30875038814568706,0.0
0.6380952380952382,0.0,0.0,0.0,0.0,0.0,0.0,0.0,0.0,0.0,0.23463936301137822,0.3031283395017483,0.0
0.29583333333333334,0.0,0.03137254901960784,0.0,0.0,0.0,0.0,0.0,0.0,0.0,0.08659840752844564,0.36927549326948167,0.0
0.6470238095238096,0.0,0.0,0.3333333333333333,0.38095238095238093,1.0,0.49411764705882355,0.796078431372549,0.03827751196172249,0.0,0.36409660676800104,0.23822301098787596,0.06516830572619194
0.6476190476190476,0.0,1.0,0.0,0.0,0.0,1.0,0.8509803921568627,0.03827751196172249,0.0,0.36409660676800104,0.2573460354485148,0.0804020636413087
0.29583333333333334,0.0,0.03137254901960784,0.0,0.0,0.0,0.0,0.0,0.0,0.0,0.23463936301137822,0.30311476692575307,0.0
0.18095238095238098,0.0,0.09803921568627451,0.6666666666666666,0.0,1.0,0.22352941176470587,0.5019607843137255,0.023923444976076555,0.19215686274509802,0.36409660676800104,0.2287155850589633,0.12577989725981126
0.36190476190476195,0.0,0.09803921568627451,0.171875,0.13095238095238093,0.18823529411764706,0.03137254901960784,0.5568627450980392,0.5263157894736842,0.027450980392156862,0.23463936301137822,0.22788356329099102,0.18127378223133433
0.6476190476190476,0.0,1.0,0.0,0.0,0.0,1.0,0.8313725490196078,0.03827751196172249,0.0,0.38268031849431083,0.2409798852024452,0.0743822219531151
0.5047619047619049,0.0,0.0196078431372549,0.16666666666666666,0.2698412698412698,0.40784313725490196,0.4588235294117647,0.0,0.0,0.48627450980392156,0.38268031849431083,0.23874253383675612,0.06405601598699172
0.8029761904761905,0.0,0.8470588235294118,0.0,0.0,0.5176470588235293,0.0,0.0,0.0,0.0,0.38268031849431083,0.2392915730242039,0.06798020041417857
0.0,0.0,0.0,0.0,0.0,0.0,0.0,0.0,0.0,0.0,0.7499886843171251,0.03905046729864591,0.0
0.2017857142857143,0.0,0.0,0.171875,0.06349206349206349,1.0,0.0,1.0,0.0,0.0,0.38268031849431083,0.24311642650653253,0.0
0.6470238095238096,0.0,0.0,0.3333333333333333,0.38095238095238093,1.0,0.49411764705882355,0.043137254901960784,0.043062200956937795,0.0,0.36409660676800104,0.23305606975879173,0.23714409298497535
0.23750000000000002,0.0,0.996078431372549,0.46354166666666663,0.0,0.0,0.0,0.2549019607843137,0.0,0.0,0.36409660676800104,0.24270853912225104,0.07052635064924392
0.1904761904761905,0.0,0.0,0.0,0.0,0.0,0.08627450980392157,0.12549019607843137,0.16267942583732056,0.8745098039215686,0.36409660676800104,0.24859550884214293,0.16851387988387376
0.18154761904761907,0.0,0.03529411764705882,0.6666666666666666,0.0,0.0,0.19215686274509802,0.4980392156862745,0.06698564593301436,0.6745098039215687,0.38268031849431083,0.24746659707474924,0.17952631916300568
0.1904761904761905,0.0,0.0,0.0,0.0,0.0,0.054901960784313725,0.13725490196078433,0.1770334928229665,0.2980392156862745,0.36409660676800104,0.22944594480129446,0.09264399149836615
0.7148809523809524,0.0,0.16078431372549018,0.203125,0.15476190476190477,0.13725490196078433,0.0,0.0,0.0,0.6039215686274509,0.26756254955818887,0.3032379832953153,0.0
0.36190476190476195,0.0,0.09803921568627451,0.171875,0.13095238095238093,0.18823529411764706,0.03137254901960784,0.5568627450980392,0.507177033492823,0.1764705882352941,0.38268031849431083,0.2368110106019925,0.2005767153362652
0.23750000000000002,0.0,0.996078431372549,0.4739583333333333,0.0,0.0,0.0,0.2549019607843137,0.0,0.0,0.36409660676800104,0.24051860468659958,0.08626978094876307
0.0011904761904761906,0.0,0.0,0.0,0.0,0.0,0.0,0.023529411764705882,0.04784688995215311,0.42745098039215684,0.08659840752844564,0.36497819698471085,0.05546104856637936
0.0,0.0,0.0,0.0,0.0,0.0,0.0,0.0,0.0,0.0,0.6113030032879794,0.03937074078611449,0.0
0.5238095238095238,0.0,0.0,0.16666666666666666,0.0,0.0,0.0,0.0,0.0,0.0,0.1956994982468579,0.23879433735561018,0.0
0.1904761904761905,0.0,0.0,0.0,0.0,0.0,0.01568627450980392,0.0,0.16746411483253587,0.6745098039215687,0.38268031849431083,0.20868191518090462,0.18478132649096546
0.5238095238095238,0.0,0.0,0.16666666666666666,0.0,0.0,0.0,0.0,0.0,0.0,0.38268031849431083,0.23915620934958529,0.0
0.0,0.0,0.0,0.0,0.0,0.0,0.0,0.0,0.0,0.0,0.7264207722241013,0.028840622344286356,0.0
0.7523809523809525,0.0,0.0,0.0,0.0,0.5019607843137255,0.0,0.4117647058823529,1.0,0.07450980392156863,0.26756254955818887,0.30350311569852,0.0
0.5047619047619049,0.0,0.0196078431372549,0.16666666666666666,0.3333333333333333,0.40784313725490196,0.45098039215686275,0.0,0.0,0.4156862745098039,0.38268031849431083,0.2393645500572018,0.12223150723567604
0.5047619047619049,0.0,0.0196078431372549,0.16666666666666666,0.5873015873015872,0.40784313725490196,0.4627450980392157,0.0,0.0,0.6862745098039216,0.38268031849431083,0.24066060196664993,0.05488571148054228
0.4,0.0,0.26666666666666666,0.0,0.611111111111111,0.11372549019607843,0.592156862745098,0.00784313725490196,0.9043062200956937,0.0,0.38268031849431083,0.2367471515742654,0.0391451422959784
0.36190476190476195,0.0,0.10980392156862745,0.19791666666666666,0.15079365079365079,0.18823529411764706,0.03137254901960784,0.5607843137254902,0.5454545454545454,0.22352941176470587,0.38268031849431083,0.2377509309914697,0.4620189237016077
0.7523809523809525,0.0,0.0,0.0,0.0,0.5019607843137255,0.0,0.4117647058823529,1.0,0.07450980392156863,0.1956994982468579,0.3036641067830236,0.0
0.6476190476190476,0.0,1.0,0.0,0.0,0.0,1.0,0.8980392156862745,0.03827751196172249,0.0,0.36409660676800104,0.2386604564425793,0.09450389593907939
0.5238095238095238,0.0,0.0,0.16666666666666666,0.0,0.0,0.0,0.0,0.0,0.0,0.38268031849431083,0.23852423152984295,0.0
0.4815476190476191,0.0,0.047058823529411764,0.9791666666666666,0.503968253968254,0.0784313725490196,0.06666666666666667,0.12549019607843137,0.0,0.0784313725490196,0.36409660676800104,0.2379317605523182,0.08439033079876414
0.23750000000000002,0.0,0.996078431372549,0.4583333333333333,0.0,0.0,0.0,0.2549019607843137,0.0,0.0,0.36409660676800104,0.2396516457916128,0.08563671315738511
0.36190476190476195,0.0,0.09803921568627451,0.171875,0.13095238095238093,0.18823529411764706,0.03137254901960784,0.5568627450980392,0.5263157894736842,0.22745098039215686,0.38268031849431083,0.2385696605437968,0.18629866631535782
0.0,0.0,0.0,0.0,0.0,0.0,0.0,0.0,0.0,0.0,0.6917103120481284,0.0692674493251911,0.0
0.18154761904761907,0.0,0.8784313725490196,0.6614583333333333,0.0,0.0,0.18823529411764706,0.4980392156862745,0.023923444976076555,0.4784313725490196,0.29608191096586517,0.22937718182220584,0.14215607026546648
0.7148809523809524,0.0,0.16078431372549018,0.203125,0.15476190476190477,0.13725490196078433,0.0,0.0,0.0,0.6039215686274509,0.23463936301137822,0.30324250209802256,0.0
0.4702380952380953,0.0,0.0196078431372549,0.17708333333333331,0.19047619047619047,0.0392156862745098,0.13333333333333333,0.11764705882352941,0.0,0.43529411764705883,0.36409660676800104,0.22455389895033726,0.19853365400879647
0.0,0.0,0.0,0.0,0.0,0.0,0.0,0.0,0.0,0.0,0.5921638219317304,0.03970592297413732,0.0
0.1904761904761905,0.0,0.0,0.0,0.0,0.0,0.03137254901960784,0.13333333333333333,0.19617224880382775,0.6,0.08659840752844564,0.4391811764679005,0.08220491132789287
0.5238095238095238,0.0,0.0,0.16666666666666666,0.0,0.0,0.0,0.0,0.0,0.0,0.1480409554829326,0.34472725410828464,0.0
0.23750000000000002,0.0,0.996078431372549,0.44791666666666663,0.0,0.0,0.0,0.23529411764705882,0.0,0.0,0.38268031849431083,0.2373445020182711,0.09241251950922756
0.36190476190476195,0.0,0.10588235294117647,0.18229166666666666,0.1388888888888889,0.18823529411764706,0.03137254901960784,0.5568627450980392,0.5215311004784688,0.07450980392156863,0.1480409554829326,0.39204435902951407,0.2399354784994036
0.6476190476190476,0.0,1.0,0.0,0.0,0.0,1.0,0.5294117647058824,0.043062200956937795,0.0,0.1956994982468579,0.4235609410253095,0.11877679210400552
0.4702380952380953,0.0,0.0196078431372549,0.171875,0.4444444444444444,0.03529411764705882,0.12941176470588234,0.12941176470588234,0.0,0.43529411764705883,0.38268031849431083,0.2582890580010656,0.17727375220711925
0.23750000000000002,0.0,0.996078431372549,0.44791666666666663,0.0,0.0,0.0,0.23529411764705882,0.0,0.0,0.38268031849431083,0.2373357433636862,0.09241251950922756
0.1904761904761905,0.0,0.0,0.0,0.0,0.0,0.08627450980392157,0.011764705882352941,0.19138755980861244,0.6745098039215687,0.3212377705398239,0.2543496376888967,0.15118000456316133
0.8029761904761905,0.0,0.8470588235294118,0.0,0.0,0.5333333333333333,0.0,0.0,0.0,0.0,0.36409660676800104,0.23730946277662562,0.03589768241871075
0.5047619047619049,0.0,0.0196078431372549,0.16666666666666666,0.7142857142857142,0.40784313725490196,0.4666666666666667,0.0,0.0,0.5568627450980392,0.38268031849431083,0.2387770725102441,0.08452352580020163
0.6470238095238096,0.0,0.0,0.3333333333333333,0.38095238095238093,1.0,0.49411764705882355,0.8235294117647058,0.03827751196172249,0.0,0.38268031849431083,0.23854154026477917,0.0737666106347252
0.23750000000000002,0.0,0.996078431372549,0.484375,0.0,0.0,0.0,0.24313725490196078,0.0,0.0,0.38268031849431083,0.23855019350414355,0.06247840213503824
0.4702380952380953,0.0,0.0196078431372549,0.171875,0.09523809523809523,0.0392156862745098,0.12941176470588234,0.11764705882352941,0.0,0.43529411764705883,0.36409660676800104,0.23487270835514895,0.2618853123265649
0.5238095238095238,0.0,0.0,0.16666666666666666,0.0,0.0,0.0,0.0,0.0,0.0,0.36409660676800104,0.2383964866100035,0.0
0.8029761904761905,0.0,0.8470588235294118,0.0,0.0,0.5176470588235293,0.0,0.0,0.0,0.0,0.36409660676800104,0.23648688823233416,0.06798020041417857
0.0011904761904761906,0.0,0.0,0.0,0.0,0.0,0.0,0.0,0.0,0.0392156862745098,0.36409660676800104,0.24779636573563027,0.19226903425242875
0.1904761904761905,0.0,0.0,0.0,0.0,0.0,0.06274509803921569,0.1568627450980392,0.19617224880382775,0.30980392156862746,0.36409660676800104,0.22936769354582615,0.1050326036213365
0.4,0.0,0.39215686274509803,0.0,0.611111111111111,0.11372549019607843,0.592156862745098,0.00784313725490196,0.9043062200956937,0.0,0.38268031849431083,0.2383141233706813,0.07945982888469613
0.1904761904761905,0.0,0.0,0.0,0.0,0.0,0.00784313725490196,0.15294117647058825,0.19617224880382775,0.9686274509803922,0.36409660676800104,0.22930599770233917,0.17041149091254537
0.7523809523809525,0.0,0.0,0.0,0.0,0.5019607843137255,0.0,0.4117647058823529,1.0,0.07450980392156863,0.26756254955818887,0.3029630806917122,0.0
0.6470238095238096,0.0,0.0,0.3333333333333333,0.38095238095238093,1.0,0.49411764705882355,0.5098039215686274,0.043062200956937795,0.0,0.36409660676800104,0.2384787817809751,0.12580849845568665
0.7523809523809525,0.0,0.0,0.0,0.0,0.5019607843137255,0.0,0.4117647058823529,1.0,0.07450980392156863,0.23463936301137822,0.29922094049978987,0.0
0.6476190476190476,0.0,1.0,0.0,0.0,0.0,1.0,0.7686274509803921,0.03827751196172249,0.0,0.36409660676800104,0.24697684449046933,0.05451154250728422
0.36190476190476195,0.0,0.09803921568627451,0.17708333333333331,0.1388888888888889,0.18823529411764706,0.03137254901960784,0.5607843137254902,0.5263157894736842,0.21176470588235294,0.38268031849431083,0.22420972967208205,0.17169803765556305
0.29583333333333334,0.0,0.03137254901960784,0.0,0.0,0.0,0.0,0.0,0.0,0.0,0.1956994982468579,0.3027010480136667,0.0
0.23750000000000002,0.0,0.996078431372549,0.47916666666666663,0.0,0.0,0.0,0.23529411764705882,0.0,0.0,0.36409660676800104,0.233067498720514,0.07819619029941431
0.4815476190476191,0.0,0.5254901960784314,0.984375,0.503968253968254,0.0784313725490196,0.06666666666666667,0.12549019607843137,0.0,0.0784313725490196,0.1480409554829326,0.37093383607436486,0.05794936615441648
0.6476190476190476,0.0,1.0,0.0,0.0,0.0,1.0,0.8470588235294118,0.03827751196172249,0.0,0.38268031849431083,0.2386496517472373,0.07920504439506199
0.36190476190476195,0.0,0.10196078431372549,0.17708333333333331,0.1349206349206349,0.18823529411764706,0.03137254901960784,0.5568627450980392,0.5263157894736842,0.14901960784313725,0.38268031849431083,0.2367273249255528,0.10457702328483787
0.36190476190476195,0.0,0.09803921568627451,0.171875,0.13095238095238093,0.18823529411764706,0.03137254901960784,0.5568627450980392,0.5215311004784688,0.16470588235294117,0.38268031849431083,0.2393902938932791,0.16719864057647907
0.0,0.0,0.0,0.0,0.0,0.0,0.0,0.0,0.0,0.0,0.44412286644879784,0.24932424468907097,0.0
0.0,0.0,0.0,0.0,0.0,0.0,0.0,0.0,0.0,0.0,0.7299510666881809,0.04057847125969615,0.0
0.23750000000000002,0.0,0.996078431372549,0.4583333333333333,0.0,0.0,0.0,0.2549019607843137,0.0,0.0,0.29608191096586517,0.3033373496164497,0.08563671315738511
0.8029761904761905,0.0,0.8470588235294118,0.0,0.0,0.5333333333333333,0.0,0.0,0.0,0.0,0.38268031849431083,0.23845063582290263,0.03589768241871075
0.0,0.0,0.0,0.0,0.0,0.0,0.0,0.0,0.0,0.0,0.687480907459581,0.039578367520394175,0.0
0.8029761904761905,0.0,0.8470588235294118,0.0,0.0,0.5372549019607843,0.0,0.0,0.0,0.0,0.38268031849431083,0.2369298114998556,0.04906614384407297
0.5238095238095238,0.0,0.0,0.16666666666666666,0.0,0.0,0.0,0.0,0.0,0.0,0.38268031849431083,0.23652442576565302,0.0
0.0,0.0,0.0,0.0,0.0,0.0,0.0,0.0,0.0,0.0,0.813019179752547,0.03991285272932955,0.0
0.6380952380952382,0.0,0.0,0.0,0.0,0.0,0.0,0.0,0.0,0.0,0.23463936301137822,0.303067248336049,0.0
0.4815476190476191,0.0,0.047058823529411764,0.984375,0.503968253968254,0.0784313725490196,0.06666666666666667,0.12549019607843137,0.0,0.0784313725490196,0.36409660676800104,0.23926580364987546,0.09611920969509093
0.6476190476190476,0.0,1.0,0.0,0.0,0.0,1.0,0.8235294117647058,0.03827751196172249,0.0,0.38268031849431083,0.23862155405145374,0.07194967920803001
0.5047619047619049,0.0,0.0196078431372549,0.16666666666666666,0.20634920634920634,0.40784313725490196,0.4627450980392157,0.0,0.0,0.058823529411764705,0.36409660676800104,0.23920994711741006,0.12379150161046855
0.0,0.0,0.0,0.0,0.0,0.0,0.0,0.0,0.0,0.0,0.5478166315806011,0.0402462181515586,0.0
0.4815476190476191,0.0,0.8627450980392157,0.984375,0.503968253968254,0.0784313725490196,0.06666666666666667,0.12549019607843137,0.0,0.0784313725490196,0.38268031849431083,0.2500129882708521,0.10501349543743638
0.0011904761904761906,0.0,0.0,0.0,0.0,0.0,0.0,0.0,0.03349282296650718,0.34901960784313724,0.23463936301137822,0.22205044417332406,0.09748597390335308
0.2017857142857143,0.0,0.0,0.171875,0.06349206349206349,1.0,0.0,1.0,0.0,0.0,0.38268031849431083,0.23416313766753383,0.0
0.4815476190476191,0.0,0.8627450980392157,0.9583333333333333,0.503968253968254,0.0784313725490196,0.06666666666666667,0.12549019607843137,0.0,0.0784313725490196,0.38268031849431083,0.22385433831487758,0.09223403150485196
0.0,0.0,0.0,0.0,0.0,0.0,0.0,0.0,0.0,0.0,0.5636444605240541,0.18337277827647974,0.0
0.0,0.0,0.0,0.0,0.0,0.0,0.0,0.0,0.0,0.0,0.7116854160069869,0.03964216567148568,0.0
0.23750000000000002,0.0,0.996078431372549,0.453125,0.0,0.0,0.0,0.23529411764705882,0.0,0.0,0.38268031849431083,0.23781197044589528,0.077550705938032
0.4190476190476191,0.0,0.0784313725490196,0.0,0.0,0.0,0.0,0.0,0.0,0.0,0.38268031849431083,0.23861506884174738,0.0
0.1904761904761905,0.0,0.0,0.0,0.0,0.0,0.047058823529411764,0.16078431372549018,0.19617224880382775,0.06666666666666667,0.38268031849431083,0.23065221213814757,0.12767107152993015
0.0011904761904761906,0.0,0.0,0.0,0.0,0.0,0.0,0.023529411764705882,0.009569377990430622,0.5215686274509804,0.38268031849431083,0.24733398710439058,0.07640052146205324
0.0,0.0,0.0,0.0,0.0,0.0,0.0,0.0,0.0,0.0,0.7499886843171251,0.040499463871658384,0.0
0.7148809523809524,0.0,0.16078431372549018,0.203125,0.15476190476190477,0.13725490196078433,0.0,0.0,0.0,0.6039215686274509,0.23463936301137822,0.3038293302578108,0.0
0.0,0.0,0.0,0.0,0.0,0.0,0.0,0.0,0.0,0.0,0.5987359697793793,0.028627138464811894,0.0
0.18095238095238098,0.0,0.08235294117647059,0.6666666666666666,0.0,1.0,0.15294117647058825,0.5019607843137255,0.004784688995215311,0.9372549019607843,0.36409660676800104,0.22921575803836566,0.16511954235985848
0.4190476190476191,0.0,0.0784313725490196,0.0,0.0,0.0,0.0,0.0,0.0,0.0,0.38268031849431083,0.23861506884174738,0.0
0.7523809523809525,0.0,0.0,0.0,0.0,0.5019607843137255,0.0,0.4117647058823529,1.0,0.07450980392156863,0.26756254955818887,0.30317130712521034,0.0
0.0,0.0,0.0,0.0,0.0,0.0,0.0,0.0,0.0,0.0,0.8312070100822431,0.040641632066982215,0.0
0.0011904761904761906,0.0,0.0,0.0,0.0,0.0,0.0,0.03529411764705882,0.023923444976076555,0.4588235294117647,0.36409660676800104,0.22954544845575917,0.09054357974302306
0.6380952380952382,0.0,0.0,0.0,0.0,0.0,0.0,0.0,0.0,0.0,0.26756254955818887,0.3030140458716721,0.0
0.4702380952380953,0.0,0.0196078431372549,0.17708333333333331,0.38095238095238093,0.03529411764705882,0.13333333333333333,0.12941176470588234,0.0,0.43529411764705883,0.38268031849431083,0.24691719598914627,0.1072408630047807
0.29583333333333334,0.0,0.03137254901960784,0.0,0.0,0.0,0.0,0.0,0.0,0.0,0.1956994982468579,0.3029200231055094,0.0
0.18154761904761907,0.0,0.9333333333333333,0.6614583333333333,0.0,0.0,0.2,0.4980392156862745,0.009569377990430622,0.6431372549019607,0.29608191096586517,0.18575727186305196,0.17861047546125888
0.0,0.0,0.0,0.0,0.0,0.0,0.0,0.0,0.0,0.0,0.5307212739772434,0.03991285272932955,0.0
0.18154761904761907,0.0,0.03529411764705882,0.6666666666666666,0.0,0.0,0.3529411764705882,0.4980392156862745,0.057416267942583726,0.27450980392156865,0.1480409554829326,0.3547540223302413,0.21236955208065728
0.0011904761904761906,0.0,0.0,0.0,0.0,0.0,0.0,0.03137254901960784,0.07177033492822966,0.9215686274509803,0.36409660676800104,0.2298716907300338,0.17008611533176318
0.5238095238095238,0.0,0.0,0.16666666666666666,0.0,0.0,0.0,0.0,0.0,0.0,0.38268031849431083,0.23997417529839307,0.0
0.29583333333333334,0.0,0.03137254901960784,0.0,0.0,0.0,0.0,0.0,0.0,0.0,0.23463936301137822,0.303432106878906,0.0
0.6476190476190476,0.0,1.0,0.0,0.0,0.0,1.0,0.803921568627451,0.03827751196172249,0.0,0.36409660676800104,0.2388849287161481,0.0658053512057129
0.0,0.0,0.0,0.0,0.0,0.0,0.0,0.0,0.0,0.0,0.5921638219317304,0.1997046746908433,0.0
0.4702380952380953,0.0,0.0196078431372549,0.171875,0.4444444444444444,0.03529411764705882,0.12941176470588234,0.12941176470588234,0.0,0.43529411764705883,0.38268031849431083,0.2386410071467822,0.17727375220711925
0.4815476190476191,0.0,0.047058823529411764,0.9895833333333333,0.503968253968254,0.0784313725490196,0.06666666666666667,0.12549019607843137,0.0,0.0784313725490196,0.0,0.48484090696279,0.10752643321777919
0.4702380952380953,0.0,0.0196078431372549,0.18229166666666666,0.3968253968253968,0.03529411764705882,0.13725490196078433,0.13333333333333333,0.0,0.43137254901960786,0.38268031849431083,0.22475287404594405,0.2436902864241071
0.18095238095238098,0.0,0.08235294117647059,0.6666666666666666,0.0,1.0,0.23137254901960785,0.5019607843137255,0.019138755980861243,0.580392156862745,0.36409660676800104,0.24744285901395777,0.08325876354151344
0.8029761904761905,0.0,0.8470588235294118,0.0,0.0,0.5372549019607843,0.0,0.0,0.0,0.0,0.38268031849431083,0.23715163343198128,0.04906614384407297
0.0,0.0,0.0,0.0,0.0,0.0,0.0,0.0,0.0,0.0,0.3212377705398239,0.2874506435255314,0.0
0.7148809523809524,0.0,0.16078431372549018,0.203125,0.15476190476190477,0.13725490196078433,0.0,0.0,0.0,0.6039215686274509,0.26756254955818887,0.303488467230704,0.0
0.6476190476190476,0.0,1.0,0.0,0.0,0.0,1.0,0.6039215686274509,0.043062200956937795,0.0,0.36409660676800104,0.24103264802807767,0.09753419677344065
0.6476190476190476,0.0,1.0,0.0,0.0,0.0,1.0,0.6549019607843137,0.043062200956937795,0.0,0.36409660676800104,0.24773917881827842,0.08234843978086637
0.0,0.0,0.0,0.0,0.0,0.0,0.0,0.0,0.0,0.0,0.9206916500785948,0.0398492278236016,0.0
0.0,0.0,0.0,0.0,0.0,0.0,0.0,0.0,0.0,0.0,0.7797001118091226,0.18503420144886,0.0
0.2017857142857143,0.0,0.0,0.171875,0.06349206349206349,1.0,0.0,1.0,0.0,0.0,0.36409660676800104,0.24328984122228828,0.0
0.5047619047619049,0.0,0.0196078431372549,0.16666666666666666,0.4603174603174603,0.40784313725490196,0.4627450980392157,0.0,0.0,0.30980392156862746,0.36409660676800104,0.2531406901070031,0.0508676210318301
0.7148809523809524,0.0,0.16078431372549018,0.203125,0.15476190476190477,0.13725490196078433,0.0,0.0,0.0,0.6039215686274509,0.26756254955818887,0.30313399419579706,0.0
0.36190476190476195,0.0,0.09803921568627451,0.17708333333333331,0.1349206349206349,0.18823529411764706,0.03137254901960784,0.5568627450980392,0.5358851674641149,0.21568627450980393,0.38268031849431083,0.23903142593033355,0.13558737126151701
0.6476190476190476,0.0,1.0,0.0,0.0,0.0,1.0,0.7725490196078432,0.03827751196172249,0.0,0.36409660676800104,0.23874901075062316,0.055781659064215755
0.4702380952380953,0.0,0.0196078431372549,0.18229166666666666,0.3968253968253968,0.03529411764705882,0.13725490196078433,0.13333333333333333,0.0,0.43137254901960786,0.36409660676800104,0.23360318562368412,0.2436902864241071
0.09523809523809525,0.0,0.3529411764705882,0.6614583333333333,0.30158730158730157,0.0392156862745098,0.0,0.12156862745098039,0.009569377990430622,0.0,0.08659840752844564,0.45918126026542777,0.17185210340537835
0.18095238095238098,0.0,0.10196078431372549,0.6666666666666666,0.0,1.0,0.0196078431372549,0.5019607843137255,0.014354066985645932,0.7294117647058823,0.36409660676800104,0.22100588889344855,0.15920435706427852
0.4,0.0,0.1411764705882353,0.0,0.611111111111111,0.11372549019607843,0.592156862745098,0.00784313725490196,0.9043062200956937,0.0,0.36409660676800104,0.2395788789346288,0.03903726011546839
0.36190476190476195,0.0,0.09803921568627451,0.171875,0.13095238095238093,0.18823529411764706,0.03137254901960784,0.5568627450980392,0.5119617224880383,0.2392156862745098,0.38268031849431083,0.23271029566770327,0.21823484314187874
0.0,0.0,0.0,0.0,0.0,0.0,0.0,0.0,0.0,0.0,0.7334239554396924,0.06851863357756614,0.0
0.4702380952380953,0.0,0.0196078431372549,0.17708333333333331,0.3968253968253968,0.03529411764705882,0.13333333333333333,0.12941176470588234,0.0,0.43529411764705883,0.38268031849431083,0.23904864673587226,0.11169208403898792
0.6470238095238096,0.0,0.0,0.3333333333333333,0.38095238095238093,1.0,0.49411764705882355,0.6509803921568628,0.043062200956937795,0.0,0.36409660676800104,0.23816005136736892,0.08527728379990973
0.18154761904761907,0.0,0.0196078431372549,0.6666666666666666,0.0,0.0,0.12549019607843137,0.4980392156862745,0.06220095693779904,0.6549019607843137,0.3212377705398239,0.21944574074109158,0.2018577065221647
0.4190476190476191,0.0,0.0784313725490196,0.0,0.0,0.0,0.0,0.0,0.0,0.0,0.08659840752844564,0.4205041617227395,0.0
0.5238095238095238,0.0,0.0,0.16666666666666666,0.0,0.0,0.0,0.0,0.0,0.0,0.0,0.4995536533902705,0.0
0.2017857142857143,0.0,0.0,0.171875,0.06349206349206349,1.0,0.0,1.0,0.0,0.0,0.36409660676800104,0.23421285955728596,0.0
0.18095238095238098,0.0,0.07450980392156863,0.6666666666666666,0.0,1.0,0.9764705882352941,0.4980392156862745,0.019138755980861243,0.6470588235294118,0.36409660676800104,0.2474586850165628,0.2356705379454532
0.6476190476190476,0.0,1.0,0.0,0.0,0.0,1.0,0.8392156862745098,0.03827751196172249,0.0,0.38268031849431083,0.2386496517472373,0.076800622519469
0.0,0.0,0.0,0.0,0.0,0.0,0.0,0.0,0.0,0.0,0.7740793149880266,0.03357769499190413,0.0
0.5238095238095238,0.0,0.0,0.16666666666666666,0.0,0.0,0.0,0.0,0.0,0.0,0.36409660676800104,0.2544971950891189,0.0
0.0,0.0,0.0,0.0,0.0,0.0,0.0,0.0,0.0,0.0,0.7334239554396924,0.03951452846848716,0.0
0.5047619047619049,0.0,0.0196078431372549,0.16666666666666666,0.8412698412698412,0.40784313725490196,0.4666666666666667,0.0,0.0,0.9333333333333333,0.36409660676800104,0.23881375672928648,0.15219322831574342
0.6470238095238096,0.0,0.0,0.3333333333333333,0.38095238095238093,1.0,0.49411764705882355,0.8117647058823529,0.03827751196172249,0.0,0.29608191096586517,0.3374681132030701,0.07010336345566635
0.0011904761904761906,0.0,0.0,0.0,0.0,0.0,0.0,0.00392156862745098,0.028708133971291863,0.03137254901960784,0.38268031849431083,0.24943872023267494,0.13701336216653548
0.4190476190476191,0.0,0.0784313725490196,0.0,0.0,0.0,0.0,0.0,0.0,0.0,0.36409660676800104,0.2387209410807626,0.0
0.6380952380952382,0.0,0.0,0.0,0.0,0.0,0.0,0.0,0.0,0.0,0.23463936301137822,0.30328542049939067,0.0
0.5238095238095238,0.0,0.0,0.16666666666666666,0.0,0.0,0.0,0.0,0.0,0.0,0.3212377705398239,0.2378751504611592,0.0
0.0,0.0,0.0,0.0,0.0,0.0,0.0,0.0,0.0,0.0,0.7039180890341347,0.040436212796012436,0.0
0.0,0.0,0.0,0.0,0.0,0.0,0.0,0.0,0.0,0.0,0.6742656854342702,0.041880918675908846,0.0
0.6470238095238096,0.0,0.0,0.3333333333333333,0.38095238095238093,1.0,0.49411764705882355,0.050980392156862744,0.043062200956937795,0.0,0.0,0.5509973049290111,0.23549914406666214
0.7148809523809524,0.0,0.16078431372549018,0.203125,0.15476190476190477,0.13725490196078433,0.0,0.0,0.0,0.6039215686274509,0.26756254955818887,0.30318035057866477,0.0
0.6470238095238096,0.0,0.0,0.3333333333333333,0.38095238095238093,1.0,0.49411764705882355,0.6941176470588235,0.043062200956937795,0.0,0.23463936301137822,0.23541665742807663,0.0720615932453742
0.4,0.0,0.39215686274509803,0.0,0.611111111111111,0.11372549019607843,0.592156862745098,0.00784313725490196,0.9043062200956937,0.0,0.38268031849431083,0.24945423221325175,0.07945982888469613
0.0,0.0,0.0,0.0,0.0,0.0,0.0,0.0,0.0,0.0,0.5783798167411688,0.040182805960119077,0.0
0.36190476190476195,0.0,0.09803921568627451,0.171875,0.13095238095238093,0.18823529411764706,0.03137254901960784,0.5607843137254902,0.507177033492823,0.17254901960784313,0.38268031849431083,0.24323000598354752,0.21240666954336693
0.6380952380952382,0.0,0.0,0.0,0.0,0.0,0.0,0.0,0.0,0.0,0.23463936301137822,0.3031238155152977,0.0
0.4,0.0,0.1411764705882353,0.0,0.611111111111111,0.11372549019607843,0.592156862745098,0.00784313725490196,0.9043062200956937,0.0,0.36409660676800104,0.2393902938932791,0.03903726011546839
0.1904761904761905,0.0,0.0,0.0,0.0,0.0,0.00784313725490196,0.16078431372549018,0.20574162679425836,0.13333333333333333,0.08659840752844564,0.3851843973234148,0.17762060994227605
0.7148809523809524,0.0,0.16078431372549018,0.203125,0.15476190476190477,0.13725490196078433,0.0,0.0,0.0,0.6039215686274509,0.26756254955818887,0.30311929132330556,0.0
0.0011904761904761906,0.0,0.0,0.0,0.0,0.0,0.0,0.0196078431372549,0.043062200956937795,0.6196078431372549,0.36409660676800104,0.2316100613948063,0.038767458926654966
0.5238095238095238,0.0,0.0,0.16666666666666666,0.0,0.0,0.0,0.0,0.0,0.0,0.36409660676800104,0.23904003670536977,0.0
0.1904761904761905,0.0,0.0,0.0,0.0,0.0,0.03137254901960784,0.13333333333333333,0.16746411483253587,0.29411764705882354,0.38268031849431083,0.23023685230265142,0.12337303302136714
0.5047619047619049,0.0,0.0196078431372549,0.16666666666666666,0.9682539682539681,0.40784313725490196,0.4549019607843137,0.0,0.0,0.803921568627451,0.38268031849431083,0.24037640463020032,0.1606473324982674
0.5238095238095238,0.0,0.0,0.16666666666666666,0.0,0.0,0.0,0.0,0.0,0.0,0.0,0.5681402523750891,0.0
0.6476190476190476,0.0,1.0,0.0,0.0,0.0,1.0,0.803921568627451,0.03827751196172249,0.0,0.34374045372979056,0.23847012233348816,0.0658053512057129
0.0011904761904761906,0.0,0.0,0.0,0.0,0.0,0.0,0.011764705882352941,0.04784688995215311,0.047058823529411764,0.38268031849431083,0.24715954407983615,0.12004127761096303
0.23750000000000002,0.0,0.996078431372549,0.44791666666666663,0.0,0.0,0.0,0.23529411764705882,0.0,0.0,0.36409660676800104,0.23870582336515153,0.09241251950922756
0.0,0.0,0.0,0.0,0.0,0.0,0.0,0.0,0.0,0.0,0.6398223646956558,0.040436212796012436,0.0
0.4815476190476191,0.0,0.8627450980392157,0.984375,0.503968253968254,0.0784313725490196,0.06666666666666667,0.12549019607843137,0.0,0.0784313725490196,0.38268031849431083,0.2438246949622536,0.10501349543743638
0.0011904761904761906,0.0,0.0,0.0,0.0,0.0,0.0,0.0,0.05263157894736842,0.7725490196078432,0.38268031849431083,0.2295265030429083,0.13946241702385262
0.18095238095238098,0.0,0.08627450980392157,0.6666666666666666,0.0,1.0,0.09411764705882353,0.5019607843137255,0.057416267942583726,0.15294117647058825,0.38268031849431083,0.2460783434240577,0.14946610038437166
0.0011904761904761906,0.0,0.0,0.0,0.0,0.0,0.0,0.03137254901960784,0.028708133971291863,0.11764705882352941,0.38268031849431083,0.2471079455582166,0.11709176815041666
0.1904761904761905,0.0,0.0,0.0,0.0,0.0,0.0784313725490196,0.07450980392156863,0.20574162679425836,0.23529411764705882,0.38268031849431083,0.22926801202118183,0.14012749839621555
0.6470238095238096,0.0,0.0,0.3333333333333333,0.38095238095238093,1.0,0.49411764705882355,0.5686274509803921,0.043062200956937795,0.0,0.36409660676800104,0.2386777415169797,0.10939765648247894
0.6470238095238096,0.0,0.0,0.3333333333333333,0.38095238095238093,1.0,0.49411764705882355,0.8431372549019608,0.03827751196172249,0.0,0.1480409554829326,0.39284733657169485,0.07980123388137579
0.7523809523809525,0.0,0.0,0.0,0.0,0.5019607843137255,0.0,0.4117647058823529,1.0,0.07450980392156863,0.26756254955818887,0.30201834828402896,0.0
0.8029761904761905,0.0,0.8470588235294118,0.0,0.0,0.5372549019607843,0.0,0.0,0.0,0.0,0.38268031849431083,0.2370879925414352,0.04906614384407297
0.0,0.0,0.0,0.0,0.0,0.0,0.0,0.0,0.0,0.0,0.7039180890341347,0.19261363254390884,0.0
0.4702380952380953,0.0,0.0196078431372549,0.18229166666666666,0.4126984126984127,0.03529411764705882,0.13725490196078433,0.13333333333333333,0.0,0.43137254901960786,0.38268031849431083,0.23670088325168884,0.24690151268639154
0.5047619047619049,0.0,0.0196078431372549,0.16666666666666666,0.3333333333333333,0.40784313725490196,0.4549019607843137,0.0,0.0,0.42745098039215684,0.38268031849431083,0.23869502359149547,0.09303036576326827
0.0,0.0,0.0,0.0,0.0,0.0,0.0,0.0,0.0,0.0,0.36409660676800104,0.19252438143766953,0.0
0.0,0.0,0.0,0.0,0.0,0.0,0.0,0.0,0.0,0.0,0.5307212739772434,0.03970592297413732,0.0
0.8029761904761905,0.0,0.8470588235294118,0.0,0.0,0.5019607843137255,0.0,0.0,0.0,0.0,0.0,0.5038242034731832,0.11478909676375512
0.7523809523809525,0.0,0.0,0.0,0.0,0.5019607843137255,0.0,0.4117647058823529,1.0,0.07450980392156863,0.08659840752844564,0.3986732602254145,0.0
0.18154761904761907,0.0,0.9686274509803922,0.6614583333333333,0.0,0.0,0.19607843137254902,0.4980392156862745,0.057416267942583726,0.7333333333333333,0.38268031849431083,0.24742505175400836,0.18629168998104367
0.8029761904761905,0.0,0.8470588235294118,0.0,0.0,0.5333333333333333,0.0,0.0,0.0,0.0,0.38268031849431083,0.23123827050466414,0.03589768241871075
0.2017857142857143,0.0,0.0,0.171875,0.06349206349206349,1.0,0.0,1.0,0.0,0.0,0.38268031849431083,0.24308129389682331,0.0
0.2017857142857143,0.0,0.0,0.171875,0.06349206349206349,1.0,0.0,1.0,0.0,0.0,0.38268031849431083,0.21902817139841382,0.0
0.0,0.0,0.0,0.0,0.0,0.0,0.0,0.0,0.0,0.0,0.7931371178131621,0.04003998071175027,0.0
0.5047619047619049,0.0,0.0196078431372549,0.16666666666666666,0.07936507936507936,0.40784313725490196,0.4588235294117647,0.0,0.0,0.17254901960784313,0.38268031849431083,0.2386410071467822,0.13487538220206421
0.6476190476190476,0.0,1.0,0.0,0.0,0.0,1.0,0.8196078431372549,0.03827751196172249,0.0,0.36409660676800104,0.23872310056707488,0.07072805264146069
0.4190476190476191,0.0,0.0784313725490196,0.0,0.0,0.0,0.0,0.0,0.0,0.0,0.36409660676800104,0.24044646884170848,0.0
0.0,0.0,0.0,0.0,0.0,0.0,0.0,0.0,0.0,0.0,0.9221202704709593,0.040182805960119077,0.0
0.0011904761904761906,0.0,0.0,0.0,0.0,0.0,0.0,0.01568627450980392,0.0,0.15294117647058825,0.38268031849431083,0.25403905359309653,0.13574835206229127
0.4190476190476191,0.0,0.0784313725490196,0.0,0.0,0.0,0.0,0.0,0.0,0.0,0.38268031849431083,0.2386064212384114,0.0
0.18154761904761907,0.0,0.8980392156862745,0.6614583333333333,0.0,0.0,0.26666666666666666,0.4980392156862745,0.004784688995215311,0.4549019607843137,0.08659840752844564,0.4440462928608479,0.17785358514364916
0.4702380952380953,0.0,0.0196078431372549,0.17708333333333331,0.38095238095238093,0.03529411764705882,0.13333333333333333,0.12941176470588234,0.0,0.43529411764705883,0.38268031849431083,0.2471416860786666,0.1072408630047807
0.4,0.0,0.26666666666666666,0.0,0.611111111111111,0.11372549019607843,0.592156862745098,0.00784313725490196,0.9043062200956937,0.0,0.36409660676800104,0.23726126367867903,0.0391451422959784
0.18095238095238098,0.0,0.027450980392156862,0.6666666666666666,0.0,1.0,0.054901960784313725,0.5019607843137255,0.057416267942583726,0.8705882352941177,0.36409660676800104,0.2471079455582166,0.19881137272506438
0.1904761904761905,0.0,0.0,0.0,0.0,0.0,0.11764705882352941,0.050980392156862744,0.15311004784688995,0.6549019607843137,0.36409660676800104,0.24751603320040894,0.21018765012158677
0.5047619047619049,0.0,0.0196078431372549,0.16666666666666666,0.14285714285714285,0.40784313725490196,0.47058823529411764,0.0,0.0,0.06666666666666667,0.38268031849431083,0.23927439418231305,0.1801704524709755
0.0,0.0,0.0,0.0,0.0,0.0,0.0,0.0,0.0,0.0,0.7593439587709121,0.039450648463288183,0.0
0.4815476190476191,0.0,0.25098039215686274,0.9583333333333333,0.503968253968254,0.0784313725490196,0.06666666666666667,0.12549019607843137,0.0,0.0784313725490196,0.38268031849431083,0.23645154585820477,0.05368100245616276
0.23750000000000002,0.0,0.996078431372549,0.453125,0.0,0.0,0.0,0.23529411764705882,0.0,0.0,0.38268031849431083,0.23759380036972502,0.077550705938032
0.7523809523809525,0.0,0.0,0.0,0.0,0.5019607843137255,0.0,0.4117647058823529,1.0,0.07450980392156863,0.23463936301137822,0.3030955359424389,0.0
0.6470238095238096,0.0,0.0,0.3333333333333333,0.38095238095238093,1.0,0.49411764705882355,0.8156862745098039,0.03827751196172249,0.0,0.36409660676800104,0.23870366350412195,0.07132803374690547
0.4,0.0,0.01568627450980392,0.0,0.611111111111111,0.11372549019607843,0.592156862745098,0.00784313725490196,0.9043062200956937,0.0,0.38268031849431083,0.23907662419462522,0.07936191258484337
0.4702380952380953,0.0,0.0196078431372549,0.171875,0.4444444444444444,0.03529411764705882,0.12941176470588234,0.12941176470588234,0.0,0.43529411764705883,0.08659840752844564,0.43746429423323396,0.17727375220711925
0.2017857142857143,0.0,0.0,0.171875,0.06349206349206349,1.0,0.0,1.0,0.0,0.0,0.38268031849431083,0.23420156130769812,0.0
0.6476190476190476,0.0,1.0,0.0,0.0,0.0,1.0,0.803921568627451,0.03827751196172249,0.0,0.34374045372979056,0.23878786338938032,0.0658053512057129
0.5047619047619049,0.0,0.0196078431372549,0.16666666666666666,0.2698412698412698,0.40784313725490196,0.4627450980392157,0.0,0.0,0.4980392156862745,0.38268031849431083,0.23927439418231305,0.05091107271119228
0.0,0.0,0.0,0.0,0.0,0.0,0.0,0.0,0.0,0.0,0.8177133896438564,0.040641632066982215,0.0
0.8029761904761905,0.0,0.8470588235294118,0.0,0.0,0.5019607843137255,0.0,0.0,0.0,0.0,0.29608191096586517,0.23843331127825682,0.11478909676375512
0.6470238095238096,0.0,0.0,0.3333333333333333,0.38095238095238093,1.0,0.49411764705882355,0.6549019607843137,0.043062200956937795,0.0,0.36409660676800104,0.2389862071412802,0.08409305744546419
0.8029761904761905,0.0,0.8470588235294118,0.0,0.0,0.5333333333333333,0.0,0.0,0.0,0.0,0.38268031849431083,0.2405440519252514,0.03589768241871075
0.0,0.0,0.0,0.0,0.0,0.0,0.0,0.0,0.0,0.0,0.9475923076782696,0.04057847125969615,0.0
0.4,0.0,0.26666666666666666,0.0,0.611111111111111,0.11372549019607843,0.592156862745098,0.00784313725490196,0.9043062200956937,0.0,0.38268031849431083,0.23759380036972502,0.0391451422959784
0.0011904761904761906,0.0,0.0,0.0,0.0,0.0,0.0,0.03529411764705882,0.028708133971291863,0.32156862745098036,0.38268031849431083,0.24691719598914627,0.10114888742862885
0.6470238095238096,0.0,0.0,0.3333333333333333,0.38095238095238093,1.0,0.49411764705882355,0.7725490196078432,0.03827751196172249,0.0,0.38268031849431083,0.24249876951956761,0.05765417462933457
0.4815476190476191,0.0,0.8627450980392157,0.9895833333333333,0.503968253968254,0.0784313725490196,0.06666666666666667,0.12549019607843137,0.0,0.0784313725490196,0.36409660676800104,0.22966377569137122,0.11618261537475522
0.18154761904761907,0.0,0.03529411764705882,0.6666666666666666,0.0,0.0,0.20392156862745098,0.4980392156862745,0.07177033492822966,0.2196078431372549,0.38268031849431083,0.22981266809073,0.19327842221624847
0.5047619047619049,0.0,0.0196078431372549,0.16666666666666666,0.07936507936507936,0.40784313725490196,0.4549019607843137,0.0,0.0,0.1764705882352941,0.0,0.4861304024440622,0.15945627399891607
0.4702380952380953,0.0,0.0196078431372549,0.171875,0.31746031746031744,0.0392156862745098,0.12941176470588234,0.11764705882352941,0.0,0.43529411764705883,0.36409660676800104,0.2263060621257272,0.2162740189532572
0.7523809523809525,0.0,0.0,0.0,0.0,0.5019607843137255,0.0,0.4117647058823529,1.0,0.07450980392156863,0.08659840752844564,0.4594797808274336,0.0
0.18095238095238098,0.0,0.07450980392156863,0.6666666666666666,0.0,1.0,0.17254901960784313,0.5019607843137255,0.023923444976076555,0.7843137254901961,0.34374045372979056,0.22717314119337617,0.11050207508698573
0.0,0.0,0.0,0.0,0.0,0.0,0.0,0.0,0.0,0.0,0.6958575870635337,0.0402462181515586,0.0
0.0,0.0,0.0,0.0,0.0,0.0,0.0,0.0,0.0,0.0,0.6742656854342702,0.0401669466006328,0.0
0.0,0.0,0.0,0.0,0.0,0.0,0.0,0.0,0.0,0.0,0.7499886843171251,0.040641632066982215,0.0
0.23750000000000002,0.0,0.996078431372549,0.47916666666666663,0.0,0.0,0.0,0.23529411764705882,0.0,0.0,0.38268031849431083,0.23855019350414355,0.07819619029941431
0.18095238095238098,0.0,0.03529411764705882,0.6666666666666666,0.0,1.0,0.0196078431372549,0.5019607843137255,0.023923444976076555,0.6666666666666666,0.38268031849431083,0.21963163848427442,0.15603502073659048
0.6470238095238096,0.0,0.0,0.3333333333333333,0.38095238095238093,1.0,0.49411764705882355,0.796078431372549,0.03827751196172249,0.0,0.38268031849431083,0.2311311232038603,0.06516830572619194
0.6476190476190476,0.0,1.0,0.0,0.0,0.0,1.0,0.8117647058823529,0.03827751196172249,0.0,0.08659840752844564,0.44999881887408727,0.06827398375879708
0.4815476190476191,0.0,0.5254901960784314,0.9583333333333333,0.503968253968254,0.0784313725490196,0.06666666666666667,0.12549019607843137,0.0,0.0784313725490196,0.38268031849431083,0.23236331672535415,0.043612396678005066
0.6470238095238096,0.0,0.0,0.3333333333333333,0.38095238095238093,1.0,0.49411764705882355,0.611764705882353,0.043062200956937795,0.0,0.36409660676800104,0.2559390694869694,0.09693774070161747
0.6380952380952382,0.0,0.0,0.0,0.0,0.0,0.0,0.0,0.0,0.0,0.23463936301137822,0.3082607048648132,0.0
0.4702380952380953,0.0,0.0196078431372549,0.171875,0.4603174603174603,0.03529411764705882,0.12941176470588234,0.12941176470588234,0.0,0.43137254901960786,0.38268031849431083,0.2452505678960255,0.21213144057423355
0.7523809523809525,0.0,0.0,0.0,0.0,0.5019607843137255,0.0,0.4117647058823529,1.0,0.07450980392156863,0.26756254955818887,0.30724475904569515,0.0
0.6470238095238096,0.0,0.0,0.3333333333333333,0.38095238095238093,1.0,0.49411764705882355,0.027450980392156862,0.043062200956937795,0.0,0.38268031849431083,0.23882238634656536,0.24041460422273636
0.7148809523809524,0.0,0.16078431372549018,0.203125,0.15476190476190477,0.13725490196078433,0.0,0.0,0.0,0.6039215686274509,0.23463936301137822,0.303166785090474,0.0
0.18154761904761907,0.0,0.984313725490196,0.6614583333333333,0.0,0.0,0.12156862745098039,0.4980392156862745,0.06220095693779904,0.6588235294117647,0.36409660676800104,0.2316077420072915,0.21927436341649006
0.0,0.0,0.0,0.0,0.0,0.0,0.0,0.0,0.0,0.0,0.7228311423096268,0.2865035975898997,0.0
0.8029761904761905,0.0,0.8470588235294118,0.46354166666666663,0.0,0.5372549019607843,0.0,0.0,0.0,0.0,0.38268031849431083,0.23727222006790952,0.10999623439982627
0.2017857142857143,0.0,0.0,0.171875,0.06349206349206349,1.0,0.0,1.0,0.0,0.0,0.38268031849431083,0.22502581723041076,0.0
0.4815476190476191,0.0,0.5254901960784314,0.9583333333333333,0.503968253968254,0.0784313725490196,0.06666666666666667,0.12549019607843137,0.0,0.0784313725490196,0.36409660676800104,0.244544257344099,0.043612396678005066
0.5238095238095238,0.0,0.0,0.16666666666666666,0.0,0.0,0.0,0.0,0.0,0.0,0.36409660676800104,0.22750723589193483,0.0
0.36190476190476195,0.0,0.09803921568627451,0.17708333333333331,0.1349206349206349,0.18823529411764706,0.03137254901960784,0.5568627450980392,0.5358851674641149,0.08235294117647059,0.36409660676800104,0.24049102950420725,0.10726956916769993
0.2017857142857143,0.0,0.0,0.171875,0.06349206349206349,1.0,0.0,1.0,0.0,0.0,0.36409660676800104,0.23023685230265142,0.0
0.23750000000000002,0.0,0.996078431372549,0.4583333333333333,0.0,0.0,0.0,0.2549019607843137,0.0,0.0,0.38268031849431083,0.23836831737805475,0.08563671315738511
0.36190476190476195,0.0,0.09803921568627451,0.17708333333333331,0.1349206349206349,0.18823529411764706,0.03137254901960784,0.5607843137254902,0.5215311004784688,0.0196078431372549,0.38268031849431083,0.2394631986395817,0.14521812040861207
0.18154761904761907,0.0,0.0,0.6666666666666666,0.0,0.0,0.3176470588235294,0.4980392156862745,0.004784688995215311,0.7843137254901961,0.38268031849431083,0.22924663870600367,0.21932097717727073
0.18154761904761907,0.0,0.054901960784313725,0.6666666666666666,0.0,0.0,0.27450980392156865,0.4980392156862745,0.06220095693779904,0.7803921568627451,0.38268031849431083,0.22920625436750441,0.1890587007850388
0.4702380952380953,0.0,0.0196078431372549,0.17708333333333331,0.3968253968253968,0.03529411764705882,0.13333333333333333,0.12941176470588234,0.0,0.43529411764705883,0.38268031849431083,0.23789692738193685,0.11169208403898792
0.29583333333333334,0.0,0.03137254901960784,0.0,0.0,0.0,0.0,0.0,0.0,0.0,0.23463936301137822,0.3031441718359547,0.0
0.36190476190476195,0.0,0.10196078431372549,0.18229166666666666,0.1388888888888889,0.18823529411764706,0.03137254901960784,0.5568627450980392,0.5215311004784688,0.011764705882352941,0.38268031849431083,0.238658295597298,0.23290127610200434
0.0,0.0,0.0,0.0,0.0,0.0,0.0,0.0,0.0,0.0,0.6601785177338662,0.18891560129514076,0.0
0.5238095238095238,0.0,0.0,0.16666666666666666,0.0,0.0,0.0,0.0,0.0,0.0,0.38268031849431083,0.2387684389649113,0.0
0.18095238095238098,0.0,0.07058823529411765,0.6666666666666666,0.0,1.0,0.8980392156862745,0.4980392156862745,0.019138755980861243,0.9176470588235294,0.36409660676800104,0.25438839267654134,0.25875268549278474
0.6476190476190476,0.0,1.0,0.0,0.0,0.0,1.0,0.5254901960784314,0.043062200956937795,0.0,0.36409660676800104,0.2454203086815284,0.11986533090373575
0.36190476190476195,0.0,0.09411764705882353,0.17708333333333331,0.1349206349206349,0.18823529411764706,0.03137254901960784,0.5607843137254902,0.5406698564593301,0.0784313725490196,0.36409660676800104,0.23972222163161214,0.1753310028000612
0.5047619047619049,0.0,0.0196078431372549,0.16666666666666666,0.5873015873015872,0.40784313725490196,0.4588235294117647,0.0,0.0,0.6745098039215687,0.38268031849431083,0.2393645500572018,0.06430839330360202
0.29583333333333334,0.0,0.03137254901960784,0.0,0.0,0.0,0.0,0.0,0.0,0.0,0.23463936301137822,0.30256692927684,0.0
0.4815476190476191,0.0,0.8627450980392157,0.9479166666666666,0.503968253968254,0.0784313725490196,0.06666666666666667,0.12549019607843137,0.0,0.0784313725490196,0.36409660676800104,0.24112965864101898,0.11494955482310489
0.4190476190476191,0.0,0.0784313725490196,0.0,0.0,0.0,0.0,0.0,0.0,0.0,0.26756254955818887,0.30319617464620685,0.0
0.1904761904761905,0.0,0.0,0.0,0.0,0.0,0.08627450980392157,0.13333333333333333,0.20095693779904306,0.6862745098039216,0.38268031849431083,0.247573348375683,0.12583887740832103
0.0,0.0,0.0,0.0,0.0,0.0,0.0,0.0,0.0,0.0,0.6051119045196828,0.0402462181515586,0.0
0.5238095238095238,0.0,0.0,0.16666666666666666,0.0,0.0,0.0,0.0,0.0,0.0,0.36409660676800104,0.23892157323004773,0.0
0.36190476190476195,0.0,0.09803921568627451,0.171875,0.1349206349206349,0.18823529411764706,0.03137254901960784,0.5568627450980392,0.5215311004784688,0.16078431372549018,0.38268031849431083,0.2373445020182711,0.12454983272580934
0.8029761904761905,0.0,0.8470588235294118,0.0,0.0,0.5411764705882353,0.0,0.0,0.0,0.0,0.38268031849431083,0.23885905387897255,0.061830499129058164
0.2017857142857143,0.0,0.0,0.171875,0.06349206349206349,1.0,0.0,1.0,0.0,0.0,0.36409660676800104,0.2342106000099194,0.0
0.0,0.0,0.0,0.0,0.0,0.0,0.0,0.0,0.0,0.0,0.820022362968138,0.03983331524312109,0.0
0.8029761904761905,0.0,0.8470588235294118,0.0,0.0,0.5372549019607843,0.0,0.0,0.0,0.0,0.1956994982468579,0.23614397998888575,0.04906614384407297
0.8029761904761905,0.0,0.8470588235294118,0.0,0.0,0.5411764705882353,0.0,0.0,0.0,0.0,0.1956994982468579,0.32607905182778596,0.061830499129058164
0.0011904761904761906,0.0,0.0,0.0,0.0,0.0,0.0,0.03137254901960784,0.023923444976076555,0.22352941176470587,0.0,0.46029350258741075,0.1112222168134359
0.4815476190476191,0.0,0.25098039215686274,0.9583333333333333,0.503968253968254,0.0784313725490196,0.06666666666666667,0.12549019607843137,0.0,0.0784313725490196,0.36409660676800104,0.2396152690099523,0.05368100245616276
0.0,0.0,0.0,0.0,0.0,0.0,0.0,0.0,0.0,0.0,0.6649782242696144,0.03949856230861062,0.0
0.2017857142857143,0.0,0.0,0.171875,0.06349206349206349,1.0,0.0,1.0,0.0,0.0,0.38268031849431083,0.24323000598354752,0.0
0.5238095238095238,0.0,0.0,0.16666666666666666,0.0,0.0,0.0,0.0,0.0,0.0,0.38268031849431083,0.22826327120808237,0.0
0.1904761904761905,0.0,0.0,0.0,0.0,0.0,0.023529411764705882,0.12549019607843137,0.19138755980861244,0.08235294117647059,0.1480409554829326,0.2551200544648406,0.12233370768842246
0.23750000000000002,0.0,0.996078431372549,0.4739583333333333,0.0,0.0,0.0,0.23529411764705882,0.0,0.0,0.0,0.468448451091991,0.06280801564415128
0.18095238095238098,0.0,0.09803921568627451,0.6666666666666666,0.0,1.0,0.058823529411764705,0.5019607843137255,0.0,0.4588235294117647,0.3212377705398239,0.3040816935856433,0.15093509365759442
0.36190476190476195,0.0,0.10196078431372549,0.171875,0.1349206349206349,0.18823529411764706,0.03137254901960784,0.5568627450980392,0.49760765550239233,0.10980392156862745,0.36409660676800104,0.24460534389932984,0.18538990368646902
0.0011904761904761906,0.0,0.0,0.0,0.0,0.0,0.0,0.03137254901960784,0.06220095693779904,0.8196078431372549,0.26756254955818887,0.30666576796492045,0.1420128540118401
0.4702380952380953,0.0,0.0196078431372549,0.18229166666666666,0.4126984126984127,0.03529411764705882,0.13725490196078433,0.13333333333333333,0.0,0.43137254901960786,0.38268031849431083,0.2495917952556911,0.24690151268639154
0.5047619047619049,0.0,0.0196078431372549,0.16666666666666666,0.4603174603174603,0.40784313725490196,0.47058823529411764,0.0,0.0,0.2549019607843137,0.38268031849431083,0.2380144405297318,0.11721620930904413
0.7523809523809525,0.0,0.0,0.0,0.0,0.5019607843137255,0.0,0.4117647058823529,1.0,0.07450980392156863,0.23463936301137822,0.29825291645165625,0.0
0.0,0.0,0.0,0.0,0.0,0.0,0.0,0.0,0.0,0.0,0.5307212739772434,0.03943467205687737,0.0
0.0,0.0,0.0,0.0,0.0,0.0,0.0,0.0,0.0,0.0,0.881464910922625,0.17428489016449597,0.0
0.6470238095238096,0.0,0.0,0.3333333333333333,0.38095238095238093,1.0,0.49411764705882355,0.8156862745098039,0.03827751196172249,0.0,0.36409660676800104,0.23895820426377093,0.07132803374690547
0.4702380952380953,0.0,0.0196078431372549,0.18229166666666666,0.49206349206349204,0.03529411764705882,0.13725490196078433,0.13333333333333333,0.0,0.43137254901960786,0.36409660676800104,0.240072222085585,0.26259600298503
0.0,0.0,0.0,0.0,0.0,0.0,0.0,0.0,0.0,0.0,0.9263496750595065,0.040704752837647844,0.0
0.0,0.0,0.0,0.0,0.0,0.0,0.0,0.0,0.0,0.0,0.6649782242696144,0.1851747994739954,0.0
0.6476190476190476,0.0,1.0,0.0,0.0,0.0,1.0,0.7764705882352941,0.03827751196172249,0.0,0.23463936301137822,0.36095134157237857,0.057047909371863825
0.4,0.0,0.01568627450980392,0.0,0.611111111111111,0.11372549019607843,0.592156862745098,0.00784313725490196,0.9043062200956937,0.0,0.08659840752844564,0.4587627227242778,0.07936191258484337
0.5047619047619049,0.0,0.0196078431372549,0.16666666666666666,0.8412698412698412,0.40784313725490196,0.4627450980392157,0.0,0.0,0.9372549019607843,0.38268031849431083,0.236625927023861,0.1271660977148337
0.0,0.0,0.0,0.0,0.0,0.0,0.0,0.0,0.0,0.0,0.6113030032879794,0.040846628450335716,0.0
0.6476190476190476,0.0,1.0,0.0,0.0,0.0,1.0,0.8196078431372549,0.03827751196172249,0.0,0.1480409554829326,0.38856823809574875,0.07072805264146069
0.0,0.0,0.0,0.0,0.0,0.0,0.0,0.0,0.0,0.0,0.8762341690189347,0.0398492278236016,0.0
0.6470238095238096,0.0,0.0,0.3333333333333333,0.38095238095238093,1.0,0.49411764705882355,0.8117647058823529,0.03827751196172249,0.0,0.36409660676800104,0.23835964831865603,0.07010336345566635
0.0,0.0,0.0,0.0,0.0,0.0,0.0,0.0,0.0,0.0,0.6999258615408371,0.028252436814584458,0.0
0.09583333333333334,0.0,0.4980392156862745,0.71875,0.0,0.0,0.13333333333333333,0.0,0.0,0.0,0.0,0.4595813610207443,0.12856113697367655
0.4815476190476191,0.0,0.5254901960784314,0.9739583333333333,0.503968253968254,0.0784313725490196,0.06666666666666667,0.12549019607843137,0.0,0.0784313725490196,0.36409660676800104,0.24543847804493044,0.031790916962537
0.18154761904761907,0.0,0.984313725490196,0.6614583333333333,0.0,0.0,0.3333333333333333,0.4980392156862745,0.04784688995215311,0.580392156862745,0.36409660676800104,0.2483174201916857,0.1905580988688026
0.5047619047619049,0.0,0.0196078431372549,0.16666666666666666,0.3968253968253968,0.40784313725490196,0.4549019607843137,0.0,0.0,0.36470588235294116,0.38268031849431083,0.24001681619891732,0.09301727708211237
0.0,0.0,0.0,0.0,0.0,0.0,0.0,0.0,0.0,0.0,0.8057785557650592,0.03978556223896158,0.0
0.7148809523809524,0.0,0.16078431372549018,0.203125,0.15476190476190477,0.13725490196078433,0.0,0.0,0.0,0.6039215686274509,0.1480409554829326,0.30262491801586217,0.0
0.23750000000000002,0.0,0.996078431372549,0.4739583333333333,0.0,0.0,0.0,0.23529411764705882,0.0,0.0,0.0,0.5059715727651107,0.06280801564415128
0.4702380952380953,0.0,0.0196078431372549,0.17708333333333331,0.4126984126984127,0.03529411764705882,0.13333333333333333,0.12941176470588234,0.0,0.43529411764705883,0.38268031849431083,0.2387684389649113,0.11609617845709573
0.18095238095238098,0.0,0.054901960784313725,0.6666666666666666,0.0,1.0,0.027450980392156862,0.5019607843137255,0.03827751196172249,0.6509803921568628,0.38268031849431083,0.24650664172966547,0.11568821946064828
0.4702380952380953,0.0,0.0196078431372549,0.171875,0.14285714285714285,0.0392156862745098,0.12941176470588234,0.11764705882352941,0.0,0.43529411764705883,0.36409660676800104,0.23963238915080448,0.2525236881051384
0.18154761904761907,0.0,0.984313725490196,0.6614583333333333,0.0,0.0,0.2823529411764706,0.4980392156862745,0.019138755980861243,0.6862745098039216,0.1480409554829326,0.30383269931261025,0.18623713717687312
0.4,0.0,0.39215686274509803,0.0,0.611111111111111,0.11372549019607843,0.592156862745098,0.00784313725490196,0.9043062200956937,0.0,0.1480409554829326,0.2452262955754494,0.07945982888469613
0.18095238095238098,0.0,0.06666666666666667,0.6666666666666666,0.0,1.0,0.00784313725490196,0.5019607843137255,0.019138755980861243,0.33725490196078434,0.38268031849431083,0.24750021631030877,0.1314882941493545
0.6470238095238096,0.0,0.0,0.3333333333333333,0.38095238095238093,1.0,0.49411764705882355,0.6313725490196078,0.043062200956937795,0.0,0.36409660676800104,0.23891295220460004,0.09114836801191872
0.6476190476190476,0.0,1.0,0.0,0.0,0.0,1.0,0.7372549019607844,0.03827751196172249,0.0,0.1480409554829326,0.36846196605416853,0.04420853671552588
0.8029761904761905,0.0,0.8470588235294118,0.0,0.0,0.5411764705882353,0.0,0.0,0.0,0.0,0.36409660676800104,0.23890433043271583,0.061830499129058164
0.18154761904761907,0.0,0.9490196078431372,0.6614583333333333,0.0,0.0,0.17254901960784313,0.4980392156862745,0.06698564593301436,0.6431372549019607,0.38268031849431083,0.24860333108999288,0.19960688659001224
0.7148809523809524,0.0,0.16078431372549018,0.203125,0.15476190476190477,0.13725490196078433,0.0,0.0,0.0,0.6039215686274509,0.23463936301137822,0.30318600232003173,0.0
0.6470238095238096,0.0,0.0,0.3333333333333333,0.38095238095238093,1.0,0.49411764705882355,0.7764705882352941,0.03827751196172249,0.0,0.36409660676800104,0.23881375672928648,0.058915993560621965
0.09583333333333334,0.0,0.49411764705882355,0.7239583333333333,0.0,0.0,0.1411764705882353,0.0,0.0,0.0,0.08659840752844564,0.4595150634726309,0.17613552698366586
0.18095238095238098,0.0,0.08627450980392157,0.6666666666666666,0.0,1.0,0.984313725490196,0.4980392156862745,0.057416267942583726,0.4784313725490196,0.36409660676800104,0.2485231239049376,0.23386880308719055
0.1904761904761905,0.0,0.0,0.0,0.0,0.0,0.0784313725490196,0.12549019607843137,0.21531100478468898,0.403921568627451,0.1480409554829326,0.20771071161551893,0.12486598823090837
0.18095238095238098,0.0,0.07450980392156863,0.6666666666666666,0.0,1.0,0.9764705882352941,0.4980392156862745,0.004784688995215311,0.8,0.36409660676800104,0.22867737344231076,0.2690618550212467
0.18095238095238098,0.0,0.043137254901960784,0.6666666666666666,0.0,1.0,0.9803921568627451,0.4980392156862745,0.04784688995215311,0.8941176470588235,0.3212377705398239,0.2558318320111372,0.27943563353613143
0.4,0.0,0.39215686274509803,0.0,0.611111111111111,0.11372549019607843,0.592156862745098,0.00784313725490196,0.9043062200956937,0.0,0.38268031849431083,0.23862155405145374,0.07945982888469613
0.18154761904761907,0.0,0.9490196078431372,0.6614583333333333,0.0,0.0,0.25098039215686274,0.4980392156862745,0.0,0.34509803921568627,0.38268031849431083,0.24570860826894866,0.19413692663286036
0.5238095238095238,0.0,0.0,0.16666666666666666,0.0,0.0,0.0,0.0,0.0,0.0,0.36409660676800104,0.23895820426377093,0.0
0.0,0.0,0.0,0.0,0.0,0.0,0.0,0.0,0.0,0.0,0.911913238348602,0.04010348389204519,0.0
0.8029761904761905,0.0,0.8470588235294118,0.0,0.0,0.5411764705882353,0.0,0.0,0.0,0.0,0.38268031849431083,0.23189030928612572,0.061830499129058164
0.18095238095238098,0.0,0.09019607843137255,0.6666666666666666,0.0,1.0,0.00392156862745098,0.5019607843137255,0.03349282296650718,0.1803921568627451,0.38268031849431083,0.22929650264042872,0.12810885582882725
0.0,0.0,0.0,0.0,0.0,0.0,0.0,0.0,0.0,0.0,0.7334239554396924,0.1987511031174953,0.0
0.2017857142857143,0.0,0.0,0.171875,0.06349206349206349,1.0,0.0,1.0,0.0,0.0,0.36409660676800104,0.23418348144154746,0.0
0.1904761904761905,0.0,0.0,0.0,0.0,0.0,0.00784313725490196,0.12549019607843137,0.2200956937799043,0.36470588235294116,0.36409660676800104,0.2461725669320758,0.15226557655080789
0.7523809523809525,0.0,0.0,0.0,0.0,0.5019607843137255,0.0,0.4117647058823529,1.0,0.07450980392156863,0.26756254955818887,0.302458820915765,0.0
0.23750000000000002,0.0,0.996078431372549,0.47916666666666663,0.0,0.0,0.0,0.23529411764705882,0.0,0.0,0.0,0.561363200854911,0.07819619029941431
0.18095238095238098,0.0,0.1568627450980392,0.6666666666666666,0.0,1.0,0.00392156862745098,0.5019607843137255,0.043062200956937795,0.00784313725490196,0.36409660676800104,0.23135692963562893,0.22189546231964344
0.8029761904761905,0.0,0.8470588235294118,0.0,0.0,0.5411764705882353,0.0,0.0,0.0,0.0,0.36409660676800104,0.2452262955754494,0.061830499129058164
0.4702380952380953,0.0,0.0196078431372549,0.17708333333333331,0.12698412698412698,0.0392156862745098,0.13333333333333333,0.12156862745098039,0.0,0.43529411764705883,0.1480409554829326,0.23945248070035055,0.1907836445963805
0.18095238095238098,0.0,0.09019607843137255,0.6666666666666666,0.0,1.0,0.9803921568627451,0.4980392156862745,0.004784688995215311,0.16078431372549018,0.38268031849431083,0.22912543652298573,0.2794736061043928
0.36190476190476195,0.0,0.10196078431372549,0.18229166666666666,0.1388888888888889,0.18823529411764706,0.03137254901960784,0.5568627450980392,0.5215311004784688,0.011764705882352941,0.38268031849431083,0.2392722466186809,0.23290127610200434
0.4702380952380953,0.0,0.0196078431372549,0.171875,0.30158730158730157,0.0392156862745098,0.12941176470588234,0.11764705882352941,0.0,0.43529411764705883,0.36409660676800104,0.23994644891815073,0.21970311995408798
0.0011904761904761906,0.0,0.0,0.0,0.0,0.0,0.0,0.0,0.004784688995215311,0.09019607843137255,0.36409660676800104,0.22960462964943618,0.17919718639266824
0.0011904761904761906,0.0,0.0,0.0,0.0,0.0,0.0,0.0196078431372549,0.03827751196172249,0.5137254901960784,0.1480409554829326,0.3044852649707717,0.01022141259149725
0.6470238095238096,0.0,0.0,0.3333333333333333,0.38095238095238093,1.0,0.49411764705882355,0.8352941176470589,0.03827751196172249,0.0,0.38268031849431083,0.23180469733424927,0.07739787962939865
0.5238095238095238,0.0,0.0,0.16666666666666666,0.0,0.0,0.0,0.0,0.0,0.0,0.3212377705398239,0.2343167433500639,0.0
0.0,0.0,0.0,0.0,0.0,0.0,0.0,0.0,0.0,0.0,0.7982838235354323,0.17736727318500703,0.0
0.4190476190476191,0.0,0.0784313725490196,0.0,0.0,0.0,0.0,0.0,0.0,0.0,0.38268031849431083,0.23870582336515153,0.0
0.4190476190476191,0.0,0.0784313725490196,0.0,0.0,0.0,0.0,0.0,0.0,0.0,0.38268031849431083,0.23863236179580238,0.0
0.6476190476190476,0.0,1.0,0.0,0.0,0.0,1.0,0.803921568627451,0.03827751196172249,0.0,0.36409660676800104,0.24108749172587177,0.0658053512057129
0.2017857142857143,0.0,0.0,0.171875,0.06349206349206349,1.0,0.0,1.0,0.0,0.0,0.38268031849431083,0.2431949134306683,0.0
0.1904761904761905,0.0,0.0,0.0,0.0,0.0,0.00784313725490196,0.15294117647058825,0.19617224880382775,0.9686274509803922,0.34374045372979056,0.22753865088677738,0.17041149091254537
0.0,0.0,0.0,0.0,0.0,0.0,0.0,0.0,0.0,0.0,0.6999258615408371,0.028395346604449995,0.0
0.0011904761904761906,0.0,0.0,0.0,0.0,0.0,0.0,0.01568627450980392,0.057416267942583726,0.7333333333333333,0.38268031849431083,0.24716747994136484,0.09477377290032407
0.5238095238095238,0.0,0.0,0.16666666666666666,0.0,0.0,0.0,0.0,0.0,0.0,0.36409660676800104,0.239848278152226,0.0
0.7523809523809525,0.0,0.0,0.0,0.0,0.5019607843137255,0.0,0.4117647058823529,1.0,0.07450980392156863,0.23463936301137822,0.30573254271198036,0.0
0.0,0.0,0.0,0.0,0.0,0.0,0.0,0.0,0.0,0.0,0.7797001118091226,0.028466724661153017,0.0
0.23750000000000002,0.0,0.996078431372549,0.4895833333333333,0.0,0.0,0.0,0.23529411764705882,0.0,0.0,0.38268031849431083,0.2450643287308673,0.1073633717342716
0.23750000000000002,0.0,0.996078431372549,0.44791666666666663,0.0,0.0,0.0,0.2549019607843137,0.0,0.0,0.38268031849431083,0.24092709440480042,0.11430423966663589
0.09583333333333334,0.0,0.49019607843137253,0.7239583333333333,0.0,0.0,0.1411764705882353,0.0,0.0,0.0,0.08659840752844564,0.4594877793227633,0.19512231864937818
0.6476190476190476,0.0,1.0,0.0,0.0,0.0,1.0,0.3607843137254902,0.043062200956937795,0.0,0.38268031849431083,0.23868638292915811,0.16318787445006458
0.6470238095238096,0.0,0.0,0.3333333333333333,0.38095238095238093,1.0,0.49411764705882355,0.6235294117647059,0.043062200956937795,0.0,0.36409660676800104,0.23896897553323057,0.0934737947467059
0.1904761904761905,0.0,0.0,0.0,0.0,0.0,0.09411764705882353,0.03137254901960784,0.2200956937799043,0.396078431372549,0.38268031849431083,0.2474586850165628,0.1849782109754247
0.6470238095238096,0.0,0.0,0.3333333333333333,0.38095238095238093,1.0,0.49411764705882355,0.7803921568627451,0.03827751196172249,0.0,0.1480409554829326,0.37571059889120834,0.06017399651790224
0.4,0.0,0.26666666666666666,0.0,0.611111111111111,0.11372549019607843,0.592156862745098,0.00784313725490196,0.9043062200956937,0.0,0.38268031849431083,0.23673834021775084,0.0391451422959784
0.6470238095238096,0.0,0.0,0.3333333333333333,0.38095238095238093,1.0,0.49411764705882355,0.7411764705882353,0.03827751196172249,0.0,0.38268031849431083,0.22954544845575917,0.047419416297079256
0.18154761904761907,0.0,0.0,0.6666666666666666,0.0,0.0,0.996078431372549,0.49411764705882355,0.023923444976076555,0.5254901960784314,0.36409660676800104,0.22930599770233917,0.8716403387835815
0.7148809523809524,0.0,0.16078431372549018,0.203125,0.15476190476190477,0.13725490196078433,0.0,0.0,0.0,0.6039215686274509,0.1956994982468579,0.30214749676121433,0.0
0.0,0.0,0.0,0.0,0.0,0.0,0.0,0.0,0.0,0.0,0.7593439587709121,0.03991285272932955,0.0
0.18095238095238098,0.0,0.10588235294117647,0.6666666666666666,0.0,1.0,0.08627450980392157,0.5019607843137255,0.0,0.32941176470588235,0.36409660676800104,0.2475338241992485,0.17171902350451734
0.0,0.0,0.0,0.0,0.0,0.0,0.0,0.0,0.0,0.0,0.6398223646956558,0.04010348389204519,0.0
0.5047619047619049,0.0,0.0196078431372549,0.16666666666666666,0.8412698412698412,0.40784313725490196,0.4627450980392157,0.0,0.0,0.9372549019607843,0.38268031849431083,0.24469080216940667,0.1271660977148337
0.0,0.0,0.0,0.0,0.0,0.0,0.0,0.0,0.0,0.0,0.555877133551202,0.19270965974183366,0.0
0.7148809523809524,0.0,0.16078431372549018,0.203125,0.15476190476190477,0.13725490196078433,0.0,0.0,0.0,0.6039215686274509,0.23463936301137822,0.3032379832953153,0.0
0.23750000000000002,0.0,0.996078431372549,0.46354166666666663,0.0,0.0,0.0,0.2549019607843137,0.0,0.0,0.36409660676800104,0.23391642140732083,0.07052635064924392
0.23750000000000002,0.0,0.996078431372549,0.44791666666666663,0.0,0.0,0.0,0.2549019607843137,0.0,0.0,0.38268031849431083,0.23695839056058463,0.11430423966663589
0.8029761904761905,0.0,0.8470588235294118,0.0,0.0,0.5411764705882353,0.0,0.0,0.0,0.0,0.36409660676800104,0.2392013510231138,0.061830499129058164
0.0,0.0,0.0,0.0,0.0,0.0,0.0,0.0,0.0,0.0,0.5216314786779912,0.18730734795195533,0.0
0.6380952380952382,0.0,0.0,0.0,0.0,0.0,0.0,0.0,0.0,0.0,0.1480409554829326,0.3032334642875373,0.0
0.18095238095238098,0.0,0.07058823529411765,0.6666666666666666,0.0,1.0,0.23529411764705882,0.5019607843137255,0.043062200956937795,0.06666666666666667,0.36409660676800104,0.22936532133546028,0.11940677687372227
0.6470238095238096,0.0,0.0,0.3333333333333333,0.38095238095238093,1.0,0.49411764705882355,0.4666666666666667,0.043062200956937795,0.0,0.36409660676800104,0.2298032212210403,0.13744454565400166
0.36190476190476195,0.0,0.09803921568627451,0.17708333333333331,0.1349206349206349,0.18823529411764706,0.03137254901960784,0.5607843137254902,0.5311004784688995,0.0784313725490196,0.36409660676800104,0.23873173804403924,0.11517616755074306
0.4702380952380953,0.0,0.0196078431372549,0.18229166666666666,0.4444444444444444,0.03529411764705882,0.13725490196078433,0.13333333333333333,0.0,0.43137254901960786,0.38268031849431083,0.23941817554047504,0.2532505400103412
0.6476190476190476,0.0,1.0,0.0,0.0,0.0,1.0,0.8392156862745098,0.03827751196172249,0.0,0.36409660676800104,0.2388849287161481,0.076800622519469
0.36190476190476195,0.0,0.10588235294117647,0.18229166666666666,0.1388888888888889,0.18823529411764706,0.03137254901960784,0.5568627450980392,0.507177033492823,0.15294117647058825,0.38268031849431083,0.2395531838135608,0.2577436047576601
0.0,0.0,0.0,0.0,0.0,0.0,0.0,0.0,0.0,0.0,0.6649782242696144,0.03924275497658138,0.0
0.0,0.0,0.0,0.0,0.0,0.0,0.0,0.0,0.0,0.0,0.5783798167411688,0.25561154235469796,0.0
0.7148809523809524,0.0,0.16078431372549018,0.203125,0.15476190476190477,0.13725490196078433,0.0,0.0,0.0,0.6039215686274509,0.0,0.49287628044766396,0.0
0.6380952380952382,0.0,0.0,0.0,0.0,0.0,0.0,0.0,0.0,0.0,0.26756254955818887,0.30300045770730943,0.0
0.6476190476190476,0.0,1.0,0.0,0.0,0.0,1.0,0.8313725490196078,0.03827751196172249,0.0,0.38268031849431083,0.2385696605437968,0.0743822219531151
0.4190476190476191,0.0,0.0784313725490196,0.0,0.0,0.0,0.0,0.0,0.0,0.0,0.38268031849431083,0.23702431095152798,0.0
0.0,0.0,0.0,0.0,0.0,0.0,0.0,0.0,0.0,0.0,0.5636444605240541,0.06761978141693334,0.0
0.23750000000000002,0.0,0.996078431372549,0.4739583333333333,0.0,0.0,0.0,0.2549019607843137,0.0,0.0,0.36409660676800104,0.23907662419462522,0.08626978094876307
0.5047619047619049,0.0,0.0196078431372549,0.16666666666666666,0.9047619047619047,0.40784313725490196,0.47058823529411764,0.0,0.0,0.8196078431372549,0.38268031849431083,0.23872310056707488,0.17024359257709443
0.6470238095238096,0.0,0.0,0.3333333333333333,0.38095238095238093,1.0,0.49411764705882355,0.8549019607843137,0.03827751196172249,0.0,0.36409660676800104,0.23870582336515153,0.08338042879510209
0.4815476190476191,0.0,0.25098039215686274,0.9947916666666666,0.503968253968254,0.0784313725490196,0.06666666666666667,0.12549019607843137,0.0,0.0784313725490196,0.36409660676800104,0.23870582336515153,0.09173828639682508
0.0,0.0,0.0,0.0,0.0,0.0,0.0,0.0,0.0,0.0,0.813019179752547,0.040182805960119077,0.0
0.36190476190476195,0.0,0.09803921568627451,0.17708333333333331,0.1349206349206349,0.18823529411764706,0.03137254901960784,0.5568627450980392,0.5263157894736842,0.15294117647058825,0.38268031849431083,0.23707921129473583,0.07931347002646959
0.0,0.0,0.0,0.0,0.0,0.0,0.0,0.0,0.0,0.0,0.8690544021204251,0.03970592297413732,0.0
0.4702380952380953,0.0,0.0196078431372549,0.18229166666666666,0.15873015873015872,0.0392156862745098,0.13725490196078433,0.12156862745098039,0.0,0.43529411764705883,0.29608191096586517,0.2391927541866922,0.25300934411085785
0.4,0.0,0.01568627450980392,0.0,0.615079365079365,0.11372549019607843,0.592156862745098,0.00784313725490196,0.9043062200956937,0.0,0.38268031849431083,0.23933665338879792,0.17802257647912034
0.18154761904761907,0.0,0.9137254901960784,0.6614583333333333,0.0,0.0,0.30980392156862746,0.4980392156862745,0.028708133971291863,0.10980392156862745,0.36409660676800104,0.24741713639397542,0.20225545134291467
0.4702380952380953,0.0,0.0196078431372549,0.17708333333333331,0.47619047619047616,0.03529411764705882,0.13333333333333333,0.13333333333333333,0.0,0.43137254901960786,0.38268031849431083,0.24469080216940667,0.1910637456634393
0.8029761904761905,0.0,0.8470588235294118,0.0,0.0,0.4980392156862745,0.0,0.0,0.0,0.0,0.36409660676800104,0.23961740918853397,0.1257122543712978
0.0,0.0,0.0,0.0,0.0,0.0,0.0,0.0,0.0,0.0,0.5853829999567598,0.18787751405931014,0.0
0.2017857142857143,0.0,0.0,0.171875,0.06349206349206349,1.0,0.0,1.0,0.0,0.0,0.23463936301137822,0.2332889614034499,0.0
0.4190476190476191,0.0,0.0784313725490196,0.0,0.0,0.0,0.0,0.0,0.0,0.0,0.38268031849431083,0.23886767957177016,0.0
0.4,0.0,0.39215686274509803,0.0,0.611111111111111,0.11372549019607843,0.592156862745098,0.00784313725490196,0.9043062200956937,0.0,0.36409660676800104,0.23854154026477917,0.07945982888469613
0.36190476190476195,0.0,0.09803921568627451,0.171875,0.13095238095238093,0.18823529411764706,0.03137254901960784,0.5568627450980392,0.5215311004784688,0.03137254901960784,0.36409660676800104,0.2397863381086657,0.18886280090529362
0.0011904761904761906,0.0,0.0,0.0,0.0,0.0,0.0,0.00392156862745098,0.014354066985645932,0.3803921568627451,0.36409660676800104,0.23022744559129574,0.11576177169653833
0.0,0.0,0.0,0.0,0.0,0.0,0.0,0.0,0.0,0.0,0.7878633201785883,0.04030958998714853,0.0
0.0,0.0,0.0,0.0,0.0,0.0,0.0,0.0,0.0,0.0,0.43033886125823617,0.03937074078611449,0.0
0.29583333333333334,0.0,0.03137254901960784,0.0,0.0,0.0,0.0,0.0,0.0,0.0,0.23463936301137822,0.30327638658357214,0.0
0.36190476190476195,0.0,0.09803921568627451,0.17708333333333331,0.1349206349206349,0.18823529411764706,0.03137254901960784,0.5607843137254902,0.5263157894736842,0.21568627450980393,0.36409660676800104,0.24414218860168846,0.13053996324025455
0.23750000000000002,0.0,0.996078431372549,0.4739583333333333,0.0,0.0,0.0,0.23529411764705882,0.0,0.0,0.36409660676800104,0.24113176651813248,0.06280801564415128
0.6476190476190476,0.0,1.0,0.0,0.0,0.0,1.0,0.5568627450980392,0.043062200956937795,0.0,0.36409660676800104,0.23885042743892992,0.11107620374676473
0.5238095238095238,0.0,0.0,0.16666666666666666,0.0,0.0,0.0,0.0,0.0,0.0,0.36409660676800104,0.23883964333786606,0.0
0.0,0.0,0.0,0.0,0.0,0.0,0.0,0.0,0.0,0.0,0.5307212739772434,0.24816040783981946,0.0
0.5047619047619049,0.0,0.0196078431372549,0.16666666666666666,0.9682539682539681,0.40784313725490196,0.4588235294117647,0.0,0.0,0.8,0.38268031849431083,0.24079393733485227,0.13512374973921334
0.5238095238095238,0.0,0.0,0.16666666666666666,0.0,0.0,0.0,0.0,0.0,0.0,0.36409660676800104,0.23895820426377093,0.0
0.5238095238095238,0.0,0.0,0.16666666666666666,0.0,0.0,0.0,0.0,0.0,0.0,0.1956994982468579,0.3905038745159558,0.0
0.8029761904761905,0.0,0.8470588235294118,0.0,0.0,0.5411764705882353,0.0,0.0,0.0,0.0,0.38268031849431083,0.23883317231659165,0.061830499129058164
0.6476190476190476,0.0,1.0,0.0,0.0,0.0,1.0,0.7647058823529411,0.03827751196172249,0.0,0.36409660676800104,0.23897759170998942,0.053237536019060346
0.36190476190476195,0.0,0.09803921568627451,0.171875,0.1349206349206349,0.18823529411764706,0.03137254901960784,0.5607843137254902,0.5167464114832536,0.09411764705882353,0.36409660676800104,0.23967945436679475,0.14546274016360994
0.6470238095238096,0.0,0.0,0.3333333333333333,0.38095238095238093,1.0,0.49411764705882355,0.7725490196078432,0.03827751196172249,0.0,0.38268031849431083,0.23702211430809472,0.05765417462933457
0.36190476190476195,0.0,0.09411764705882353,0.171875,0.13095238095238093,0.18823529411764706,0.03137254901960784,0.5607843137254902,0.5454545454545454,0.14901960784313725,0.38268031849431083,0.23785772549492348,0.23560472871415503
0.6470238095238096,0.0,0.0,0.3333333333333333,0.38095238095238093,1.0,0.49411764705882355,0.6823529411764706,0.043062200956937795,0.0,0.36409660676800104,0.22993303718600527,0.07570771140438148
0.4815476190476191,0.0,0.8627450980392157,0.9791666666666666,0.503968253968254,0.0784313725490196,0.06666666666666667,0.12549019607843137,0.0,0.0784313725490196,0.1480409554829326,0.3034794517177924,0.09353619008892736
0.5047619047619049,0.0,0.0196078431372549,0.16666666666666666,0.07936507936507936,0.40784313725490196,0.4627450980392157,0.0,0.0,0.1843137254901961,0.38268031849431083,0.23870582336515153,0.1238158119476225
0.8029761904761905,0.0,0.8470588235294118,0.0,0.0,0.5372549019607843,0.0,0.0,0.0,0.0,0.38268031849431083,0.23846795735394885,0.04906614384407297
0.1904761904761905,0.0,0.0,0.0,0.0,0.0,0.07058823529411765,0.14509803921568626,0.20095693779904306,0.3137254901960784,0.38268031849431083,0.2470086424208171,0.11491251666601303
0.0,0.0,0.0,0.0,0.0,0.0,0.0,0.0,0.0,0.0,0.776908203395359,0.02869835062407463,0.0
0.5238095238095238,0.0,0.0,0.16666666666666666,0.0,0.0,0.0,0.0,0.0,0.0,0.1480409554829326,0.2581399104630548,0.0
0.18095238095238098,0.0,0.07058823529411765,0.6666666666666666,0.0,1.0,1.0,0.4980392156862745,0.03349282296650718,0.8549019607843137,0.38268031849431083,0.22926563743491754,0.24309215461894954
0.8029761904761905,0.0,0.8470588235294118,0.0,0.0,0.5372549019607843,0.0,0.0,0.0,0.0,0.08659840752844564,0.39060493782176936,0.04906614384407297
0.8029761904761905,0.0,0.8470588235294118,0.0,0.0,0.5058823529411764,0.0,0.0,0.0,0.0,0.38268031849431083,0.23477839056068822,0.1035713576084955
0.2017857142857143,0.0,0.0,0.171875,0.06349206349206349,1.0,0.0,1.0,0.0,0.0,0.38268031849431083,0.23416313766753383,0.0
0.0,0.0,0.0,0.0,0.0,0.0,0.0,0.0,0.0,0.0,0.6344150391090467,0.028466724661153017,0.0
0.18154761904761907,0.0,0.0196078431372549,0.6666666666666666,0.0,0.0,0.24313725490196078,0.4980392156862745,0.009569377990430622,0.050980392156862744,0.36409660676800104,0.24723490924142894,0.19613761590848514
0.6476190476190476,0.0,1.0,0.0,0.0,0.0,1.0,0.6039215686274509,0.043062200956937795,0.0,0.36409660676800104,0.2386496517472373,0.09753419677344065
0.0011904761904761906,0.0,0.0,0.0,0.0,0.0,0.0,0.0392156862745098,0.043062200956937795,0.2392156862745098,0.36409660676800104,0.22950518514405355,0.1246370172772783
0.6476190476190476,0.0,1.0,0.0,0.0,0.0,1.0,0.8666666666666667,0.03827751196172249,0.0,0.08659840752844564,0.4375821994863044,0.08515598994163899
0.23750000000000002,0.0,0.996078431372549,0.46354166666666663,0.0,0.0,0.0,0.2549019607843137,0.0,0.0,0.38268031849431083,0.23654429285018075,0.07052635064924392
0.6476190476190476,0.0,1.0,0.0,0.0,0.0,1.0,0.8313725490196078,0.03827751196172249,0.0,0.38268031849431083,0.23885042743892992,0.0743822219531151
0.23750000000000002,0.0,0.996078431372549,0.44791666666666663,0.0,0.0,0.0,0.23529411764705882,0.0,0.0,0.36409660676800104,0.24586953139640863,0.09241251950922756
0.0,0.0,0.0,0.0,0.0,0.0,0.0,0.0,0.0,0.0,0.5853829999567598,0.039769639480624175,0.0
0.0,0.0,0.0,0.0,0.0,0.0,0.0,0.0,0.0,0.0,0.8312070100822431,0.028929439056546435,0.0
0.4,0.0,0.26666666666666666,0.0,0.611111111111111,0.11372549019607843,0.592156862745098,0.00784313725490196,0.9043062200956937,0.0,0.1480409554829326,0.3695660936382313,0.0391451422959784
0.1904761904761905,0.0,0.0,0.0,0.0,0.0,0.00784313725490196,0.15294117647058825,0.16267942583732056,0.2196078431372549,0.36409660676800104,0.24858768597977488,0.1778183534734406
0.0011904761904761906,0.0,0.0,0.0,0.0,0.0,0.0,0.011764705882352941,0.023923444976076555,0.7176470588235294,0.38268031849431083,0.228987419223307,0.08700555750437879
0.0,0.0,0.0,0.0,0.0,0.0,0.0,0.0,0.0,0.0,0.7264207722241013,0.18554384847569722,0.0
0.6470238095238096,0.0,0.0,0.3333333333333333,0.38095238095238093,1.0,0.49411764705882355,0.8313725490196078,0.03827751196172249,0.0,0.38268031849431083,0.2387144623408223,0.07619097529964376
0.7523809523809525,0.0,0.0,0.0,0.0,0.5019607843137255,0.0,0.4117647058823529,1.0,0.07450980392156863,0.26756254955818887,0.30431665704867616,0.0
0.2017857142857143,0.0,0.0,0.171875,0.06349206349206349,1.0,0.0,1.0,0.0,0.0,0.08659840752844564,0.37004893593357,0.0
0.18154761904761907,0.0,0.9490196078431372,0.6614583333333333,0.0,0.0,0.30980392156862746,0.4980392156862745,0.05263157894736842,0.06666666666666667,0.26756254955818887,0.30149317488848215,0.22292528443873713
0.6380952380952382,0.0,0.0,0.0,0.0,0.0,0.0,0.0,0.0,0.0,0.23463936301137822,0.3031385177198473,0.0
0.0,0.0,0.0,0.0,0.0,0.0,0.0,0.0,0.0,0.0,0.901193815485548,0.04056267479619917,0.0
0.6470238095238096,0.0,0.0,0.3333333333333333,0.38095238095238093,1.0,0.49411764705882355,0.8196078431372549,0.03827751196172249,0.0,0.36409660676800104,0.2387144623408223,0.0725491091254756
0.4190476190476191,0.0,0.0784313725490196,0.0,0.0,0.0,0.0,0.0,0.0,0.0,0.36409660676800104,0.23895820426377093,0.0
0.6470238095238096,0.0,0.0,0.3333333333333333,0.38095238095238093,1.0,0.49411764705882355,0.49411764705882355,0.043062200956937795,0.0,0.38268031849431083,0.24178306690252543,0.13007754312487232
0.23750000000000002,0.0,0.996078431372549,0.4739583333333333,0.0,0.0,0.0,0.2549019607843137,0.0,0.0,0.29608191096586517,0.2396773155213196,0.08626978094876307
0.5047619047619049,0.0,0.0196078431372549,0.16666666666666666,0.14285714285714285,0.40784313725490196,0.4745098039215686,0.0,0.0,0.06274509803921569,0.38268031849431083,0.23933665338879792,0.20314543043958228
0.4702380952380953,0.0,0.0196078431372549,0.17708333333333331,0.4444444444444444,0.03529411764705882,0.13333333333333333,0.13333333333333333,0.0,0.43529411764705883,0.08659840752844564,0.41476694658078844,0.15029721224500414
0.4190476190476191,0.0,0.0784313725490196,0.0,0.0,0.0,0.0,0.0,0.0,0.0,0.38268031849431083,0.23873173804403924,0.0
0.7148809523809524,0.0,0.16078431372549018,0.203125,0.15476190476190477,0.13725490196078433,0.0,0.0,0.0,0.6039215686274509,0.23463936301137822,0.30327638658357214,0.0
0.18095238095238098,0.0,0.06274509803921569,0.6666666666666666,0.0,1.0,0.11372549019607843,0.5019607843137255,0.057416267942583726,0.49019607843137253,0.3212377705398239,0.2456582664121761,0.11127361551689886
0.0,0.0,0.0,0.0,0.0,0.0,0.0,0.0,0.0,0.0,0.9970128470783314,0.028019770079139188,0.0
0.4702380952380953,0.0,0.0196078431372549,0.17708333333333331,0.4126984126984127,0.03529411764705882,0.13333333333333333,0.12941176470588234,0.0,0.43529411764705883,0.38268031849431083,0.2383054495917632,0.11609617845709573
0.8029761904761905,0.0,0.8470588235294118,0.0,0.0,0.5411764705882353,0.0,0.0,0.0,0.0,0.36409660676800104,0.24322175002482235,0.061830499129058164
0.4702380952380953,0.0,0.0196078431372549,0.17708333333333331,0.4603174603174603,0.03529411764705882,0.13333333333333333,0.13333333333333333,0.0,0.43137254901960786,0.38268031849431083,0.24465622075173935,0.18738915938372347
0.18095238095238098,0.0,0.07058823529411765,0.6666666666666666,0.0,1.0,0.12549019607843137,0.5019607843137255,0.057416267942583726,0.4156862745098039,0.38268031849431083,0.24735973120942312,0.11099367717949353
0.23750000000000002,0.0,0.996078431372549,0.4375,0.0,0.0,0.0,0.23529411764705882,0.0,0.0,0.36409660676800104,0.23959600533253253,0.12063222939173024
0.7523809523809525,0.0,0.0,0.0,0.0,0.5019607843137255,0.0,0.4117647058823529,1.0,0.07450980392156863,0.23463936301137822,0.30945973414994493,0.0
0.0,0.0,0.0,0.0,0.0,0.0,0.0,0.0,0.0,0.0,0.6742656854342702,0.03949856230861062,0.0
0.8029761904761905,0.0,0.8470588235294118,0.0,0.0,0.5372549019607843,0.0,0.0,0.0,0.0,0.36409660676800104,0.24877721735729175,0.04906614384407297
0.1904761904761905,0.0,0.0,0.0,0.0,0.0,0.047058823529411764,0.13725490196078433,0.1770334928229665,0.30980392156862746,0.38268031849431083,0.2291563452091253,0.08716618129203937
0.5047619047619049,0.0,0.0196078431372549,0.16666666666666666,0.5238095238095237,0.40784313725490196,0.4666666666666667,0.0,0.0,0.7450980392156863,0.36409660676800104,0.23857831133998053,0.08448344719664302
0.7148809523809524,0.0,0.16078431372549018,0.203125,0.15476190476190477,0.13725490196078433,0.0,0.0,0.0,0.6039215686274509,0.08659840752844564,0.4086424132750284,0.0
0.0,0.0,0.0,0.0,0.0,0.0,0.0,0.0,0.0,0.0,0.762373484066953,0.0398492278236016,0.0
0.0011904761904761906,0.0,0.0,0.0,0.0,0.0,0.0,0.03137254901960784,0.04784688995215311,0.5098039215686274,0.36409660676800104,0.24720120029888135,0.07302138902942976
0.2017857142857143,0.0,0.0,0.171875,0.06349206349206349,1.0,0.0,1.0,0.0,0.0,0.38268031849431083,0.23210517163261396,0.0
0.4,0.0,0.01568627450980392,0.0,0.611111111111111,0.11372549019607843,0.592156862745098,0.00784313725490196,0.9043062200956937,0.0,0.08659840752844564,0.4492679936908844,0.07936191258484337
0.0,0.0,0.0,0.0,0.0,0.0,0.0,0.0,0.0,0.0,0.43033886125823617,0.06766792557385497,0.0
0.6476190476190476,0.0,1.0,0.0,0.0,0.0,1.0,0.7764705882352941,0.03827751196172249,0.0,0.36409660676800104,0.2326827653628182,0.057047909371863825
0.18154761904761907,0.0,0.0,0.6666666666666666,0.0,0.0,0.22352941176470587,0.4980392156862745,0.019138755980861243,0.9921568627450981,0.38268031849431083,0.24749032947804292,0.18233007238870957
0.23750000000000002,0.0,0.996078431372549,0.4375,0.0,0.0,0.0,0.23529411764705882,0.0,0.0,0.38268031849431083,0.24073046656841562,0.12063222939173024
0.6470238095238096,0.0,0.0,0.3333333333333333,0.38095238095238093,1.0,0.49411764705882355,0.615686274509804,0.043062200956937795,0.0,0.38268031849431083,0.2321328620667585,0.09578629406402278
0.0,0.0,0.0,0.0,0.0,0.0,0.0,0.0,0.0,0.0,0.5921638219317304,0.03989695031370284,0.0
0.0,0.0,0.0,0.0,0.0,0.0,0.0,0.0,0.0,0.0,0.6398223646956558,0.04010348389204519,0.0
0.0011904761904761906,0.0,0.0,0.0,0.0,0.0,0.0,0.03137254901960784,0.057416267942583726,0.8,0.36409660676800104,0.24748439690746246,0.13135856440630783
0.0,0.0,0.0,0.0,0.0,0.0,0.0,0.0,0.0,0.0,0.8397512675310609,0.03951452846848716,0.0
0.36190476190476195,0.0,0.10588235294117647,0.17708333333333331,0.1349206349206349,0.18823529411764706,0.03137254901960784,0.5568627450980392,0.4880382775119617,0.10980392156862745,0.36409660676800104,0.23987389724946065,0.21480489977340828
0.6476190476190476,0.0,1.0,0.0,0.0,0.0,1.0,0.8627450980392157,0.03827751196172249,0.0,0.08659840752844564,0.29725739629811365,0.08397259199690722
0.0,0.0,0.0,0.0,0.0,0.0,0.0,0.0,0.0,0.0,0.7228311423096268,0.04011935336139914,0.0
0.5238095238095238,0.0,0.0,0.16666666666666666,0.0,0.0,0.0,0.0,0.0,0.0,0.38268031849431083,0.23808835920598065,0.0
0.4190476190476191,0.0,0.0784313725490196,0.0,0.0,0.0,0.0,0.0,0.0,0.0,0.1480409554829326,0.3944282462223032,0.0
0.23750000000000002,0.0,0.996078431372549,0.4375,0.0,0.0,0.0,0.23529411764705882,0.0,0.0,0.3212377705398239,0.30266355842286474,0.12063222939173024
0.6476190476190476,0.0,1.0,0.0,0.0,0.0,1.0,0.8549019607843137,0.03827751196172249,0.0,0.1480409554829326,0.3692586123994537,0.08159564824919152
0.0011904761904761906,0.0,0.0,0.0,0.0,0.0,0.0,0.0196078431372549,0.014354066985645932,0.2980392156862745,0.38268031849431083,0.22950518514405355,0.0807163023439198
0.6470238095238096,0.0,0.0,0.3333333333333333,0.38095238095238093,1.0,0.49411764705882355,0.615686274509804,0.043062200956937795,0.0,0.36409660676800104,0.25576998165158193,0.09578629406402278
0.6476190476190476,0.0,1.0,0.0,0.0,0.0,1.0,0.596078431372549,0.043062200956937795,0.0,0.36409660676800104,0.23814050407805928,0.09982203455030353
0.7148809523809524,0.0,0.16078431372549018,0.203125,0.15476190476190477,0.13725490196078433,0.0,0.0,0.0,0.6039215686274509,0.26756254955818887,0.3031577404048898,0.0
0.23750000000000002,0.0,0.996078431372549,0.484375,0.0,0.0,0.0,0.23529411764705882,0.0,0.0,0.36409660676800104,0.2400807433325752,0.09303536661017572
0.6470238095238096,0.0,0.0,0.3333333333333333,0.38095238095238093,1.0,0.49411764705882355,0.6039215686274509,0.043062200956937795,0.0,0.36409660676800104,0.2390206614143416,0.09923111616062931
0.0,0.0,0.0,0.0,0.0,0.0,0.0,0.0,0.0,0.0,0.6601785177338662,0.251165025015879,0.0
1.0,0.0,0.0,0.0,0.0,0.0,0.6274509803921569,0.13333333333333333,0.0,0.0,0.0,0.4595853562711308,0.04907945341653401
0.4190476190476191,0.0,0.0784313725490196,0.0,0.0,0.0,0.0,0.0,0.0,0.0,0.36409660676800104,0.2421864127424186,0.0
0.0,0.0,0.0,0.0,0.0,0.0,0.0,0.0,0.0,0.0,0.4808262924294938,0.24999756309486085,0.0
0.36190476190476195,0.0,0.10196078431372549,0.18229166666666666,0.1388888888888889,0.18823529411764706,0.03137254901960784,0.5568627450980392,0.5550239234449761,0.050980392156862744,0.38268031849431083,0.24751603320040894,0.2581075189285298
0.36190476190476195,0.0,0.09803921568627451,0.171875,0.1349206349206349,0.18823529411764706,0.03137254901960784,0.5568627450980392,0.5215311004784688,0.027450980392156862,0.38268031849431083,0.2359221205403005,0.15230020930822236
0.0,0.0,0.0,0.0,0.0,0.0,0.0,0.0,0.0,0.0,0.617319681505689,0.04011935336139914,0.0
0.6476190476190476,0.0,1.0,0.0,0.0,0.0,1.0,0.7725490196078432,0.03827751196172249,0.0,0.36409660676800104,0.23909383718610724,0.055781659064215755
0.18154761904761907,0.0,0.9490196078431372,0.6614583333333333,0.0,0.0,0.21568627450980393,0.4980392156862745,0.06220095693779904,0.10588235294117647,0.38268031849431083,0.22729431952848675,0.20099778454137265
0.6470238095238096,0.0,0.0,0.3333333333333333,0.38095238095238093,1.0,0.49411764705882355,0.807843137254902,0.03827751196172249,0.0,0.1956994982468579,0.24397025319061,0.0688750770220025
0.6476190476190476,0.0,1.0,0.0,0.0,0.0,1.0,0.7843137254901961,0.03827751196172249,0.0,0.36409660676800104,0.23881375672928648,0.05956890489190951
0.7148809523809524,0.0,0.16078431372549018,0.203125,0.15476190476190477,0.13725490196078433,0.0,0.0,0.0,0.6039215686274509,0.23463936301137822,0.3032617047221393,0.0
0.18154761904761907,0.0,0.984313725490196,0.6614583333333333,0.0,0.0,0.1803921568627451,0.4980392156862745,0.028708133971291863,0.7529411764705882,0.38268031849431083,0.2550210984281702,0.17512021038611847
0.4190476190476191,0.0,0.0784313725490196,0.0,0.0,0.0,0.0,0.0,0.0,0.0,0.08659840752844564,0.4091097341843772,0.0
0.4815476190476191,0.0,0.8627450980392157,0.9427083333333333,0.503968253968254,0.0784313725490196,0.06666666666666667,0.12549019607843137,0.0,0.0784313725490196,0.38268031849431083,0.2326827653628182,0.12585847821022464
0.4815476190476191,0.0,0.5254901960784314,0.984375,0.503968253968254,0.0784313725490196,0.06666666666666667,0.12549019607843137,0.0,0.0784313725490196,0.38268031849431083,0.23812312548787437,0.05794936615441648
0.23750000000000002,0.0,0.996078431372549,0.44791666666666663,0.0,0.0,0.0,0.23529411764705882,0.0,0.0,0.38268031849431083,0.23843331127825682,0.09241251950922756
0.6470238095238096,0.0,0.0,0.3333333333333333,0.38095238095238093,1.0,0.49411764705882355,0.580392156862745,0.043062200956937795,0.0,0.36409660676800104,0.2388849287161481,0.10603634198508582
0.0,0.0,0.0,0.0,0.0,0.0,0.0,0.0,0.0,0.0,0.8033094189894594,0.03916268023079068,0.0
0.5047619047619049,0.0,0.0196078431372549,0.16666666666666666,0.9047619047619047,0.40784313725490196,0.4666666666666667,0.0,0.0,0.8705882352941177,0.38268031849431083,0.22415725164721137,0.15220458144681948
0.0,0.0,0.0,0.0,0.0,0.0,0.0,0.0,0.0,0.0,0.820022362968138,0.03293166910085856,0.0
0.23750000000000002,0.0,0.996078431372549,0.46875,0.0,0.0,0.0,0.2549019607843137,0.0,0.0,0.36409660676800104,0.23981410909969642,0.07118281869104108
0.5238095238095238,0.0,0.0,0.16666666666666666,0.0,0.0,0.0,0.0,0.0,0.0,0.1956994982468579,0.39186544918756205,0.0
0.7148809523809524,0.0,0.16078431372549018,0.203125,0.15476190476190477,0.13725490196078433,0.0,0.0,0.0,0.6039215686274509,0.26756254955818887,0.3029392880113814,0.0
0.6476190476190476,0.0,1.0,0.0,0.0,0.0,1.0,0.796078431372549,0.03827751196172249,0.0,0.1956994982468579,0.36998596348651186,0.0633219810935647
0.4702380952380953,0.0,0.0196078431372549,0.19270833333333331,0.19047619047619047,0.0392156862745098,0.14509803921568626,0.13333333333333333,0.0,0.43529411764705883,0.36409660676800104,0.2395339081206336,0.36877349477791327
0.0,0.0,0.0,0.0,0.0,0.0,0.0,0.0,0.0,0.0,0.9949979457917749,0.03922674517791509,0.0
0.2017857142857143,0.0,0.0,0.171875,0.06349206349206349,1.0,0.0,1.0,0.0,0.0,0.36409660676800104,0.2451918996570263,0.0
0.0,0.0,0.0,0.0,0.0,0.0,0.0,0.0,0.0,0.0,0.7982838235354323,0.04051527036496808,0.0
0.2017857142857143,0.0,0.0,0.171875,0.06349206349206349,1.0,0.0,1.0,0.0,0.0,0.38268031849431083,0.2583404975818185,0.0
0.5047619047619049,0.0,0.0196078431372549,0.16666666666666666,0.4603174603174603,0.40784313725490196,0.4588235294117647,0.0,0.0,0.2980392156862745,0.38268031849431083,0.23873173804403924,0.06401391597516236
0.0,0.0,0.0,0.0,0.0,0.0,0.0,0.0,0.0,0.0,0.5853829999567598,0.06771604646515349,0.0
0.29583333333333334,0.0,0.03137254901960784,0.0,0.0,0.0,0.0,0.0,0.0,0.0,0.26756254955818887,0.3031441718359547,0.0
0.6470238095238096,0.0,0.0,0.3333333333333333,0.38095238095238093,1.0,0.49411764705882355,0.8274509803921568,0.03827751196172249,0.0,0.1480409554829326,0.40742177626119136,0.07498055913377129
0.6470238095238096,0.0,0.0,0.3333333333333333,0.38095238095238093,1.0,0.49411764705882355,0.7843137254901961,0.03827751196172249,0.0,0.38268031849431083,0.2469927447248873,0.06142820651202729
0.4,0.0,0.26666666666666666,0.0,0.611111111111111,0.11372549019607843,0.592156862745098,0.00784313725490196,0.9043062200956937,0.0,0.38268031849431083,0.23736201701660117,0.0391451422959784
0.23750000000000002,0.0,0.996078431372549,0.47916666666666663,0.0,0.0,0.0,0.23529411764705882,0.0,0.0,0.38268031849431083,0.23911104720267076,0.07819619029941431
0.0,0.0,0.0,0.0,0.0,0.0,0.0,0.0,0.0,0.0,0.5394399519766484,0.02832391734676308,0.0
0.0,0.0,0.0,0.0,0.0,0.0,0.0,0.0,0.0,0.0,0.8082194732167989,0.028395346604449995,0.0
0.0,0.0,0.0,0.0,0.0,0.0,0.0,0.0,0.0,0.0,0.813019179752547,0.03991285272932955,0.0
0.0,0.0,0.0,0.0,0.0,0.0,0.0,0.0,0.0,0.0,0.776908203395359,0.04003998071175027,0.0
0.4815476190476191,0.0,0.25098039215686274,0.9375,0.503968253968254,0.0784313725490196,0.06666666666666667,0.12549019607843137,0.0,0.0784313725490196,0.36409660676800104,0.23958958327849778,0.10199260984626406
0.2017857142857143,0.0,0.0,0.171875,0.06349206349206349,1.0,0.0,1.0,0.0,0.0,0.23463936301137822,0.2838902229801382,0.0
0.2017857142857143,0.0,0.0,0.171875,0.06349206349206349,1.0,0.0,1.0,0.0,0.0,0.38268031849431083,0.2497465685084254,0.0
0.18095238095238098,0.0,0.07450980392156863,0.6666666666666666,0.0,1.0,0.984313725490196,0.4980392156862745,0.0,0.8235294117647058,0.38268031849431083,0.247292386408405,0.27774871776773036
0.4,0.0,0.39215686274509803,0.0,0.611111111111111,0.11372549019607843,0.592156862745098,0.00784313725490196,0.9043062200956937,0.0,0.23463936301137822,0.23914760861490234,0.07945982888469613
0.0,0.0,0.0,0.0,0.0,0.0,0.0,0.0,0.0,0.0,0.6051119045196828,0.0414904049550468,0.0
0.8029761904761905,0.0,0.8470588235294118,0.0,0.0,0.5215686274509804,0.0,0.0,0.0,0.0,0.36409660676800104,0.24143063295197437,0.055406020348357995
0.0,0.0,0.0,0.0,0.0,0.0,0.0,0.0,0.0,0.0,0.813019179752547,0.03938672745221976,0.0
0.4702380952380953,0.0,0.0196078431372549,0.17708333333333331,0.12698412698412698,0.0392156862745098,0.13333333333333333,0.11764705882352941,0.0,0.43529411764705883,0.38268031849431083,0.2369495978770182,0.21266409650549314
0.7148809523809524,0.0,0.16078431372549018,0.203125,0.15476190476190477,0.13725490196078433,0.0,0.0,0.0,0.6039215686274509,0.26756254955818887,0.3007673775146459,0.0
0.6470238095238096,0.0,0.0,0.3333333333333333,0.38095238095238093,1.0,0.49411764705882355,0.7843137254901961,0.03827751196172249,0.0,0.38268031849431083,0.23832496453196703,0.06142820651202729
0.8029761904761905,0.0,0.8470588235294118,0.4739583333333333,0.0,0.5058823529411764,0.0,0.0,0.0,0.0,0.38268031849431083,0.23696058861017058,0.15942949908278753
0.4702380952380953,0.0,0.0196078431372549,0.18229166666666666,0.12698412698412698,0.0392156862745098,0.13725490196078433,0.12156862745098039,0.0,0.43529411764705883,0.3212377705398239,0.30338925166695924,0.2592665225173058
0.8029761904761905,0.0,0.8470588235294118,0.0,0.0,0.5372549019607843,0.0,0.0,0.0,0.0,0.38268031849431083,0.23885905387897255,0.04906614384407297
0.23750000000000002,0.0,0.996078431372549,0.4583333333333333,0.0,0.0,0.0,0.23529411764705882,0.0,0.0,0.38268031849431083,0.23873173804403924,0.062138186467289566
0.4190476190476191,0.0,0.0784313725490196,0.0,0.0,0.0,0.0,0.0,0.0,0.0,0.38268031849431083,0.2386064212384114,0.0
0.23750000000000002,0.0,0.996078431372549,0.453125,0.0,0.0,0.0,0.23529411764705882,0.0,0.0,0.38268031849431083,0.23715382722016737,0.077550705938032
0.18095238095238098,0.0,0.09803921568627451,0.6666666666666666,0.0,1.0,0.0,0.5019607843137255,0.06220095693779904,0.44705882352941173,0.36409660676800104,0.21954266033181008,0.14344338758246727
0.4702380952380953,0.0,0.0196078431372549,0.171875,0.42857142857142855,0.03529411764705882,0.12941176470588234,0.12941176470588234,0.0,0.43529411764705883,0.38268031849431083,0.24492036216815216,0.17347474258732484
0.5238095238095238,0.0,0.0,0.16666666666666666,0.0,0.0,0.0,0.0,0.0,0.0,0.36409660676800104,0.22765938550982132,0.0
0.5047619047619049,0.0,0.0196078431372549,0.16666666666666666,0.8412698412698412,0.40784313725490196,0.4588235294117647,0.0,0.0,0.9254901960784314,0.38268031849431083,0.23704188235475973,0.13510009136604695
0.7523809523809525,0.0,0.0,0.0,0.0,0.5019607843137255,0.0,0.4117647058823529,1.0,0.07450980392156863,0.23463936301137822,0.30210408498999697,0.0
0.5238095238095238,0.0,0.0,0.16666666666666666,0.0,0.0,0.0,0.0,0.0,0.0,0.38268031849431083,0.238848270712147,0.0
0.18154761904761907,0.0,0.9490196078431372,0.6614583333333333,0.0,0.0,0.27450980392156865,0.4980392156862745,0.019138755980861243,0.16078431372549018,0.36409660676800104,0.25727794965225437,0.19724916268581516
0.5238095238095238,0.0,0.0,0.16666666666666666,0.0,0.0,0.0,0.0,0.0,0.0,0.34374045372979056,0.23880296865590298,0.0
0.4,0.0,0.39215686274509803,0.0,0.611111111111111,0.11372549019607843,0.592156862745098,0.00784313725490196,0.9043062200956937,0.0,0.38268031849431083,0.23230805622886178,0.07945982888469613
0.6470238095238096,0.0,0.0,0.3333333333333333,0.38095238095238093,1.0,0.49411764705882355,0.9803921568627451,0.03827751196172249,0.0,0.36409660676800104,0.2387684389649113,0.11975683021143187
0.0,0.0,0.0,0.0,0.0,0.0,0.0,0.0,0.0,0.0,0.49178140921272306,0.28825885371219034,0.0
0.7523809523809525,0.0,0.0,0.0,0.0,0.5019607843137255,0.0,0.4117647058823529,1.0,0.07450980392156863,0.23463936301137822,0.3099213889327373,0.0
0.0,0.0,0.0,0.0,0.0,0.0,0.0,0.0,0.0,0.0,0.46927872602275644,0.06892345566562313,0.0
0.4,0.0,0.1411764705882353,0.0,0.611111111111111,0.11372549019607843,0.592156862745098,0.00784313725490196,0.9043062200956937,0.0,0.36409660676800104,0.23771385305977372,0.03903726011546839
0.1904761904761905,0.0,0.0,0.0,0.0,0.0,0.06274509803921569,0.00784313725490196,0.18660287081339713,0.3686274509803922,0.36409660676800104,0.23022744559129574,0.12133696998411946
0.5238095238095238,0.0,0.0,0.16666666666666666,0.0,0.0,0.0,0.0,0.0,0.0,0.36409660676800104,0.23872310056707488,0.0
0.8029761904761905,0.0,0.8470588235294118,0.0,0.0,0.5019607843137255,0.0,0.0,0.0,0.0,0.38268031849431083,0.2396238294483058,0.11478909676375512
0.18154761904761907,0.0,0.07058823529411765,0.6666666666666666,0.0,0.0,0.16862745098039217,0.4980392156862745,0.014354066985645932,0.7137254901960784,0.38268031849431083,0.22917773791154672,0.1778005129529798
0.4190476190476191,0.0,0.0784313725490196,0.0,0.0,0.0,0.0,0.0,0.0,0.0,0.34374045372979056,0.23185098320489655,0.0
0.4,0.0,0.01568627450980392,0.0,0.611111111111111,0.11372549019607843,0.592156862745098,0.00784313725490196,0.9043062200956937,0.0,0.29608191096586517,0.2397329105784425,0.07936191258484337
0.1904761904761905,0.0,0.0,0.0,0.0,0.0,0.03137254901960784,0.12549019607843137,0.21052631578947367,0.40784313725490196,0.36409660676800104,0.24900534842306585,0.10282809433161275
0.4815476190476191,0.0,0.047058823529411764,0.9583333333333333,0.503968253968254,0.0784313725490196,0.06666666666666667,0.12549019607843137,0.0,0.0784313725490196,0.36409660676800104,0.23945248070035055,0.08305917923702291
0.4,0.0,0.1411764705882353,0.0,0.611111111111111,0.11372549019607843,0.592156862745098,0.00784313725490196,0.9043062200956937,0.0,0.0,0.497717639331055,0.03903726011546839
0.0,0.0,0.0,0.0,0.0,0.0,0.0,0.0,0.0,0.0,0.8008114027665407,0.19265136855915774,0.0
0.2017857142857143,0.0,0.0,0.171875,0.06349206349206349,1.0,0.0,1.0,0.0,0.0,0.36409660676800104,0.2341156526921118,0.0
0.5238095238095238,0.0,0.0,0.16666666666666666,0.0,0.0,0.0,0.0,0.0,0.0,0.1956994982468579,0.2481368346191812,0.0
0.0,0.0,0.0,0.0,0.0,0.0,0.0,0.0,0.0,0.0,0.5636444605240541,0.18545171437225105,0.0
0.6470238095238096,0.0,0.0,0.3333333333333333,0.38095238095238093,1.0,0.49411764705882355,0.7803921568627451,0.03827751196172249,0.0,0.36409660676800104,0.23861506884174738,0.06017399651790224
0.7148809523809524,0.0,0.16078431372549018,0.203125,0.15476190476190477,0.13725490196078433,0.0,0.0,0.0,0.6039215686274509,0.26756254955818887,0.303067248336049,0.0
0.4815476190476191,0.0,0.047058823529411764,0.953125,0.503968253968254,0.0784313725490196,0.06666666666666667,0.12549019607843137,0.0,0.0784313725490196,0.1956994982468579,0.3461044529988104,0.09482512431621663
0.6476190476190476,0.0,1.0,0.0,0.0,0.0,1.0,0.8470588235294118,0.03827751196172249,0.0,0.36409660676800104,0.23340064733713523,0.07920504439506199
0.7523809523809525,0.0,0.0,0.0,0.0,0.5019607843137255,0.0,0.4117647058823529,1.0,0.07450980392156863,0.26756254955818887,0.3030389526915624,0.0
0.4702380952380953,0.0,0.0196078431372549,0.171875,0.2698412698412698,0.0392156862745098,0.12941176470588234,0.11764705882352941,0.0,0.43529411764705883,0.38268031849431083,0.2396152690099523,0.22647766716495968
0.4,0.0,0.39215686274509803,0.0,0.611111111111111,0.11372549019607843,0.592156862745098,0.00784313725490196,0.9043062200956937,0.0,0.38268031849431083,0.2438411065298111,0.07945982888469613
0.23750000000000002,0.0,0.996078431372549,0.484375,0.0,0.0,0.0,0.23529411764705882,0.0,0.0,0.38268031849431083,0.23875116962829712,0.09303536661017572
0.4,0.0,0.26666666666666666,0.0,0.611111111111111,0.11372549019607843,0.592156862745098,0.00784313725490196,0.9043062200956937,0.0,0.38268031849431083,0.23782286641228007,0.0391451422959784
0.0,0.0,0.0,0.0,0.0,0.0,0.0,0.0,0.0,0.0,0.7467769252623118,0.039578367520394175,0.0
0.6470238095238096,0.0,0.0,0.3333333333333333,0.38095238095238093,1.0,0.49411764705882355,0.5215686274509804,0.043062200956937795,0.0,0.36409660676800104,0.25364945624154556,0.12257771553312252
0.2017857142857143,0.0,0.0,0.171875,0.06349206349206349,1.0,0.0,1.0,0.0,0.0,0.36409660676800104,0.24370563013764246,0.0
0.0,0.0,0.0,0.0,0.0,0.0,0.0,0.0,0.0,0.0,0.7740793149880266,0.03964216567148568,0.0
0.0011904761904761906,0.0,0.0,0.0,0.0,0.0,0.0,0.00392156862745098,0.0,0.27450980392156865,0.38268031849431083,0.24750021631030877,0.15395988754340165
0.1904761904761905,0.0,0.0,0.0,0.0,0.0,0.0392156862745098,0.12941176470588234,0.19138755980861244,0.3254901960784314,0.38268031849431083,0.2461986130204204,0.07093186305961137
0.6470238095238096,0.0,0.0,0.3333333333333333,0.38095238095238093,1.0,0.49411764705882355,0.6352941176470588,0.043062200956937795,0.0,0.38268031849431083,0.24528494355887695,0.08998076153751247
0.29583333333333334,0.0,0.03137254901960784,0.0,0.0,0.0,0.0,0.0,0.0,0.0,0.26756254955818887,0.30302423577825677,0.0
0.0011904761904761906,0.0,0.0,0.0,0.0,0.0,0.0,0.01568627450980392,0.019138755980861243,0.3254901960784314,0.36409660676800104,0.24702652429546057,0.0768681225857727
0.7523809523809525,0.0,0.0,0.0,0.0,0.5019607843137255,0.0,0.4117647058823529,1.0,0.07450980392156863,0.0,0.546122290999138,0.0
0.36190476190476195,0.0,0.09411764705882353,0.17708333333333331,0.1349206349206349,0.18823529411764706,0.03137254901960784,0.5607843137254902,0.5454545454545454,0.20784313725490194,0.38268031849431083,0.23414505082300693,0.2034194112023637
0.5047619047619049,0.0,0.0196078431372549,0.16666666666666666,0.6507936507936507,0.40784313725490196,0.4627450980392157,0.0,0.0,0.6235294117647059,0.38268031849431083,0.23866693869709454,0.054900056644643744
0.4190476190476191,0.0,0.0784313725490196,0.0,0.0,0.0,0.0,0.0,0.0,0.0,0.38268031849431083,0.23875764598050256,0.0
0.4,0.0,0.26666666666666666,0.0,0.611111111111111,0.11372549019607843,0.592156862745098,0.00784313725490196,0.9043062200956937,0.0,0.38268031849431083,0.22701053068384833,0.0391451422959784
0.7148809523809524,0.0,0.16078431372549018,0.203125,0.15476190476190477,0.13725490196078433,0.0,0.0,0.0,0.6039215686274509,0.23463936301137822,0.30320973613152086,0.0
0.18154761904761907,0.0,0.054901960784313725,0.6666666666666666,0.0,0.0,0.19215686274509802,0.4980392156862745,0.05263157894736842,0.29411764705882354,0.08659840752844564,0.3031091111397149,0.15911705621253275
0.0,0.0,0.0,0.0,0.0,0.0,0.0,0.0,0.0,0.0,0.6288672479124264,0.28708326976694604,0.0
0.8029761904761905,0.0,0.8470588235294118,0.0,0.0,0.5294117647058824,0.0,0.0,0.0,0.0,0.38268031849431083,0.23799486463305225,0.029056529062786718
0.0,0.0,0.0,0.0,0.0,0.0,0.0,0.0,0.0,0.0,0.6344150391090467,0.04057847125969615,0.0
0.7148809523809524,0.0,0.16078431372549018,0.203125,0.15476190476190477,0.13725490196078433,0.0,0.0,0.0,0.6039215686274509,0.26756254955818887,0.3028724114707642,0.0
0.0,0.0,0.0,0.0,0.0,0.0,0.0,0.0,0.0,0.0,0.8008114027665407,0.040182805960119077,0.0
0.0,0.0,0.0,0.0,0.0,0.0,0.0,0.0,0.0,0.0,0.7499886843171251,0.28319079370897215,0.0
0.36190476190476195,0.0,0.09803921568627451,0.171875,0.1349206349206349,0.18823529411764706,0.03137254901960784,0.5568627450980392,0.5167464114832536,0.23137254901960785,0.38268031849431083,0.23834230793539324,0.169372075340706
0.36190476190476195,0.0,0.09803921568627451,0.171875,0.13095238095238093,0.18823529411764706,0.03137254901960784,0.5607843137254902,0.5119617224880383,0.16862745098039217,0.36409660676800104,0.244544257344099,0.20188308090363588
0.0,0.0,0.0,0.0,0.0,0.0,0.0,0.0,0.0,0.0,0.45707094903675016,0.03964216567148568,0.0
0.6380952380952382,0.0,0.0,0.0,0.0,0.0,0.0,0.0,0.0,0.0,0.23463936301137822,0.30308195889423745,0.0
0.36190476190476195,0.0,0.09803921568627451,0.171875,0.13095238095238093,0.18823529411764706,0.03137254901960784,0.5607843137254902,0.5215311004784688,0.027450980392156862,0.38268031849431083,0.23847012233348816,0.20438840787296936
0.0,0.0,0.0,0.0,0.0,0.0,0.0,0.0,0.0,0.0,0.49178140921272306,0.04105120368365674,0.0
0.0,0.0,0.0,0.0,0.0,0.0,0.0,0.0,0.0,0.0,0.7116854160069869,0.04030958998714853,0.0
0.1904761904761905,0.0,0.0,0.0,0.0,0.0,0.1411764705882353,0.0,0.2248803827751196,0.0,0.38268031849431083,0.22820328718149616,0.28824884756870883
0.18095238095238098,0.0,0.050980392156862744,0.6666666666666666,0.0,1.0,0.14901960784313725,0.5019607843137255,0.014354066985645932,0.19215686274509802,0.38268031849431083,0.22914683586596196,0.15845101986127594
0.36190476190476195,0.0,0.10196078431372549,0.18229166666666666,0.1388888888888889,0.18823529411764706,0.03137254901960784,0.5568627450980392,0.5406698564593301,0.0,0.38268031849431083,0.23963452896146667,0.25370010350569216
0.4815476190476191,0.0,0.25098039215686274,0.96875,0.503968253968254,0.0784313725490196,0.06666666666666667,0.12549019607843137,0.0,0.0784313725490196,0.38268031849431083,0.2296945177550661,0.028765953692440067
0.18095238095238098,0.0,0.07058823529411765,0.6666666666666666,0.0,1.0,0.050980392156862744,0.5019607843137255,0.023923444976076555,0.16470588235294117,0.36409660676800104,0.22968505966936054,0.1364251379037088
0.4702380952380953,0.0,0.0196078431372549,0.18229166666666666,0.4444444444444444,0.03529411764705882,0.13725490196078433,0.13333333333333333,0.0,0.43137254901960786,0.38268031849431083,0.23917555828696027,0.2532505400103412
0.0,0.0,0.0,0.0,0.0,0.0,0.0,0.0,0.0,0.0,0.38268031849431083,0.18254863872219784,0.0
0.1904761904761905,0.0,0.0,0.0,0.0,0.0,0.00784313725490196,0.12549019607843137,0.15789473684210525,0.9019607843137255,0.36409660676800104,0.22921813381436473,0.18410390614963903
0.0011904761904761906,0.0,0.0,0.0,0.0,0.0,0.0,0.00392156862745098,0.009569377990430622,0.48627450980392156,0.38268031849431083,0.2545579988737283,0.1098732902257016
0.0,0.0,0.0,0.0,0.0,0.0,0.0,0.0,0.0,0.0,0.9748441404260412,0.028538051590222,0.0
0.1904761904761905,0.0,0.0,0.0,0.0,0.0,0.00784313725490196,0.12549019607843137,0.16267942583732056,0.7568627450980392,0.36409660676800104,0.24710199016177994,0.15942362827567697
0.4815476190476191,0.0,0.047058823529411764,0.953125,0.503968253968254,0.0784313725490196,0.06666666666666667,0.12549019607843137,0.0,0.0784313725490196,0.36409660676800104,0.23607969162141687,0.09482512431621663
0.36190476190476195,0.0,0.09803921568627451,0.17708333333333331,0.1349206349206349,0.18823529411764706,0.03137254901960784,0.5568627450980392,0.5311004784688995,0.08235294117647059,0.36409660676800104,0.2409355428133653,0.09584942154686843
0.4,0.0,0.01568627450980392,0.0,0.611111111111111,0.11372549019607843,0.592156862745098,0.00784313725490196,0.9043062200956937,0.0,0.34374045372979056,0.2390206614143416,0.07936191258484337
0.6470238095238096,0.0,0.0,0.3333333333333333,0.38095238095238093,1.0,0.49411764705882355,0.807843137254902,0.03827751196172249,0.0,0.36409660676800104,0.23885905387897255,0.0688750770220025
0.23750000000000002,0.0,0.996078431372549,0.4739583333333333,0.0,0.0,0.0,0.2549019607843137,0.0,0.0,0.38268031849431083,0.23885905387897255,0.08626978094876307
0.5238095238095238,0.0,0.0,0.16666666666666666,0.0,0.0,0.0,0.0,0.0,0.0,0.23463936301137822,0.40954574324002585,0.0
0.0011904761904761906,0.0,0.0,0.0,0.0,0.0,0.0,0.01568627450980392,0.009569377990430622,0.11372549019607843,0.38268031849431083,0.24999756309486085,0.12439465680127985
0.0,0.0,0.0,0.0,0.0,0.0,0.0,0.0,0.0,0.0,0.6649782242696144,0.040436212796012436,0.0
0.18154761904761907,0.0,0.03529411764705882,0.6666666666666666,0.0,0.0,0.1803921568627451,0.4980392156862745,0.043062200956937795,0.3803921568627451,0.38268031849431083,0.22816487843299438,0.1401140338194124
0.1904761904761905,0.0,0.0,0.0,0.0,0.0,0.12549019607843137,0.00784313725490196,0.15789473684210525,0.2196078431372549,0.38268031849431083,0.22931549185895148,0.24504124096040086
0.23750000000000002,0.0,0.996078431372549,0.47916666666666663,0.0,0.0,0.0,0.2549019607843137,0.0,0.0,0.36409660676800104,0.240616117139498,0.10082866035314096
0.8029761904761905,0.0,0.8470588235294118,0.0,0.0,0.5058823529411764,0.0,0.0,0.0,0.0,0.38268031849431083,0.24440769525111,0.1035713576084955
0.0,0.0,0.0,0.0,0.0,0.0,0.0,0.0,0.0,0.0,0.762373484066953,0.028769511893004935,0.0
0.8029761904761905,0.0,0.8470588235294118,0.0,0.0,0.5372549019607843,0.0,0.0,0.0,0.0,0.38268031849431083,0.2387684389649113,0.04906614384407297
0.0,0.0,0.0,0.0,0.0,0.0,0.0,0.0,0.0,0.0,0.7299510666881809,0.040641632066982215,0.0
0.0,0.0,0.0,0.0,0.0,0.0,0.0,0.0,0.0,0.0,0.8597263714899192,0.03978556223896158,0.0
0.18154761904761907,0.0,0.07058823529411765,0.6666666666666666,0.0,0.0,0.26666666666666666,0.4980392156862745,0.023923444976076555,0.1803921568627451,0.36409660676800104,0.23016863350410335,0.16649366020689668
0.0,0.0,0.0,0.0,0.0,0.0,0.0,0.0,0.0,0.0,0.771212453791489,0.18511192489583697,0.0
0.0,0.0,0.0,0.0,0.0,0.0,0.0,0.0,0.0,0.0,0.26756254955818887,0.027948070806608664,0.0
0.4190476190476191,0.0,0.0784313725490196,0.0,0.0,0.0,0.0,0.0,0.0,0.0,0.38268031849431083,0.23873173804403924,0.0
0.2017857142857143,0.0,0.0,0.171875,0.06349206349206349,1.0,0.0,1.0,0.0,0.0,0.36409660676800104,0.24303994553909256,0.0
0.6470238095238096,0.0,0.0,0.3333333333333333,0.38095238095238093,1.0,0.49411764705882355,0.803921568627451,0.03827751196172249,0.0,0.38268031849431083,0.2168275880485218,0.06764315302754252
0.0,0.0,0.0,0.0,0.0,0.0,0.0,0.0,0.0,0.0,0.555877133551202,0.1950673382934155,0.0
0.7148809523809524,0.0,0.16078431372549018,0.203125,0.15476190476190477,0.13725490196078433,0.0,0.0,0.0,0.6039215686274509,0.26756254955818887,0.3031045862795834,0.0
0.6470238095238096,0.0,0.0,0.3333333333333333,0.38095238095238093,1.0,0.49411764705882355,0.6274509803921569,0.043062200956937795,0.0,0.36409660676800104,0.23907662419462522,0.09231270633358671
0.4702380952380953,0.0,0.0196078431372549,0.1875,0.8888888888888888,0.03529411764705882,0.1411764705882353,0.12941176470588234,0.0,0.43529411764705883,0.38268031849431083,0.2383509785044793,0.3475160112110289
1.0,0.0,0.0,0.0,0.003968253968253968,0.0,0.6274509803921569,0.13333333333333333,0.0,0.0,0.08659840752844564,0.45948848504150697,0.04890888287137467
0.4190476190476191,0.0,0.0784313725490196,0.0,0.0,0.0,0.0,0.0,0.0,0.0,0.38268031849431083,0.23873173804403924,0.0
0.8029761904761905,0.0,0.8470588235294118,0.0,0.0,0.5411764705882353,0.0,0.0,0.0,0.0,0.38268031849431083,0.23892372836979411,0.061830499129058164
0.23750000000000002,0.0,0.996078431372549,0.4583333333333333,0.0,0.0,0.0,0.2549019607843137,0.0,0.0,0.36409660676800104,0.2385134120424911,0.08563671315738511
0.5047619047619049,0.0,0.0196078431372549,0.16666666666666666,0.3968253968253968,0.40784313725490196,0.4627450980392157,0.0,0.0,0.37254901960784315,0.36409660676800104,0.23872310056707488,0.050882105429266
0.5238095238095238,0.0,0.0,0.16666666666666666,0.0,0.0,0.0,0.0,0.0,0.0,0.38268031849431083,0.22973234111698151,0.0
0.6476190476190476,0.0,1.0,0.0,0.0,0.0,1.0,0.7058823529411764,0.043062200956937795,0.0,0.08659840752844564,0.40900043296931576,0.0665872399981043
0.4190476190476191,0.0,0.0784313725490196,0.0,0.0,0.0,0.0,0.0,0.0,0.0,0.36409660676800104,0.2430109914695205,0.0
0.36190476190476195,0.0,0.09803921568627451,0.18229166666666666,0.1388888888888889,0.18823529411764706,0.03137254901960784,0.5568627450980392,0.5550239234449761,0.19215686274509802,0.0,0.564398810038471,0.23904676811790562
0.0,0.0,0.0,0.0,0.0,0.0,0.0,0.0,0.0,0.0,0.7531528600026154,0.039306768443617766,0.0
0.6476190476190476,0.0,1.0,0.0,0.0,0.0,1.0,0.7764705882352941,0.03827751196172249,0.0,0.3212377705398239,0.23926365590096396,0.057047909371863825
0.23750000000000002,0.0,0.996078431372549,0.44791666666666663,0.0,0.0,0.0,0.2549019607843137,0.0,0.0,0.08659840752844564,0.4492953598408018,0.11430423966663589
1.0,0.0,0.0,0.0,0.003968253968253968,0.0,0.6274509803921569,0.13333333333333333,0.0,0.0,0.0,0.6878869202676859,0.04890888287137467
0.5238095238095238,0.0,0.0,0.16666666666666666,0.0,0.0,0.0,0.0,0.0,0.0,0.38268031849431083,0.23869502359149547,0.0
0.7523809523809525,0.0,0.0,0.0,0.0,0.5019607843137255,0.0,0.4117647058823529,1.0,0.07450980392156863,0.26756254955818887,0.30322894507466974,0.0
0.4815476190476191,0.0,0.5254901960784314,0.9375,0.503968253968254,0.0784313725490196,0.06666666666666667,0.12549019607843137,0.0,0.0784313725490196,0.3212377705398239,0.2450055506302798,0.09303998262873729
0.0,0.0,0.0,0.0,0.0,0.0,0.0,0.0,0.0,0.0,0.7957259731750376,0.03983331524312109,0.0
0.4,0.0,0.26666666666666666,0.0,0.611111111111111,0.11372549019607843,0.592156862745098,0.00784313725490196,0.9043062200956937,0.0,0.23463936301137822,0.23721742606263418,0.0391451422959784
0.0,0.0,0.0,0.0,0.0,0.0,0.0,0.0,0.0,0.0,0.8519590445170674,0.032863421926984694,0.0
0.4702380952380953,0.0,0.0196078431372549,0.18229166666666666,0.3333333333333333,0.03529411764705882,0.13725490196078433,0.13333333333333333,0.0,0.42745098039215684,0.38268031849431083,0.23908523106229532,0.29325383127431776
0.5238095238095238,0.0,0.0,0.16666666666666666,0.0,0.0,0.0,0.0,0.0,0.0,0.36409660676800104,0.24910462684053605,0.0
0.6476190476190476,0.0,1.0,0.0,0.0,0.0,1.0,0.8117647058823529,0.03827751196172249,0.0,0.36409660676800104,0.2391927541866922,0.06827398375879708
0.5047619047619049,0.0,0.0196078431372549,0.16666666666666666,0.2698412698412698,0.40784313725490196,0.4627450980392157,0.0,0.0,0.4980392156862745,0.38268031849431083,0.2322204976767136,0.05091107271119228
0.36190476190476195,0.0,0.09411764705882353,0.171875,0.13095238095238093,0.18823529411764706,0.03137254901960784,0.5607843137254902,0.5358851674641149,0.1568627450980392,0.36409660676800104,0.24603822125669889,0.22194086434689145
0.8029761904761905,0.0,0.8470588235294118,0.0,0.0,0.5372549019607843,0.0,0.0,0.0,0.0,0.36409660676800104,0.23975001050717934,0.04906614384407297
0.7148809523809524,0.0,0.16078431372549018,0.203125,0.15476190476190477,0.13725490196078433,0.0,0.0,0.0,0.6039215686274509,0.26756254955818887,0.3031045862795834,0.0
0.0,0.0,0.0,0.0,0.0,0.0,0.0,0.0,0.0,0.0,0.7982838235354323,0.03970592297413732,0.0
0.6470238095238096,0.0,0.0,0.3333333333333333,0.38095238095238093,1.0,0.49411764705882355,0.8313725490196078,0.03827751196172249,0.0,0.23463936301137822,0.2993290950910959,0.07619097529964376
0.4702380952380953,0.0,0.0196078431372549,0.18229166666666666,0.4126984126984127,0.03529411764705882,0.13725490196078433,0.13333333333333333,0.0,0.43137254901960786,0.1480409554829326,0.2489741818445941,0.24690151268639154
0.5238095238095238,0.0,0.0,0.16666666666666666,0.0,0.0,0.0,0.0,0.0,0.0,0.38268031849431083,0.2373007010393848,0.0
0.5047619047619049,0.0,0.0196078431372549,0.16666666666666666,0.7777777777777777,0.40784313725490196,0.4627450980392157,0.0,0.0,1.0,0.38268031849431083,0.23926580364987546,0.1271540402276252
0.0,0.0,0.0,0.0,0.0,0.0,0.0,0.0,0.0,0.0,0.49178140921272306,0.1859298835047703,0.0
0.4815476190476191,0.0,0.047058823529411764,0.9895833333333333,0.503968253968254,0.0784313725490196,0.06666666666666667,0.12549019607843137,0.0,0.0784313725490196,0.38268031849431083,0.23894958640923716,0.10752643321777919
0.29583333333333334,0.0,0.03137254901960784,0.0,0.0,0.0,0.0,0.0,0.0,0.0,0.26756254955818887,0.30324250209802256,0.0
0.5238095238095238,0.0,0.0,0.16666666666666666,0.0,0.0,0.0,0.0,0.0,0.0,0.38268031849431083,0.2387209410807626,0.0
0.7148809523809524,0.0,0.16078431372549018,0.203125,0.15476190476190477,0.13725490196078433,0.0,0.0,0.0,0.6039215686274509,0.26756254955818887,0.303067248336049,0.0
0.4,0.0,0.01568627450980392,0.0,0.611111111111111,0.11372549019607843,0.592156862745098,0.00784313725490196,0.9043062200956937,0.0,0.0,0.5061835932545745,0.07936191258484337
0.5238095238095238,0.0,0.0,0.16666666666666666,0.0,0.0,0.0,0.0,0.0,0.0,0.36409660676800104,0.23892157323004773,0.0
0.2017857142857143,0.0,0.0,0.171875,0.06349206349206349,1.0,0.0,1.0,0.0,0.0,0.36409660676800104,0.2518336242986146,0.0
0.0,0.0,0.0,0.0,0.0,0.0,0.0,0.0,0.0,0.0,0.49178140921272306,0.028395346604449995,0.0
0.0,0.0,0.0,0.0,0.0,0.0,0.0,0.0,0.0,0.0,0.7653606369886217,0.040499463871658384,0.0
0.2017857142857143,0.0,0.0,0.171875,0.06349206349206349,1.0,0.0,1.0,0.0,0.0,0.36409660676800104,0.2513535227507628,0.0
0.0,0.0,0.0,0.0,0.0,0.0,0.0,0.0,0.0,0.0,0.555877133551202,0.02832391734676308,0.0
0.18095238095238098,0.0,0.0196078431372549,0.6666666666666666,0.0,1.0,0.058823529411764705,0.5019607843137255,0.07177033492822966,0.8,0.08659840752844564,0.2061535835315169,0.21840684907558916
0.6476190476190476,0.0,1.0,0.0,0.0,0.0,1.0,0.611764705882353,0.043062200956937795,0.0,0.38268031849431083,0.23900343576797337,0.09523370659153603
0.5047619047619049,0.0,0.0196078431372549,0.16666666666666666,0.9047619047619047,0.40784313725490196,0.4549019607843137,0.0,0.0,0.8666666666666667,0.26756254955818887,0.36982054344969506,0.1606362074707456
0.4,0.0,0.26666666666666666,0.0,0.611111111111111,0.11372549019607843,0.592156862745098,0.00784313725490196,0.9043062200956937,0.0,0.38268031849431083,0.23718892125970598,0.0391451422959784
0.0011904761904761906,0.0,0.0,0.0,0.0,0.0,0.0,0.0,0.06698564593301436,0.6745098039215687,0.1956994982468579,0.3020274970505481,0.15092064744620284
0.4190476190476191,0.0,0.0784313725490196,0.0,0.0,0.0,0.0,0.0,0.0,0.0,0.36409660676800104,0.2296945177550661,0.0
0.29583333333333334,0.0,0.03137254901960784,0.0,0.0,0.0,0.0,0.0,0.0,0.0,0.1480409554829326,0.3019119321456203,0.0
0.5238095238095238,0.0,0.0,0.16666666666666666,0.0,0.0,0.0,0.0,0.0,0.0,0.1956994982468579,0.2546813348863717,0.0
0.4702380952380953,0.0,0.0196078431372549,0.171875,0.4444444444444444,0.03529411764705882,0.12941176470588234,0.12549019607843137,0.0,0.43529411764705883,0.23463936301137822,0.24583535698483142,0.16314206893352437
0.4190476190476191,0.0,0.0784313725490196,0.0,0.0,0.0,0.0,0.0,0.0,0.0,0.36409660676800104,0.2396687596799838,0.0
0.0011904761904761906,0.0,0.0,0.0,0.0,0.0,0.0,0.011764705882352941,0.05263157894736842,0.06666666666666667,0.38268031849431083,0.22950518514405355,0.1258165737328849
0.4815476190476191,0.0,0.047058823529411764,0.9583333333333333,0.503968253968254,0.0784313725490196,0.06666666666666667,0.12549019607843137,0.0,0.0784313725490196,0.36409660676800104,0.23398212121756404,0.08305917923702291
0.8029761904761905,0.0,0.8470588235294118,0.0,0.0,0.5372549019607843,0.0,0.0,0.0,0.0,0.36409660676800104,0.2397051169297745,0.04906614384407297
0.0,0.0,0.0,0.0,0.0,0.0,0.0,0.0,0.0,0.0,0.740204777414663,0.039306768443617766,0.0
0.0011904761904761906,0.0,0.0,0.0,0.0,0.0,0.0,0.023529411764705882,0.043062200956937795,0.2901960784313725,0.38268031849431083,0.22943646307504867,0.06698675896607444
0.0,0.0,0.0,0.0,0.0,0.0,0.0,0.0,0.0,0.0,0.6649782242696144,0.04030958998714853,0.0
0.0,0.0,0.0,0.0,0.0,0.0,0.0,0.0,0.0,0.0,0.8245667461592844,0.1929117001276796,0.0
0.0,0.0,0.0,0.0,0.0,0.0,0.0,0.0,0.0,0.0,0.776908203395359,0.0404520293318796,0.0
0.18154761904761907,0.0,0.054901960784313725,0.6666666666666666,0.0,0.0,0.21568627450980393,0.4980392156862745,0.057416267942583726,0.11372549019607843,0.38268031849431083,0.2474745085043248,0.17685121302824466
0.4190476190476191,0.0,0.0784313725490196,0.0,0.0,0.0,0.0,0.0,0.0,0.0,0.38268031849431083,0.2386410071467822,0.0
0.5047619047619049,0.0,0.0196078431372549,0.16666666666666666,0.07936507936507936,0.40784313725490196,0.4627450980392157,0.0,0.0,0.1843137254901961,0.38268031849431083,0.24070506692977559,0.1238158119476225
0.0,0.0,0.0,0.0,0.0,0.0,0.0,0.0,0.0,0.0,0.9909102047007475,0.14335504165621765,0.0
0.4815476190476191,0.0,0.25098039215686274,0.9479166666666666,0.503968253968254,0.0784313725490196,0.06666666666666667,0.12549019607843137,0.0,0.0784313725490196,0.38268031849431083,0.2370879925414352,0.07853776970083988
0.23750000000000002,0.0,0.996078431372549,0.43229166666666663,0.0,0.0,0.0,0.23529411764705882,0.0,0.0,0.0,0.505880083391813,0.13405521076163754
0.0011904761904761906,0.0,0.0,0.0,0.0,0.0,0.0,0.00392156862745098,0.06220095693779904,0.7803921568627451,0.38268031849431083,0.22947675417781746,0.14521180161089142
0.18095238095238098,0.0,0.09019607843137255,0.6666666666666666,0.0,1.0,0.058823529411764705,0.5019607843137255,0.05263157894736842,0.7333333333333333,0.38268031849431083,0.22903741309926764,0.13506759965059228
0.6470238095238096,0.0,0.0,0.3333333333333333,0.38095238095238093,1.0,0.49411764705882355,0.8235294117647058,0.03827751196172249,0.0,0.1956994982468579,0.239848278152226,0.0737666106347252
0.6470238095238096,0.0,0.0,0.3333333333333333,0.38095238095238093,1.0,0.49411764705882355,0.5490196078431373,0.043062200956937795,0.0,0.36409660676800104,0.23949105988387612,0.11494018520110426
0.0,0.0,0.0,0.0,0.0,0.0,0.0,0.0,0.0,0.0,0.5783798167411688,0.29158398353280823,0.0
0.18095238095238098,0.0,0.10196078431372549,0.6666666666666666,0.0,1.0,0.03529411764705882,0.5019607843137255,0.004784688995215311,0.5411764705882353,0.38268031849431083,0.2193251144242367,0.149709010725476
1.0,0.0,0.0,0.0,0.003968253968253968,0.0,0.6274509803921569,0.13333333333333333,0.0,0.0,0.08659840752844564,0.45942848108579726,0.04890888287137467
0.1904761904761905,0.0,0.0,0.0,0.0,0.0,0.03137254901960784,0.16078431372549018,0.16267942583732056,0.8470588235294118,0.36409660676800104,0.2472507683256016,0.1657105647059158
0.23750000000000002,0.0,0.996078431372549,0.4739583333333333,0.0,0.0,0.0,0.2549019607843137,0.0,0.0,0.34374045372979056,0.3050881262315049,0.08626978094876307
0.0,0.0,0.0,0.0,0.0,0.0,0.0,0.0,0.0,0.0,0.7499886843171251,0.03997643700809555,0.0
0.1904761904761905,0.0,0.0,0.0,0.0,0.0,0.06274509803921569,0.15294117647058825,0.15311004784688995,0.09803921568627451,0.1956994982468579,0.35110952068747164,0.1777018770912971
0.1904761904761905,0.0,0.0,0.0,0.0,0.0,0.054901960784313725,0.2,0.17224880382775118,0.8980392156862745,0.36409660676800104,0.24914547743707835,0.16573512725084197
0.4815476190476191,0.0,0.5254901960784314,0.9479166666666666,0.503968253968254,0.0784313725490196,0.06666666666666667,0.12549019607843137,0.0,0.0784313725490196,0.36409660676800104,0.2396516457916128,0.06905989193304861
0.5238095238095238,0.0,0.0,0.16666666666666666,0.0,0.0,0.0,0.0,0.0,0.0,0.36409660676800104,0.23214209050060203,0.0
0.5238095238095238,0.0,0.0,0.16666666666666666,0.0,0.0,0.0,0.0,0.0,0.0,0.36409660676800104,0.2388310152160487,0.0
0.4190476190476191,0.0,0.0784313725490196,0.0,0.0,0.0,0.0,0.0,0.0,0.0,0.23463936301137822,0.2392013510231138,0.0
0.8029761904761905,0.0,0.8470588235294118,0.0,0.0,0.5019607843137255,0.0,0.0,0.0,0.0,0.36409660676800104,0.2391927541866922,0.11478909676375512
0.4190476190476191,0.0,0.0784313725490196,0.0,0.0,0.0,0.0,0.0,0.0,0.0,0.36409660676800104,0.23987389724946065,0.0
0.5238095238095238,0.0,0.0,0.16666666666666666,0.0,0.0,0.0,0.0,0.0,0.0,0.36409660676800104,0.23868638292915811,0.0
0.4,0.0,0.39215686274509803,0.0,0.611111111111111,0.11372549019607843,0.592156862745098,0.00784313725490196,0.9043062200956937,0.0,0.38268031849431083,0.23347807014944236,0.07945982888469613
0.0,0.0,0.0,0.0,0.0,0.0,0.0,0.0,0.0,0.0,0.8290164477785272,0.03951452846848716,0.0
0.0,0.0,0.0,0.0,0.0,0.0,0.0,0.0,0.0,0.0,0.5478166315806011,0.0401669466006328,0.0
0.6470238095238096,0.0,0.0,0.3333333333333333,0.38095238095238093,1.0,0.49411764705882355,0.7529411764705882,0.03827751196172249,0.0,0.36409660676800104,0.2528056869986708,0.05128702013562998
0.6476190476190476,0.0,1.0,0.0,0.0,0.0,1.0,0.803921568627451,0.03827751196172249,0.0,0.23463936301137822,0.21791666167503848,0.0658053512057129
0.0,0.0,0.0,0.0,0.0,0.0,0.0,0.0,0.0,0.0,0.34374045372979056,0.31364848394846917,0.0
0.4815476190476191,0.0,0.8627450980392157,0.9375,0.503968253968254,0.0784313725490196,0.06666666666666667,0.12549019607843137,0.0,0.0784313725490196,0.26756254955818887,0.2451068705347724,0.13648861532405887
0.0,0.0,0.0,0.0,0.0,0.0,0.0,0.0,0.0,0.0,0.617319681505689,0.040846628450335716,0.0
0.6470238095238096,0.0,0.0,0.3333333333333333,0.38095238095238093,1.0,0.49411764705882355,0.4627450980392157,0.043062200956937795,0.0,0.36409660676800104,0.23852423152984295,0.1384864043295308
0.7148809523809524,0.0,0.16078431372549018,0.203125,0.15476190476190477,0.13725490196078433,0.0,0.0,0.0,0.6039215686274509,0.1480409554829326,0.3699350942758419,0.0
0.0,0.0,0.0,0.0,0.0,0.0,0.0,0.0,0.0,0.0,0.7653606369886217,0.03937074078611449,0.0
0.0011904761904761906,0.0,0.0,0.0,0.0,0.0,0.0,0.0196078431372549,0.004784688995215311,0.4627450980392157,0.08659840752844564,0.29976639177418646,0.07491033547446758
0.4702380952380953,0.0,0.0196078431372549,0.18229166666666666,0.47619047619047616,0.03529411764705882,0.13725490196078433,0.13333333333333333,0.0,0.43137254901960786,0.36409660676800104,0.2481937936858339,0.25950411853216804
0.6470238095238096,0.0,0.0,0.3333333333333333,0.38095238095238093,1.0,0.49411764705882355,0.7176470588235294,0.043062200956937795,0.0,0.38268031849431083,0.2439026258296367,0.06467205738984995
0.2017857142857143,0.0,0.0,0.171875,0.06349206349206349,1.0,0.0,1.0,0.0,0.0,0.38268031849431083,0.23414505082300693,0.0
0.6470238095238096,0.0,0.0,0.3333333333333333,0.38095238095238093,1.0,0.49411764705882355,0.8588235294117647,0.03827751196172249,0.0,0.36409660676800104,0.24318665456179941,0.08456668272645812
0.1904761904761905,0.0,0.0,0.0,0.0,0.0,0.00784313725490196,0.07450980392156863,0.21052631578947367,0.44705882352941173,0.38268031849431083,0.24737557042807967,0.13526038155587455
0.36190476190476195,0.0,0.09411764705882353,0.171875,0.13095238095238093,0.18823529411764706,0.03137254901960784,0.5607843137254902,0.5263157894736842,0.027450980392156862,0.38268031849431083,0.2390572560219698,0.22911009202611002
0.4702380952380953,0.0,0.0196078431372549,0.17708333333333331,0.19047619047619047,0.0392156862745098,0.13333333333333333,0.11764705882352941,0.0,0.43529411764705883,0.36409660676800104,0.25272691940271946,0.19853365400879647
0.0,0.0,0.0,0.0,0.0,0.0,0.0,0.0,0.0,0.0,0.5636444605240541,0.2557335811334542,0.0
0.0,0.0,0.0,0.0,0.0,0.0,0.0,0.0,0.0,0.0,0.6787622294601761,0.03964216567148568,0.0
0.0011904761904761906,0.0,0.0,0.0,0.0,0.0,0.0,0.03137254901960784,0.009569377990430622,0.4156862745098039,0.38268031849431083,0.24664035734148887,0.11072676400640519
0.0,0.0,0.0,0.0,0.0,0.0,0.0,0.0,0.0,0.0,0.6917103120481284,0.02855587534237711,0.0
0.36190476190476195,0.0,0.09803921568627451,0.171875,0.13095238095238093,0.18823529411764706,0.03137254901960784,0.5568627450980392,0.5167464114832536,0.03529411764705882,0.38268031849431083,0.2391304049166276,0.19631584506363262
0.0011904761904761906,0.0,0.0,0.0,0.0,0.0,0.0,0.03529411764705882,0.03827751196172249,0.9568627450980391,0.26756254955818887,0.3031475641515236,0.1305593705747586
0.2017857142857143,0.0,0.0,0.171875,0.06349206349206349,1.0,0.0,1.0,0.0,0.0,0.36409660676800104,0.2422635518303648,0.0
0.5238095238095238,0.0,0.0,0.16666666666666666,0.0,0.0,0.0,0.0,0.0,0.0,0.34374045372979056,0.2269181856779439,0.0
0.23750000000000002,0.0,0.996078431372549,0.47916666666666663,0.0,0.0,0.0,0.23529411764705882,0.0,0.0,0.1956994982468579,0.24091653288601947,0.07819619029941431
0.23750000000000002,0.0,0.996078431372549,0.4739583333333333,0.0,0.0,0.0,0.23529411764705882,0.0,0.0,0.36409660676800104,0.239831195091554,0.06280801564415128
0.0,0.0,0.0,0.0,0.0,0.0,0.0,0.0,0.0,0.0,0.7334239554396924,0.03983331524312109,0.0
0.4702380952380953,0.0,0.0196078431372549,0.171875,0.4603174603174603,0.03529411764705882,0.12941176470588234,0.12941176470588234,0.0,0.43529411764705883,0.08659840752844564,0.4286284458570568,0.18103838056061586
0.4,0.0,0.26666666666666666,0.0,0.611111111111111,0.11372549019607843,0.592156862745098,0.00784313725490196,0.9043062200956937,0.0,0.38268031849431083,0.23744735854382507,0.0391451422959784
0.6470238095238096,0.0,0.0,0.3333333333333333,0.38095238095238093,1.0,0.49411764705882355,0.8313725490196078,0.03827751196172249,0.0,0.34374045372979056,0.23986535828271802,0.07619097529964376
0.29583333333333334,0.0,0.03137254901960784,0.0,0.0,0.0,0.0,0.0,0.0,0.0,0.23463936301137822,0.299343193555286,0.0
0.23750000000000002,0.0,0.996078431372549,0.4739583333333333,0.0,0.0,0.0,0.2549019607843137,0.0,0.0,0.38268031849431083,0.23896682137254638,0.08626978094876307
0.7523809523809525,0.0,0.0,0.0,0.0,0.5019607843137255,0.0,0.4117647058823529,1.0,0.07450980392156863,0.26756254955818887,0.3031577404048898,0.0
0.0,0.0,0.0,0.0,0.0,0.0,0.0,0.0,0.0,0.0,0.3997756760976685,0.18562117529824268,0.0
0.0011904761904761906,0.0,0.0,0.0,0.0,0.0,0.0,0.03529411764705882,0.0,0.10980392156862745,0.1480409554829326,0.3499155801266872,0.17672297264886702
0.2017857142857143,0.0,0.0,0.171875,0.06349206349206349,1.0,0.0,1.0,0.0,0.0,0.3212377705398239,0.22963302413393122,0.0
0.2017857142857143,0.0,0.0,0.171875,0.06349206349206349,1.0,0.0,1.0,0.0,0.0,0.36409660676800104,0.24314328425869272,0.0
0.6380952380952382,0.0,0.0,0.0,0.0,0.0,0.0,0.0,0.0,0.0,0.26756254955818887,0.30315208705918706,0.0
0.1904761904761905,0.0,0.0,0.0,0.0,0.0,0.00784313725490196,0.12549019607843137,0.20095693779904306,0.16078431372549018,0.38268031849431083,0.24637474608271673,0.14630019805351585
0.4815476190476191,0.0,0.8627450980392157,0.9739583333333333,0.503968253968254,0.0784313725490196,0.06666666666666667,0.12549019607843137,0.0,0.0784313725490196,0.38268031849431083,0.23863236179580238,0.08173320827089746
0.0,0.0,0.0,0.0,0.0,0.0,0.0,0.0,0.0,0.0,0.687480907459581,0.03970592297413732,0.0
0.4702380952380953,0.0,0.0196078431372549,0.171875,0.2698412698412698,0.0392156862745098,0.12941176470588234,0.11764705882352941,0.0,0.43529411764705883,0.36409660676800104,0.23861290701131685,0.22647766716495968
0.0,0.0,0.0,0.0,0.0,0.0,0.0,0.0,0.0,0.0,0.36409660676800104,0.18608021565120503,0.0
0.0,0.0,0.0,0.0,0.0,0.0,0.0,0.0,0.0,0.0,0.6288672479124264,0.04057847125969615,0.0
0.0,0.0,0.0,0.0,0.0,0.0,0.0,0.0,0.0,0.0,0.6502428680524998,0.039578367520394175,0.0
0.23750000000000002,0.0,0.996078431372549,0.484375,0.0,0.0,0.0,0.23529411764705882,0.0,0.0,0.38268031849431083,0.23932806822598654,0.09303536661017572
0.7523809523809525,0.0,0.0,0.0,0.0,0.5019607843137255,0.0,0.4117647058823529,1.0,0.07450980392156863,0.1956994982468579,0.37004893593357,0.0
0.4190476190476191,0.0,0.0784313725490196,0.0,0.0,0.0,0.0,0.0,0.0,0.0,0.0,0.4995371339382819,0.0
0.4815476190476191,0.0,0.5254901960784314,0.953125,0.503968253968254,0.0784313725490196,0.06666666666666667,0.12549019607843137,0.0,0.0784313725490196,0.23463936301137822,0.23742985855132476,0.056530706637852146
0.18095238095238098,0.0,0.043137254901960784,0.6666666666666666,0.0,1.0,0.9764705882352941,0.4980392156862745,0.043062200956937795,0.30980392156862746,0.36409660676800104,0.2393173357314963,0.2540016478030782
0.23750000000000002,0.0,0.996078431372549,0.46875,0.0,0.0,0.0,0.2549019607843137,0.0,0.0,0.38268031849431083,0.2371713757859533,0.07118281869104108
0.0,0.0,0.0,0.0,0.0,0.0,0.0,0.0,0.0,0.0,0.7982838235354323,0.3085835020539032,0.0
0.8029761904761905,0.0,0.8470588235294118,0.0,0.0,0.5372549019607843,0.0,0.0,0.0,0.0,0.38268031849431083,0.23855019350414355,0.04906614384407297
0.0,0.0,0.0,0.0,0.0,0.0,0.0,0.0,0.0,0.0,0.5921638219317304,0.04003998071175027,0.0
0.4190476190476191,0.0,0.0784313725490196,0.0,0.0,0.0,0.0,0.0,0.0,0.0,0.1480409554829326,0.4375209179099386,0.0
0.0,0.0,0.0,0.0,0.0,0.0,0.0,0.0,0.0,0.0,0.5853829999567598,0.04117688755465925,0.0
0.6470238095238096,0.0,0.0,0.3333333333333333,0.38095238095238093,1.0,0.49411764705882355,0.5568627450980392,0.043062200956937795,0.0,0.36409660676800104,0.2469331057501193,0.11273202761669184
0.18095238095238098,0.0,0.07450980392156863,0.6666666666666666,0.0,1.0,0.08235294117647059,0.5019607843137255,0.03827751196172249,0.8862745098039215,0.38268031849431083,0.24723292667830246,0.11853314099695673
0.4702380952380953,0.0,0.0196078431372549,0.171875,0.2857142857142857,0.0392156862745098,0.12941176470588234,0.12156862745098039,0.0,0.43529411764705883,0.38268031849431083,0.2385307226580224,0.20178018719458787
0.09583333333333334,0.0,0.49411764705882355,0.7135416666666666,0.0,0.0,0.13725490196078433,0.0,0.0,0.0,0.08659840752844564,0.4595529196067742,0.06992952133842116
0.0,0.0,0.0,0.0,0.0,0.0,0.0,0.0,0.0,0.0,0.8106328090901023,0.06876886501788444,0.0
0.09583333333333334,0.0,0.5019607843137255,0.7135416666666666,0.0,0.0,0.13333333333333333,0.0,0.0,0.0,0.08659840752844564,0.4595566809210021,0.09399999808428774
0.23750000000000002,0.0,0.996078431372549,0.47916666666666663,0.0,0.0,0.0,0.23529411764705882,0.0,0.0,0.38268031849431083,0.23183247143831573,0.07819619029941431
0.1904761904761905,0.0,0.0,0.0,0.0,0.0,0.054901960784313725,0.2,0.19138755980861244,0.4745098039215686,0.36409660676800104,0.24910268115595982,0.09208217190167028
0.29583333333333334,0.0,0.03137254901960784,0.0,0.0,0.0,0.0,0.0,0.0,0.0,0.26756254955818887,0.3084270600094934,0.0
0.0011904761904761906,0.0,0.0,0.0,0.0,0.0,0.0,0.023529411764705882,0.07177033492822966,0.01568627450980392,0.38268031849431083,0.22957385981830336,0.15624193319583202
0.5047619047619049,0.0,0.0196078431372549,0.16666666666666666,0.8412698412698412,0.40784313725490196,0.4627450980392157,0.0,0.0,0.9372549019607843,0.38268031849431083,0.2388310152160487,0.1271660977148337
0.6476190476190476,0.0,1.0,0.0,0.0,0.0,1.0,0.807843137254902,0.03827751196172249,0.0,0.38268031849431083,0.23885905387897255,0.06704149873653936
0.0,0.0,0.0,0.0,0.0,0.0,0.0,0.0,0.0,0.0,0.743516129827459,0.03991285272932955,0.0
0.5047619047619049,0.0,0.0196078431372549,0.16666666666666666,0.7142857142857142,0.40784313725490196,0.4627450980392157,0.0,0.0,0.5607843137254902,0.3212377705398239,0.23788603951685422,0.054914401314067385
0.4815476190476191,0.0,0.047058823529411764,0.9947916666666666,0.503968253968254,0.0784313725490196,0.06666666666666667,0.12549019607843137,0.0,0.0784313725490196,0.38268031849431083,0.23940101852764323,0.11862917377081146
0.7523809523809525,0.0,0.0,0.0,0.0,0.5019607843137255,0.0,0.4117647058823529,1.0,0.07450980392156863,0.26756254955818887,0.3029483525599458,0.0
0.8029761904761905,0.0,0.8470588235294118,0.0,0.0,0.5372549019607843,0.0,0.0,0.0,0.0,0.38268031849431083,0.23855884599161306,0.04906614384407297
0.23750000000000002,0.0,0.996078431372549,0.4895833333333333,0.0,0.0,0.0,0.23529411764705882,0.0,0.0,0.38268031849431083,0.23313604495779597,0.1073633717342716
0.4702380952380953,0.0,0.0196078431372549,0.18229166666666666,0.4126984126984127,0.03529411764705882,0.13725490196078433,0.13333333333333333,0.0,0.42745098039215684,0.36409660676800104,0.23943532959770475,0.2988188831609304
0.1904761904761905,0.0,0.0,0.0,0.0,0.0,0.06274509803921569,0.1568627450980392,0.16746411483253587,0.615686274509804,0.38268031849431083,0.22928700667304752,0.12055529125330472
0.0,0.0,0.0,0.0,0.0,0.0,0.0,0.0,0.0,0.0,0.6502428680524998,0.039769639480624175,0.0
0.1904761904761905,0.0,0.0,0.0,0.0,0.0,0.0784313725490196,0.07450980392156863,0.19617224880382775,0.023529411764705882,0.26756254955818887,0.22936532133546028,0.15099667765370614
0.0,0.0,0.0,0.0,0.0,0.0,0.0,0.0,0.0,0.0,0.6450961623302295,0.04003998071175027,0.0
0.4815476190476191,0.0,0.8627450980392157,0.9479166666666666,0.503968253968254,0.0784313725490196,0.06666666666666667,0.12549019607843137,0.0,0.0784313725490196,0.36409660676800104,0.2510048072461906,0.11494955482310489
0.0,0.0,0.0,0.0,0.0,0.0,0.0,0.0,0.0,0.0,0.95504345701777,0.0398492278236016,0.0
0.8029761904761905,0.0,0.8470588235294118,0.5052083333333333,0.0,0.5019607843137255,0.0,0.0,0.0,0.0,0.38268031849431083,0.23874901075062316,0.17490801306182516
0.23750000000000002,0.0,0.996078431372549,0.4583333333333333,0.0,0.0,0.0,0.2549019607843137,0.0,0.0,0.36409660676800104,0.24017017242842617,0.08563671315738511
0.0,0.0,0.0,0.0,0.0,0.0,0.0,0.0,0.0,0.0,0.6787622294601761,0.03991285272932955,0.0
0.0011904761904761906,0.0,0.0,0.0,0.0,0.0,0.0,0.00392156862745098,0.03827751196172249,0.6823529411764706,0.36409660676800104,0.24721706475213037,0.08944294314907603
0.4815476190476191,0.0,0.5254901960784314,0.9739583333333333,0.503968253968254,0.0784313725490196,0.06666666666666667,0.12549019607843137,0.0,0.0784313725490196,0.38268031849431083,0.23300119247556003,0.031790916962537
0.8029761904761905,0.0,0.8470588235294118,0.0,0.0,0.5411764705882353,0.0,0.0,0.0,0.0,0.38268031849431083,0.2441094618794543,0.061830499129058164
0.0,0.0,0.0,0.0,0.0,0.0,0.0,0.0,0.0,0.0,0.5853829999567598,0.03964216567148568,0.0
0.18154761904761907,0.0,0.9686274509803922,0.6614583333333333,0.0,0.0,0.09803921568627451,0.4980392156862745,0.057416267942583726,0.043137254901960784,0.36409660676800104,0.24759112913820774,0.2517300086870165
0.0011904761904761906,0.0,0.0,0.0,0.0,0.0,0.0,0.03529411764705882,0.04784688995215311,0.807843137254902,0.36409660676800104,0.24982000161621817,0.12749041315192675
0.4190476190476191,0.0,0.0784313725490196,0.0,0.0,0.0,0.0,0.0,0.0,0.0,0.38268031849431083,0.2387209410807626,0.0
0.4,0.0,0.26666666666666666,0.0,0.611111111111111,0.11372549019607843,0.592156862745098,0.00784313725490196,0.9043062200956937,0.0,0.23463936301137822,0.35001026788358924,0.0391451422959784
0.1904761904761905,0.0,0.0,0.0,0.0,0.0,0.07058823529411765,0.058823529411764705,0.2200956937799043,0.5764705882352941,0.36409660676800104,0.24737557042807967,0.14091939645247858
0.29583333333333334,0.0,0.03137254901960784,0.0,0.0,0.0,0.0,0.0,0.0,0.0,0.26756254955818887,0.30313399419579706,0.0
0.18095238095238098,0.0,0.06666666666666667,0.6666666666666666,0.0,1.0,0.9803921568627451,0.4980392156862745,0.06698564593301436,0.2549019607843137,0.36409660676800104,0.2474586850165628,0.2706786832484251
0.36190476190476195,0.0,0.09803921568627451,0.171875,0.13095238095238093,0.18823529411764706,0.03137254901960784,0.5568627450980392,0.5119617224880383,0.0392156862745098,0.1480409554829326,0.3027589587244446,0.20363770164810854
0.5047619047619049,0.0,0.0196078431372549,0.16666666666666666,0.20634920634920634,0.40784313725490196,0.4588235294117647,0.0,0.0,0.047058823529411764,0.36409660676800104,0.23914760861490234,0.1348517096987047
0.36190476190476195,0.0,0.10196078431372549,0.171875,0.1349206349206349,0.18823529411764706,0.03137254901960784,0.5607843137254902,0.4832535885167464,0.18823529411764706,0.1956994982468579,0.23496693689850956,0.24707515767222965
0.36190476190476195,0.0,0.09411764705882353,0.171875,0.13095238095238093,0.18823529411764706,0.03137254901960784,0.5607843137254902,0.5311004784688995,0.22352941176470587,0.38268031849431083,0.2388310152160487,0.2402716023096975
0.23750000000000002,0.0,0.996078431372549,0.44791666666666663,0.0,0.0,0.0,0.23529411764705882,0.0,0.0,0.38268031849431083,0.238658295597298,0.09241251950922756
0.4,0.0,0.39215686274509803,0.0,0.611111111111111,0.11372549019607843,0.592156862745098,0.00784313725490196,0.9043062200956937,0.0,0.38268031849431083,0.25814701779466,0.07945982888469613
0.18154761904761907,0.0,0.9333333333333333,0.6614583333333333,0.0,0.0,0.2549019607843137,0.4980392156862745,0.014354066985645932,0.9490196078431372,0.38268031849431083,0.21989548801376826,0.20656896370073669
0.4702380952380953,0.0,0.0196078431372549,0.17708333333333331,0.5079365079365079,0.03529411764705882,0.13333333333333333,0.12941176470588234,0.0,0.43529411764705883,0.36409660676800104,0.23941817554047504,0.1415843019077755
0.36190476190476195,0.0,0.10588235294117647,0.18229166666666666,0.1388888888888889,0.18823529411764706,0.03137254901960784,0.5568627450980392,0.507177033492823,0.08627450980392157,0.36409660676800104,0.24003812980380088,0.2594256815507898
0.0,0.0,0.0,0.0,0.0,0.0,0.0,0.0,0.0,0.0,0.6552684635065269,0.03991285272932955,0.0
0.4,0.0,0.01568627450980392,0.0,0.615079365079365,0.11372549019607843,0.592156862745098,0.00784313725490196,0.9043062200956937,0.0,0.38268031849431083,0.23884180025151275,0.17802257647912034
0.2017857142857143,0.0,0.0,0.171875,0.06349206349206349,1.0,0.0,1.0,0.0,0.0,0.08659840752844564,0.3329457196854162,0.0
0.0,0.0,0.0,0.0,0.0,0.0,0.0,0.0,0.0,0.0,0.8290164477785272,0.03991285272932955,0.0
0.36190476190476195,0.0,0.09803921568627451,0.171875,0.13095238095238093,0.18823529411764706,0.03137254901960784,0.5607843137254902,0.5167464114832536,0.16470588235294117,0.38268031849431083,0.23735544925324845,0.1910863387888626
0.1904761904761905,0.0,0.0,0.0,0.0,0.0,0.054901960784313725,0.13333333333333333,0.15311004784688995,0.4117647058823529,0.0,0.47065463312948225,0.11799405962235611
0.18154761904761907,0.0,0.9686274509803922,0.6614583333333333,0.0,0.0,0.06666666666666667,0.4980392156862745,0.03349282296650718,0.7843137254901961,0.08659840752844564,0.32352267903191273,0.22161489739064488
0.6476190476190476,0.0,1.0,0.0,0.0,0.0,1.0,0.7843137254901961,0.03827751196172249,0.0,0.29608191096586517,0.2533385418219353,0.05956890489190951
0.5238095238095238,0.0,0.0,0.16666666666666666,0.0,0.0,0.0,0.0,0.0,0.0,0.36409660676800104,0.2385134120424911,0.0
0.23750000000000002,0.0,0.996078431372549,0.4739583333333333,0.0,0.0,0.0,0.23529411764705882,0.0,0.0,0.36409660676800104,0.23895820426377093,0.06280801564415128
0.5238095238095238,0.0,0.0,0.16666666666666666,0.0,0.0,0.0,0.0,0.0,0.0,0.38268031849431083,0.2390206614143416,0.0
0.4815476190476191,0.0,0.5254901960784314,0.9895833333333333,0.503968253968254,0.0784313725490196,0.06666666666666667,0.12549019607843137,0.0,0.0784313725490196,0.38268031849431083,0.23870366350412195,0.07043652864832402
0.8029761904761905,0.0,0.8470588235294118,0.0,0.0,0.5019607843137255,0.0,0.0,0.0,0.0,0.36409660676800104,0.23934738380154555,0.11478909676375512
0.7148809523809524,0.0,0.16078431372549018,0.203125,0.15476190476190477,0.13725490196078433,0.0,0.0,0.0,0.6039215686274509,0.26756254955818887,0.30443951223939464,0.0
0.5047619047619049,0.0,0.0196078431372549,0.16666666666666666,0.5873015873015872,0.40784313725490196,0.4588235294117647,0.0,0.0,0.6745098039215687,0.36409660676800104,0.241138089881767,0.06430839330360202
0.0,0.0,0.0,0.0,0.0,0.0,0.0,0.0,0.0,0.0,0.762373484066953,0.03937074078611449,0.0
0.2017857142857143,0.0,0.0,0.171875,0.06349206349206349,1.0,0.0,1.0,0.0,0.0,0.38268031849431083,0.2428557368615775,0.0
0.4702380952380953,0.0,0.0196078431372549,0.17708333333333331,0.38095238095238093,0.03529411764705882,0.13333333333333333,0.12941176470588234,0.0,0.43137254901960786,0.38268031849431083,0.2368660286378416,0.14410924276847475
0.0,0.0,0.0,0.0,0.0,0.0,0.0,0.0,0.0,0.0,0.49178140921272306,0.25040168418593894,0.0
0.6470238095238096,0.0,0.0,0.3333333333333333,0.38095238095238093,1.0,0.49411764705882355,0.7607843137254902,0.03827751196172249,0.0,0.08659840752844564,0.4375256106557821,0.053845588716918844
0.0,0.0,0.0,0.0,0.0,0.0,0.0,0.0,0.0,0.0,0.8223066409172028,0.03983331524312109,0.0
0.4702380952380953,0.0,0.0196078431372549,0.17708333333333331,0.49206349206349204,0.03529411764705882,0.13333333333333333,0.12941176470588234,0.0,0.43529411764705883,0.38268031849431083,0.2387338972962193,0.13744326298185078
0.0,0.0,0.0,0.0,0.0,0.0,0.0,0.0,0.0,0.0,0.7039180890341347,0.04030958998714853,0.0
0.8029761904761905,0.0,0.8470588235294118,0.453125,0.0,0.5294117647058824,0.0,0.0,0.0,0.0,0.38268031849431083,0.23725468926644722,0.09048349145022368
0.5047619047619049,0.0,0.0196078431372549,0.16666666666666666,0.5238095238095237,0.40784313725490196,0.4549019607843137,0.0,0.0,0.7411764705882353,0.3212377705398239,0.23832496453196703,0.09438816398923403
0.5047619047619049,0.0,0.0196078431372549,0.16666666666666666,0.4603174603174603,0.40784313725490196,0.4588235294117647,0.0,0.0,0.2980392156862745,0.38268031849431083,0.2386690993548302,0.06401391597516236
0.18095238095238098,0.0,0.09803921568627451,0.6666666666666666,0.0,1.0,0.2,0.5019607843137255,0.023923444976076555,0.24313725490196078,0.1480409554829326,0.21958977631631216,0.12180519438195986
0.7148809523809524,0.0,0.16078431372549018,0.203125,0.15476190476190477,0.13725490196078433,0.0,0.0,0.0,0.6039215686274509,0.23463936301137822,0.3029007544718147,0.0
0.0,0.0,0.0,0.0,0.0,0.0,0.0,0.0,0.0,0.0,0.740204777414663,0.03970592297413732,0.0
0.36190476190476195,0.0,0.09803921568627451,0.18229166666666666,0.1388888888888889,0.18823529411764706,0.03137254901960784,0.5607843137254902,0.5502392344497608,0.12156862745098039,0.36409660676800104,0.23892157323004773,0.21513652433131203
0.4190476190476191,0.0,0.0784313725490196,0.0,0.0,0.0,0.0,0.0,0.0,0.0,0.38268031849431083,0.2369759735988882,0.0
0.4190476190476191,0.0,0.0784313725490196,0.0,0.0,0.0,0.0,0.0,0.0,0.0,0.38268031849431083,0.2386410071467822,0.0
0.8029761904761905,0.0,0.8470588235294118,0.0,0.0,0.5372549019607843,0.0,0.0,0.0,0.0,0.36409660676800104,0.24512307215679072,0.04906614384407297
0.1904761904761905,0.0,0.0,0.0,0.0,0.0,0.03137254901960784,0.1568627450980392,0.19138755980861244,0.27450980392156865,0.1480409554829326,0.2619708815386599,0.10710114642543382
0.6476190476190476,0.0,1.0,0.0,0.0,0.0,1.0,0.8352941176470589,0.03827751196172249,0.0,0.36409660676800104,0.23894096780881582,0.0755931797238049
0.4702380952380953,0.0,0.0196078431372549,0.171875,0.49206349206349204,0.03529411764705882,0.12941176470588234,0.12941176470588234,0.0,0.43529411764705883,0.36409660676800104,0.23971366964795743,0.18846694393317856
0.2017857142857143,0.0,0.0,0.171875,0.06349206349206349,1.0,0.0,1.0,0.0,0.0,0.38268031849431083,0.23417444027732004,0.0
0.6476190476190476,0.0,1.0,0.0,0.0,0.0,1.0,0.6509803921568628,0.043062200956937795,0.0,0.36409660676800104,0.23091648210415425,0.08353646059902566
0.8029761904761905,0.0,0.8470588235294118,0.0,0.0,0.5411764705882353,0.0,0.0,0.0,0.0,0.38268031849431083,0.23859561067806734,0.061830499129058164
0.4702380952380953,0.0,0.0196078431372549,0.171875,0.38095238095238093,0.03529411764705882,0.12941176470588234,0.12941176470588234,0.0,0.43529411764705883,0.38268031849431083,0.23645154585820477,0.16186499921721584
0.4190476190476191,0.0,0.0784313725490196,0.0,0.0,0.0,0.0,0.0,0.0,0.0,0.23463936301137822,0.34304104310464506,0.0
0.1904761904761905,0.0,0.0,0.0,0.0,0.0,0.06274509803921569,0.2,0.16746411483253587,0.6549019607843137,0.36409660676800104,0.22828485661525433,0.15207105453395187
0.0,0.0,0.0,0.0,0.0,0.0,0.0,0.0,0.0,0.0,0.6502428680524998,0.040641632066982215,0.0
0.6470238095238096,0.0,0.0,0.3333333333333333,0.38095238095238093,1.0,0.49411764705882355,0.8549019607843137,0.03827751196172249,0.0,0.38268031849431083,0.23900343576797337,0.08338042879510209
0.36190476190476195,0.0,0.09411764705882353,0.171875,0.13095238095238093,0.18823529411764706,0.03137254901960784,0.5607843137254902,0.5358851674641149,0.09019607843137255,0.36409660676800104,0.23893019350918812,0.2205648158156141
0.6380952380952382,0.0,0.0,0.0,0.0,0.0,0.0,0.0,0.0,0.0,0.23463936301137822,0.3031385177198473,0.0
0.18095238095238098,0.0,0.058823529411764705,0.6666666666666666,0.0,1.0,0.15294117647058825,0.5019607843137255,0.028708133971291863,0.42745098039215684,0.36409660676800104,0.24739932453310615,0.09309691982090629
0.0,0.0,0.0,0.0,0.0,0.0,0.0,0.0,0.0,0.0,0.9960077725067024,0.04057847125969615,0.0
0.23750000000000002,0.0,0.996078431372549,0.46875,0.0,0.0,0.0,0.2549019607843137,0.0,0.0,0.38268031849431083,0.23739047231984453,0.07118281869104108
0.09523809523809525,0.0,0.3607843137254902,0.6979166666666666,0.4603174603174603,0.03529411764705882,0.0,0.12156862745098039,0.009569377990430622,0.0,0.0,0.45957924582328974,0.12212879989720357
0.2017857142857143,0.0,0.0,0.171875,0.06349206349206349,1.0,0.0,1.0,0.0,0.0,0.26756254955818887,0.24889232313459844,0.0
0.4702380952380953,0.0,0.0196078431372549,0.18229166666666666,0.14285714285714285,0.0392156862745098,0.13725490196078433,0.12156862745098039,0.0,0.43529411764705883,0.36409660676800104,0.30198403292150205,0.2561496982446728
0.0,0.0,0.0,0.0,0.0,0.0,0.0,0.0,0.0,0.0,0.7228311423096268,0.040641632066982215,0.0
0.1904761904761905,0.0,0.0,0.0,0.0,0.0,0.06274509803921569,0.1568627450980392,0.17224880382775118,0.807843137254902,0.38268031849431083,0.2473498304182043,0.1375552053092924
0.23750000000000002,0.0,0.996078431372549,0.44791666666666663,0.0,0.0,0.0,0.2549019607843137,0.0,0.0,0.36409660676800104,0.23523119805562342,0.11430423966663589
0.7523809523809525,0.0,0.0,0.0,0.0,0.5019607843137255,0.0,0.4117647058823529,1.0,0.07450980392156863,0.23463936301137822,0.30300498730145686,0.0
0.18154761904761907,0.0,0.03529411764705882,0.6666666666666666,0.0,0.0,0.2196078431372549,0.4980392156862745,0.004784688995215311,0.580392156862745,0.08659840752844564,0.3556423447911754,0.15486252838347733
0.2017857142857143,0.0,0.0,0.171875,0.06349206349206349,1.0,0.0,1.0,0.0,0.0,0.38268031849431083,0.24317839500789265,0.0
0.8029761904761905,0.0,0.8470588235294118,0.0,0.0,0.5372549019607843,0.0,0.0,0.0,0.0,0.1956994982468579,0.23649793015228654,0.04906614384407297
0.36190476190476195,0.0,0.10588235294117647,0.18229166666666666,0.1388888888888889,0.18823529411764706,0.03137254901960784,0.5568627450980392,0.5167464114832536,0.21176470588235294,0.36409660676800104,0.2445014744475285,0.26409838019591075
0.6470238095238096,0.0,0.0,0.3333333333333333,0.38095238095238093,1.0,0.49411764705882355,0.9098039215686274,0.03827751196172249,0.0,0.38268031849431083,0.23884180025151275,0.09968782477603381
0.6476190476190476,0.0,1.0,0.0,0.0,0.0,1.0,0.5568627450980392,0.043062200956937795,0.0,0.38268031849431083,0.23856749772731836,0.11107620374676473
0.6380952380952382,0.0,0.0,0.0,0.0,0.0,0.0,0.0,0.0,0.0,0.26756254955818887,0.3030808273899894,0.0
0.4702380952380953,0.0,0.0196078431372549,0.17708333333333331,0.14285714285714285,0.0392156862745098,0.13333333333333333,0.11764705882352941,0.0,0.43529411764705883,0.3212377705398239,0.23815136415695196,0.20917623024765325
0.2017857142857143,0.0,0.0,0.171875,0.06349206349206349,1.0,0.0,1.0,0.0,0.0,0.38268031849431083,0.2353250881366483,0.0
0.4815476190476191,0.0,0.047058823529411764,0.953125,0.503968253968254,0.0784313725490196,0.06666666666666667,0.12549019607843137,0.0,0.0784313725490196,0.3212377705398239,0.24378160172399232,0.09482512431621663
0.0,0.0,0.0,0.0,0.0,0.0,0.0,0.0,0.0,0.0,0.6649782242696144,0.03983331524312109,0.0
0.7148809523809524,0.0,0.16078431372549018,0.203125,0.15476190476190477,0.13725490196078433,0.0,0.0,0.0,0.6039215686274509,0.23463936301137822,0.30311476692575307,0.0
0.6380952380952382,0.0,0.0,0.0,0.0,0.0,0.0,0.0,0.0,0.0,0.26756254955818887,0.30328993714997726,0.0
0.18095238095238098,0.0,0.058823529411764705,0.6666666666666666,0.0,1.0,0.10196078431372549,0.5019607843137255,0.0,0.5568627450980392,0.36409660676800104,0.24742307297298546,0.14760507900879488
0.2017857142857143,0.0,0.0,0.171875,0.06349206349206349,1.0,0.0,1.0,0.0,0.0,0.38268031849431083,0.2341156526921118,0.0
0.6476190476190476,0.0,1.0,0.0,0.0,0.0,1.0,0.8313725490196078,0.03827751196172249,0.0,0.38268031849431083,0.23886767957177016,0.0743822219531151
0.5047619047619049,0.0,0.0196078431372549,0.16666666666666666,0.9682539682539681,0.40784313725490196,0.4549019607843137,0.0,0.0,0.803921568627451,0.38268031849431083,0.23875980467097221,0.1606473324982674
0.23750000000000002,0.0,0.996078431372549,0.46354166666666663,0.0,0.0,0.0,0.2549019607843137,0.0,0.0,0.38268031849431083,0.2369408044169925,0.07052635064924392
0.0011904761904761906,0.0,0.0,0.0,0.0,0.0,0.0,0.00392156862745098,0.0,0.27450980392156865,0.38268031849431083,0.24716747994136484,0.15395988754340165
0.0011904761904761906,0.0,0.0,0.0,0.0,0.0,0.0,0.00392156862745098,0.023923444976076555,0.1843137254901961,0.38268031849431083,0.22723374879398908,0.12521611250507414
0.0,0.0,0.0,0.0,0.0,0.0,0.0,0.0,0.0,0.0,0.5394399519766484,0.24563207858516775,0.0
0.0,0.0,0.0,0.0,0.0,0.0,0.0,0.0,0.0,0.0,0.617319681505689,0.18810754158928816,0.0
0.5047619047619049,0.0,0.0196078431372549,0.16666666666666666,0.015873015873015872,0.40784313725490196,0.4588235294117647,0.0,0.0,0.23529411764705882,0.38268031849431083,0.2386971836399324,0.13488721794858333
0.6470238095238096,0.0,0.0,0.3333333333333333,0.38095238095238093,1.0,0.49411764705882355,0.8,0.03827751196172249,0.0,0.36409660676800104,0.2387684389649113,0.06640756986305858
0.7523809523809525,0.0,0.0,0.0,0.0,0.5019607843137255,0.0,0.4117647058823529,1.0,0.07450980392156863,0.26756254955818887,0.3012664268314724,0.0
0.6476190476190476,0.0,1.0,0.0,0.0,0.0,1.0,0.7803921568627451,0.03827751196172249,0.0,0.1480409554829326,0.3697191892126114,0.058310316896628286
0.0011904761904761906,0.0,0.0,0.0,0.0,0.0,0.0,0.03529411764705882,0.004784688995215311,0.00392156862745098,0.38268031849431083,0.22950518514405355,0.1817425273206338
0.2017857142857143,0.0,0.0,0.171875,0.06349206349206349,1.0,0.0,1.0,0.0,0.0,0.1480409554829326,0.40946141546328196,0.0
0.6476190476190476,0.0,1.0,0.0,0.0,0.0,1.0,0.803921568627451,0.03827751196172249,0.0,0.38268031849431083,0.2385328862733892,0.0658053512057129
0.1904761904761905,0.0,0.0,0.0,0.0,0.0,0.0392156862745098,0.14901960784313725,0.19138755980861244,0.6666666666666666,0.34374045372979056,0.2473577511299308,0.08361506592862838
0.0011904761904761906,0.0,0.0,0.0,0.0,0.0,0.0,0.0196078431372549,0.03827751196172249,0.5137254901960784,0.34374045372979056,0.247341909076391,0.01022141259149725
0.5047619047619049,0.0,0.0196078431372549,0.16666666666666666,0.9682539682539681,0.40784313725490196,0.45098039215686275,0.0,0.0,0.792156862745098,0.38268031849431083,0.23181395622971082,0.18288675303054364
0.0,0.0,0.0,0.0,0.0,0.0,0.0,0.0,0.0,0.0,0.8980296398000577,0.040499463871658384,0.0
0.0011904761904761906,0.0,0.0,0.0,0.0,0.0,0.0,0.00784313725490196,0.05263157894736842,0.36470588235294116,0.36409660676800104,0.22969215331785836,0.0970444919937194
0.0,0.0,0.0,0.0,0.0,0.0,0.0,0.0,0.0,0.0,0.6917103120481284,0.19045973149901857,0.0
0.36190476190476195,0.0,0.10196078431372549,0.17708333333333331,0.1349206349206349,0.18823529411764706,0.03137254901960784,0.5568627450980392,0.5119617224880383,0.16078431372549018,0.23463936301137822,0.3039224987513089,0.14313352584718483
0.18095238095238098,0.0,0.12549019607843137,0.6666666666666666,0.0,1.0,0.03137254901960784,0.5019607843137255,0.023923444976076555,0.8117647058823529,0.36409660676800104,0.22930599770233917,0.17647136133883512
0.5047619047619049,0.0,0.0196078431372549,0.16666666666666666,0.4603174603174603,0.40784313725490196,0.47058823529411764,0.0,0.0,0.2549019607843137,0.38268031849431083,0.23337330726000724,0.11721620930904413
0.7523809523809525,0.0,0.0,0.0,0.0,0.5019607843137255,0.0,0.4117647058823529,1.0,0.07450980392156863,0.1956994982468579,0.302629464724416,0.0
0.8029761904761905,0.0,0.8470588235294118,0.0,0.0,0.5372549019607843,0.0,0.0,0.0,0.0,0.3212377705398239,0.26550656154985675,0.04906614384407297
0.0011904761904761906,0.0,0.0,0.0,0.0,0.0,0.0,0.00392156862745098,0.023923444976076555,0.1843137254901961,0.1956994982468579,0.2019604142426438,0.12521611250507414
0.4,0.0,0.01568627450980392,0.0,0.611111111111111,0.11372549019607843,0.592156862745098,0.00784313725490196,0.9043062200956937,0.0,0.38268031849431083,0.24060552258422932,0.07936191258484337
0.4702380952380953,0.0,0.0196078431372549,0.18229166666666666,0.5873015873015872,0.03529411764705882,0.13725490196078433,0.12941176470588234,0.0,0.43529411764705883,0.36409660676800104,0.24812897563868802,0.23472457372224806
0.0,0.0,0.0,0.0,0.0,0.0,0.0,0.0,0.0,0.0,0.8762341690189347,0.0404520293318796,0.0
0.4815476190476191,0.0,0.047058823529411764,0.9635416666666666,0.503968253968254,0.0784313725490196,0.06666666666666667,0.12549019607843137,0.0,0.0784313725490196,0.38268031849431083,0.25088256330376163,0.07095072540155607
0.0011904761904761906,0.0,0.0,0.0,0.0,0.0,0.0,0.00392156862745098,0.043062200956937795,0.7019607843137254,0.29608191096586517,0.22527329985412647,0.10121091085220908
0.18095238095238098,0.0,0.054901960784313725,0.6666666666666666,0.0,1.0,0.1764705882352941,0.5019607843137255,0.043062200956937795,0.5176470588235293,0.38268031849431083,0.20886569838890665,0.08692711559741381
0.0,0.0,0.0,0.0,0.0,0.0,0.0,0.0,0.0,0.0,0.45707094903675016,0.03924275497658138,0.0
0.23750000000000002,0.0,0.996078431372549,0.44791666666666663,0.0,0.0,0.0,0.23529411764705882,0.0,0.0,0.38268031849431083,0.23833146866224403,0.09241251950922756
0.6470238095238096,0.0,0.0,0.3333333333333333,0.38095238095238093,1.0,0.49411764705882355,0.8274509803921568,0.03827751196172249,0.0,0.36409660676800104,0.23869502359149547,0.07498055913377129
0.18095238095238098,0.0,0.07450980392156863,0.6666666666666666,0.0,1.0,0.9098039215686274,0.4980392156862745,0.07177033492822966,0.9921568627450981,0.36409660676800104,0.2294269804458739,0.287136266200275
0.4702380952380953,0.0,0.0196078431372549,0.171875,0.42857142857142855,0.03529411764705882,0.12941176470588234,0.12941176470588234,0.0,0.43529411764705883,0.0,0.6370098457375661,0.17347474258732484
0.0,0.0,0.0,0.0,0.0,0.0,0.0,0.0,0.0,0.0,0.3997756760976685,0.1852043737794536,0.0
0.18095238095238098,0.0,0.09019607843137255,0.6666666666666666,0.0,1.0,0.00784313725490196,0.5019607843137255,0.004784688995215311,0.9254901960784314,0.38268031849431083,0.23056084087601417,0.18682553707201627
0.5238095238095238,0.0,0.0,0.16666666666666666,0.0,0.0,0.0,0.0,0.0,0.0,0.38268031849431083,0.23400250200313444,0.0
0.2017857142857143,0.0,0.0,0.171875,0.06349206349206349,1.0,0.0,1.0,0.0,0.0,0.36409660676800104,0.24207163598300552,0.0
0.1904761904761905,0.0,0.0,0.0,0.0,0.0,0.01568627450980392,0.16078431372549018,0.1770334928229665,0.5058823529411764,0.38268031849431083,0.22923476265943987,0.11552481140106476
0.4,0.0,0.39215686274509803,0.0,0.611111111111111,0.11372549019607843,0.592156862745098,0.00784313725490196,0.9043062200956937,0.0,0.38268031849431083,0.24926792877206175,0.07945982888469613
0.0,0.0,0.0,0.0,0.0,0.0,0.0,0.0,0.0,0.0,0.762373484066953,0.0398492278236016,0.0
0.4,0.0,0.26666666666666666,0.0,0.611111111111111,0.11372549019607843,0.592156862745098,0.00784313725490196,0.9043062200956937,0.0,0.29608191096586517,0.30419476902648257,0.0391451422959784
0.5047619047619049,0.0,0.0196078431372549,0.16666666666666666,0.7777777777777777,0.40784313725490196,0.4588235294117647,0.0,0.0,0.9882352941176471,0.38268031849431083,0.23829460630553756,0.13508826167486768
0.5047619047619049,0.0,0.0196078431372549,0.16666666666666666,0.5873015873015872,0.40784313725490196,0.4588235294117647,0.0,0.0,0.6745098039215687,0.1480409554829326,0.36914852553892374,0.06430839330360202
0.0,0.0,0.0,0.0,0.0,0.0,0.0,0.0,0.0,0.0,0.768306586485387,0.19092846050546874,0.0
0.7148809523809524,0.0,0.16078431372549018,0.203125,0.15476190476190477,0.13725490196078433,0.0,0.0,0.0,0.6039215686274509,0.26756254955818887,0.30319052348217784,0.0
0.0,0.0,0.0,0.0,0.0,0.0,0.0,0.0,0.0,0.0,0.8082194732167989,0.03997643700809555,0.0
0.0,0.0,0.0,0.0,0.0,0.0,0.0,0.0,0.0,0.0,0.5783798167411688,0.0402462181515586,0.0
0.36190476190476195,0.0,0.09803921568627451,0.171875,0.13095238095238093,0.18823529411764706,0.03137254901960784,0.5568627450980392,0.5215311004784688,0.23137254901960785,0.1480409554829326,0.21983024380273572,0.19721876347634515
0.8029761904761905,0.0,0.8470588235294118,0.0,0.0,0.5098039215686274,0.0,0.0,0.0,0.0,0.38268031849431083,0.2368022048946196,0.09204270661966536
0.0,0.0,0.0,0.0,0.0,0.0,0.0,0.0,0.0,0.0,0.9027584961270542,0.04010348389204519,0.0
0.4,0.0,0.39215686274509803,0.0,0.611111111111111,0.11372549019607843,0.592156862745098,0.00784313725490196,0.9043062200956937,0.0,0.36409660676800104,0.2382251812994351,0.07945982888469613
0.6476190476190476,0.0,1.0,0.0,0.0,0.0,1.0,0.7803921568627451,0.03827751196172249,0.0,0.36409660676800104,0.23852423152984295,0.058310316896628286
0.0,0.0,0.0,0.0,0.0,0.0,0.0,0.0,0.0,0.0,0.6552684635065269,0.04011935336139914,0.0
0.0,0.0,0.0,0.0,0.0,0.0,0.0,0.0,0.0,0.0,0.571139192753681,0.04023036888906695,0.0
0.0,0.0,0.0,0.0,0.0,0.0,0.0,0.0,0.0,0.0,0.8438985425464663,0.03970592297413732,0.0
0.7523809523809525,0.0,0.0,0.0,0.0,0.5019607843137255,0.0,0.4117647058823529,1.0,0.07450980392156863,0.26756254955818887,0.30220915463467557,0.0
0.6476190476190476,0.0,1.0,0.0,0.0,0.0,1.0,0.7254901960784313,0.03827751196172249,0.0,0.38268031849431083,0.2430109914695205,0.040278155283948805
0.7148809523809524,0.0,0.16078431372549018,0.203125,0.15476190476190477,0.13725490196078433,0.0,0.0,0.0,0.6039215686274509,0.1480409554829326,0.37194419544398477,0.0
0.7523809523809525,0.0,0.0,0.0,0.0,0.5019607843137255,0.0,0.4117647058823529,1.0,0.07450980392156863,0.23463936301137822,0.3031577404048898,0.0
0.6476190476190476,0.0,1.0,0.0,0.0,0.0,1.0,0.16470588235294117,0.043062200956937795,0.0,0.1480409554829326,0.2539927528071304,0.20949208225016872
0.0011904761904761906,0.0,0.0,0.0,0.0,0.0,0.0,0.011764705882352941,0.03349282296650718,0.5529411764705883,0.36409660676800104,0.2294672753849038,0.04241484797710341
0.4,0.0,0.1411764705882353,0.0,0.611111111111111,0.11372549019607843,0.592156862745098,0.00784313725490196,0.9043062200956937,0.0,0.36409660676800104,0.23992084848240472,0.03903726011546839
0.4190476190476191,0.0,0.0784313725490196,0.0,0.0,0.0,0.0,0.0,0.0,0.0,0.38268031849431083,0.2386777415169797,0.0
0.7523809523809525,0.0,0.0,0.0,0.0,0.5019607843137255,0.0,0.4117647058823529,1.0,0.07450980392156863,0.26756254955818887,0.3032617047221393,0.0
0.2017857142857143,0.0,0.0,0.171875,0.06349206349206349,1.0,0.0,1.0,0.0,0.0,0.38268031849431083,0.23415409465592155,0.0
0.2017857142857143,0.0,0.0,0.171875,0.06349206349206349,1.0,0.0,1.0,0.0,0.0,0.1956994982468579,0.06876886501788444,0.0
0.18154761904761907,0.0,0.9333333333333333,0.6614583333333333,0.0,0.0,0.21568627450980393,0.4980392156862745,0.004784688995215311,0.5215686274509804,0.38268031849431083,0.22917773791154672,0.1641190335303777
0.1904761904761905,0.0,0.0,0.0,0.0,0.0,0.10980392156862745,0.027450980392156862,0.20574162679425836,0.6627450980392157,0.36409660676800104,0.22939378413071249,0.1879534445746985
0.8029761904761905,0.0,0.8470588235294118,0.0,0.0,0.5019607843137255,0.0,0.0,0.0,0.0,0.38268031849431083,0.23942675293847654,0.11478909676375512
0.6470238095238096,0.0,0.0,0.3333333333333333,0.38095238095238093,1.0,0.49411764705882355,0.615686274509804,0.043062200956937795,0.0,0.38268031849431083,0.23898405335333808,0.09578629406402278
0.7523809523809525,0.0,0.0,0.0,0.0,0.5019607843137255,0.0,0.4117647058823529,1.0,0.07450980392156863,0.23463936301137822,0.302286743613904,0.0
0.18154761904761907,0.0,0.0,0.6666666666666666,0.0,0.0,0.2392156862745098,0.4980392156862745,0.014354066985645932,0.6588235294117647,0.36409660676800104,0.22988113110661468,0.15437585798663508
0.0,0.0,0.0,0.0,0.0,0.0,0.0,0.0,0.0,0.0,0.7982838235354323,0.03991285272932955,0.0
0.5238095238095238,0.0,0.0,0.16666666666666666,0.0,0.0,0.0,0.0,0.0,0.0,0.36409660676800104,0.2389021748730989,0.0
0.18154761904761907,0.0,0.09019607843137255,0.6666666666666666,0.0,0.0,0.15294117647058825,0.4980392156862745,0.028708133971291863,0.8823529411764706,0.36409660676800104,0.24741713639397542,0.1813743249918305
0.18095238095238098,0.0,0.10196078431372549,0.6666666666666666,0.0,1.0,0.9490196078431372,0.4980392156862745,0.028708133971291863,0.5647058823529412,0.23463936301137822,0.2549990948368433,0.2289554809529087
0.36190476190476195,0.0,0.09803921568627451,0.17708333333333331,0.1349206349206349,0.18823529411764706,0.03137254901960784,0.5568627450980392,0.5311004784688995,0.01568627450980392,0.38268031849431083,0.23940745275387942,0.13125367044981015
0.7148809523809524,0.0,0.16078431372549018,0.203125,0.15476190476190477,0.13725490196078433,0.0,0.0,0.0,0.6039215686274509,0.26756254955818887,0.3026010443893871,0.0
0.6380952380952382,0.0,0.0,0.0,0.0,0.0,0.0,0.0,0.0,0.0,0.08659840752844564,0.3693464780172499,0.0
0.0011904761904761906,0.0,0.0,0.0,0.0,0.0,0.0,0.023529411764705882,0.0,0.7490196078431373,0.36409660676800104,0.24732606450210284,0.12606205375744875
0.0,0.0,0.0,0.0,0.0,0.0,0.0,0.0,0.0,0.0,0.6649782242696144,0.040182805960119077,0.0
0.4190476190476191,0.0,0.0784313725490196,0.0,0.0,0.0,0.0,0.0,0.0,0.0,0.36409660676800104,0.23863236179580238,0.0
0.5238095238095238,0.0,0.0,0.16666666666666666,0.0,0.0,0.0,0.0,0.0,0.0,0.38268031849431083,0.24044859123024936,0.0
0.0011904761904761906,0.0,0.0,0.0,0.0,0.0,0.0,0.0392156862745098,0.03827751196172249,0.12549019607843137,0.36409660676800104,0.2471833497673268,0.1313493450669302
0.8029761904761905,0.0,0.8470588235294118,0.0,0.0,0.5372549019607843,0.0,0.0,0.0,0.0,0.36409660676800104,0.23185098320489655,0.04906614384407297
0.4702380952380953,0.0,0.0196078431372549,0.17708333333333331,0.36507936507936506,0.03529411764705882,0.13333333333333333,0.12941176470588234,0.0,0.43529411764705883,0.38268031849431083,0.23810574386420122,0.10274149586583048
0.36190476190476195,0.0,0.09803921568627451,0.17708333333333331,0.1349206349206349,0.18823529411764706,0.03137254901960784,0.5607843137254902,0.5167464114832536,0.09019607843137255,0.23463936301137822,0.39163368678851346,0.12000213669101172
0.4,0.0,0.26666666666666666,0.0,0.611111111111111,0.11372549019607843,0.592156862745098,0.00784313725490196,0.9043062200956937,0.0,0.38268031849431083,0.23742985855132476,0.0391451422959784
0.0,0.0,0.0,0.0,0.0,0.0,0.0,0.0,0.0,0.0,0.8376470342310766,0.0290713812270777,0.0
0.18154761904761907,0.0,0.9686274509803922,0.6614583333333333,0.0,0.0,0.023529411764705882,0.4980392156862745,0.06220095693779904,0.5333333333333333,0.36409660676800104,0.22868692772123522,0.24598686788818938
0.1904761904761905,0.0,0.0,0.0,0.0,0.0,0.047058823529411764,0.19607843137254902,0.19617224880382775,0.16862745098039217,0.36409660676800104,0.22995190541772,0.1362278757355939
0.09583333333333334,0.0,0.5019607843137255,0.7083333333333333,0.0,0.0,0.14509803921568626,0.0,0.0,0.0,0.08659840752844564,0.45953599193435307,0.16467769028763315
0.7523809523809525,0.0,0.0,0.0,0.0,0.5019607843137255,0.0,0.4117647058823529,1.0,0.07450980392156863,0.23463936301137822,0.3036539821485316,0.0
0.18154761904761907,0.0,0.0,0.6666666666666666,0.0,0.0,0.19607843137254902,0.4980392156862745,0.07177033492822966,0.6980392156862745,0.36409660676800104,0.22843582359381284,0.19024569748399864
0.18154761904761907,0.0,0.054901960784313725,0.6666666666666666,0.0,0.0,0.2901960784313725,0.4980392156862745,0.028708133971291863,0.00784313725490196,0.36409660676800104,0.24746659707474924,0.1915312062319602
0.18154761904761907,0.0,0.12549019607843137,0.6666666666666666,0.0,0.0,0.2,0.4980392156862745,0.05263157894736842,0.14901960784313725,0.36409660676800104,0.22892786995922187,0.16734994272464082
0.18154761904761907,0.0,0.03529411764705882,0.6666666666666666,0.0,0.0,0.24705882352941178,0.4980392156862745,0.019138755980861243,0.4666666666666667,0.38268031849431083,0.24773128838959785,0.13143133888621708
0.0,0.0,0.0,0.0,0.0,0.0,0.0,0.0,0.0,0.0,0.776908203395359,0.03991285272932955,0.0
0.5047619047619049,0.0,0.0196078431372549,0.16666666666666666,0.9682539682539681,0.40784313725490196,0.4627450980392157,0.0,0.0,0.8117647058823529,0.38268031849431083,0.23743642140892565,0.12719021164081873
0.1904761904761905,0.0,0.0,0.0,0.0,0.0,0.03137254901960784,0.0196078431372549,0.21531100478468898,0.3803921568627451,0.36409660676800104,0.21925949530381214,0.1584690272035365
0.7148809523809524,0.0,0.16078431372549018,0.203125,0.15476190476190477,0.13725490196078433,0.0,0.0,0.0,0.6039215686274509,0.23463936301137822,0.3034084260153959,0.0
0.18095238095238098,0.0,0.0392156862745098,0.6666666666666666,0.0,1.0,0.2392156862745098,0.5019607843137255,0.004784688995215311,0.11372549019607843,0.36409660676800104,0.23010036793815702,0.18480943283594306
0.2017857142857143,0.0,0.0,0.171875,0.06349206349206349,1.0,0.0,1.0,0.0,0.0,0.36409660676800104,0.23416313766753383,0.0
0.4,0.0,0.01568627450980392,0.0,0.611111111111111,0.11372549019607843,0.592156862745098,0.00784313725490196,0.9043062200956937,0.0,0.36409660676800104,0.24465622075173935,0.07936191258484337
0.18095238095238098,0.0,0.10588235294117647,0.6666666666666666,0.0,1.0,0.10980392156862745,0.5019607843137255,0.04784688995215311,0.5372549019607843,0.38268031849431083,0.24745077232966564,0.11202912734767378
0.4190476190476191,0.0,0.0784313725490196,0.0,0.0,0.0,0.0,0.0,0.0,0.0,0.38268031849431083,0.23859561067806734,0.0
0.4702380952380953,0.0,0.0196078431372549,0.17708333333333331,0.49206349206349204,0.03529411764705882,0.13333333333333333,0.12941176470588234,0.0,0.43529411764705883,0.38268031849431083,0.2388957079142658,0.13744326298185078
0.18154761904761907,0.0,0.0196078431372549,0.6666666666666666,0.0,0.0,0.14901960784313725,0.4980392156862745,0.009569377990430622,0.09803921568627451,0.26756254955818887,0.30311476692575307,0.2181069504343074
0.36190476190476195,0.0,0.09803921568627451,0.18229166666666666,0.1388888888888889,0.18823529411764706,0.03137254901960784,0.5607843137254902,0.569377990430622,0.0392156862745098,0.38268031849431083,0.23921209602504206,0.27900800202979775
0.4815476190476191,0.0,0.5254901960784314,0.9583333333333333,0.503968253968254,0.0784313725490196,0.06666666666666667,0.12549019607843137,0.0,0.0784313725490196,0.38268031849431083,0.2369210162922951,0.043612396678005066
0.7523809523809525,0.0,0.0,0.0,0.0,0.5019607843137255,0.0,0.4117647058823529,1.0,0.07450980392156863,0.23463936301137822,0.30369222536760143,0.0
0.7523809523809525,0.0,0.0,0.0,0.0,0.5019607843137255,0.0,0.4117647058823529,1.0,0.07450980392156863,0.23463936301137822,0.30438703811176826,0.0
0.18154761904761907,0.0,0.0,0.6666666666666666,0.0,0.0,0.18823529411764706,0.4980392156862745,0.07177033492822966,0.6941176470588235,0.36409660676800104,0.2293558319288324,0.1933860274640884
0.0,0.0,0.0,0.0,0.0,0.0,0.0,0.0,0.0,0.0,0.6696724341609238,0.0402462181515586,0.0
0.0,0.0,0.0,0.0,0.0,0.0,0.0,0.0,0.0,0.0,0.6917103120481284,0.03937074078611449,0.0
0.7523809523809525,0.0,0.0,0.0,0.0,0.5019607843137255,0.0,0.4117647058823529,1.0,0.07450980392156863,0.26756254955818887,0.3029630806917122,0.0
0.36190476190476195,0.0,0.09803921568627451,0.17708333333333331,0.1349206349206349,0.18823529411764706,0.03137254901960784,0.5568627450980392,0.5263157894736842,0.08627450980392157,0.34374045372979056,0.2408911806696485,0.0818937212407724
0.0,0.0,0.0,0.0,0.0,0.0,0.0,0.0,0.0,0.0,0.5307212739772434,0.040436212796012436,0.0
0.6380952380952382,0.0,0.0,0.0,0.0,0.0,0.0,0.0,0.0,0.0,0.1956994982468579,0.3042182636460613,0.0
0.23750000000000002,0.0,0.996078431372549,0.453125,0.0,0.0,0.0,0.2549019607843137,0.0,0.0,0.1480409554829326,0.3430539196300496,0.10021738199483862
0.18154761904761907,0.0,0.0,0.6666666666666666,0.0,0.0,0.13725490196078433,0.4980392156862745,0.057416267942583726,0.00784313725490196,0.36409660676800104,0.2562293030707039,0.22734789639283118
0.4190476190476191,0.0,0.0784313725490196,0.0,0.0,0.0,0.0,0.0,0.0,0.0,0.08659840752844564,0.4091900721161106,0.0
0.0011904761904761906,0.0,0.0,0.0,0.0,0.0,0.0,0.03137254901960784,0.04784688995215311,0.5098039215686274,0.38268031849431083,0.2552737908809818,0.07302138902942976
0.6470238095238096,0.0,0.0,0.3333333333333333,0.38095238095238093,1.0,0.49411764705882355,0.8117647058823529,0.03827751196172249,0.0,0.36409660676800104,0.254434509908951,0.07010336345566635
0.36190476190476195,0.0,0.10196078431372549,0.18229166666666666,0.1388888888888889,0.18823529411764706,0.03137254901960784,0.5568627450980392,0.5454545454545454,0.058823529411764705,0.38268031849431083,0.24024250863225566,0.23905704334242547
0.0,0.0,0.0,0.0,0.0,0.0,0.0,0.0,0.0,0.0,0.6787622294601761,0.040830874471921415,0.0
0.6470238095238096,0.0,0.0,0.3333333333333333,0.38095238095238093,1.0,0.49411764705882355,0.7254901960784313,0.043062200956937795,0.0,0.36409660676800104,0.23704188235475973,0.06523368523133338
0.5047619047619049,0.0,0.0196078431372549,0.16666666666666666,0.9682539682539681,0.40784313725490196,0.4627450980392157,0.0,0.0,0.8117647058823529,0.36409660676800104,0.23879433735561018,0.12719021164081873
0.7148809523809524,0.0,0.16078431372549018,0.203125,0.15476190476190477,0.13725490196078433,0.0,0.0,0.0,0.6039215686274509,0.26756254955818887,0.30317243760180845,0.0
0.1904761904761905,0.0,0.0,0.0,0.0,0.0,0.07058823529411765,0.14509803921568626,0.18660287081339713,0.8196078431372549,0.36409660676800104,0.2292371379820661,0.11585415305832113
0.0,0.0,0.0,0.0,0.0,0.0,0.0,0.0,0.0,0.0,0.9134015924715543,0.04010348389204519,0.0
0.4,0.0,0.26666666666666666,0.0,0.611111111111111,0.11372549019607843,0.592156862745098,0.00784313725490196,0.9043062200956937,0.0,0.38268031849431083,0.23784901186823432,0.0391451422959784
0.4190476190476191,0.0,0.0784313725490196,0.0,0.0,0.0,0.0,0.0,0.0,0.0,0.23463936301137822,0.21953218708485947,0.0
0.5238095238095238,0.0,0.0,0.16666666666666666,0.0,0.0,0.0,0.0,0.0,0.0,0.3212377705398239,0.25996396613737294,0.0
0.5238095238095238,0.0,0.0,0.16666666666666666,0.0,0.0,0.0,0.0,0.0,0.0,0.36409660676800104,0.2364316602589618,0.0
0.4,0.0,0.26666666666666666,0.0,0.611111111111111,0.11372549019607843,0.592156862745098,0.00784313725490196,0.9043062200956937,0.0,0.38268031849431083,0.24200061685062066,0.0391451422959784
0.2017857142857143,0.0,0.0,0.171875,0.06349206349206349,1.0,0.0,1.0,0.0,0.0,0.38268031849431083,0.2425611234703721,0.0
0.6476190476190476,0.0,1.0,0.0,0.0,0.0,1.0,0.7803921568627451,0.03827751196172249,0.0,0.23463936301137822,0.23870366350412195,0.058310316896628286
0.0,0.0,0.0,0.0,0.0,0.0,0.0,0.0,0.0,0.0,0.38268031849431083,0.24474163538886648,0.0
0.5047619047619049,0.0,0.0196078431372549,0.16666666666666666,0.7777777777777777,0.40784313725490196,0.4627450980392157,0.0,0.0,1.0,0.36409660676800104,0.2380405357403349,0.1271540402276252
0.0,0.0,0.0,0.0,0.0,0.0,0.0,0.0,0.0,0.0,0.6696724341609238,0.040499463871658384,0.0
0.0,0.0,0.0,0.0,0.0,0.0,0.0,0.0,0.0,0.0,0.5987359697793793,0.18529673691234747,0.0
0.36190476190476195,0.0,0.10196078431372549,0.18229166666666666,0.1388888888888889,0.18823529411764706,0.03137254901960784,0.5568627450980392,0.5358851674641149,0.13725490196078433,0.38268031849431083,0.23695839056058463,0.20236288890688992
0.23750000000000002,0.0,0.996078431372549,0.484375,0.0,0.0,0.0,0.23529411764705882,0.0,0.0,0.08659840752844564,0.3426440848042657,0.09303536661017572
0.4,0.0,0.39215686274509803,0.0,0.611111111111111,0.11372549019607843,0.592156862745098,0.00784313725490196,0.9043062200956937,0.0,0.38268031849431083,0.23874901075062316,0.07945982888469613
0.5238095238095238,0.0,0.0,0.16666666666666666,0.0,0.0,0.0,0.0,0.0,0.0,0.36409660676800104,0.2443056610701176,0.0
0.5047619047619049,0.0,0.0196078431372549,0.16666666666666666,0.3333333333333333,0.40784313725490196,0.47058823529411764,0.0,0.0,0.3803921568627451,0.23463936301137822,0.23845063582290263,0.11724090695416695
0.0,0.0,0.0,0.0,0.0,0.0,0.0,0.0,0.0,0.0,0.5921638219317304,0.0402462181515586,0.0
0.23750000000000002,0.0,0.996078431372549,0.4583333333333333,0.0,0.0,0.0,0.2549019607843137,0.0,0.0,0.34374045372979056,0.3040312720599602,0.08563671315738511
0.0,0.0,0.0,0.0,0.0,0.0,0.0,0.0,0.0,0.0,0.8418349713984037,0.040641632066982215,0.0
0.29583333333333334,0.0,0.03137254901960784,0.0,0.0,0.0,0.0,0.0,0.0,0.0,0.26756254955818887,0.30098948604103365,0.0
0.18154761904761907,0.0,0.9490196078431372,0.6614583333333333,0.0,0.0,0.2588235294117647,0.4980392156862745,0.004784688995215311,0.27450980392156865,0.38268031849431083,0.22947675417781746,0.1985401765196708
0.5047619047619049,0.0,0.0196078431372549,0.16666666666666666,0.2698412698412698,0.40784313725490196,0.4745098039215686,0.0,0.0,0.4392156862745098,0.36409660676800104,0.23990164383548807,0.1438621245815083
0.4815476190476191,0.0,0.25098039215686274,0.9791666666666666,0.503968253968254,0.0784313725490196,0.06666666666666667,0.12549019607843137,0.0,0.0784313725490196,0.36409660676800104,0.24033179263250687,0.05510939722770839
0.23750000000000002,0.0,0.996078431372549,0.46354166666666663,0.0,0.0,0.0,0.2549019607843137,0.0,0.0,0.38268031849431083,0.23715163343198128,0.07052635064924392
0.8029761904761905,0.0,0.8470588235294118,0.49479166666666663,0.0,0.5333333333333333,0.0,0.0,0.0,0.0,0.38268031849431083,0.2363498666038885,0.10533809672367636
0.8029761904761905,0.0,0.8470588235294118,0.0,0.0,0.5411764705882353,0.0,0.0,0.0,0.0,0.36409660676800104,0.21214810603135664,0.061830499129058164
0.18095238095238098,0.0,0.10196078431372549,0.6666666666666666,0.0,1.0,0.08627450980392157,0.5019607843137255,0.057416267942583726,0.5843137254901961,0.36409660676800104,0.24885136853104314,0.13351759784281783
0.18154761904761907,0.0,0.0196078431372549,0.6666666666666666,0.0,0.0,0.16862745098039217,0.4980392156862745,0.057416267942583726,0.22745098039215686,0.36409660676800104,0.2474745085043248,0.1883150571838213
0.4702380952380953,0.0,0.0196078431372549,0.171875,0.47619047619047616,0.03529411764705882,0.12941176470588234,0.12941176470588234,0.0,0.43529411764705883,0.36409660676800104,0.23048580691442835,0.18476924437563144
0.1904761904761905,0.0,0.0,0.0,0.0,0.0,0.03137254901960784,0.13333333333333333,0.21531100478468898,0.9294117647058824,0.36409660676800104,0.22926563743491754,0.15997270832386126
0.18154761904761907,0.0,0.0196078431372549,0.6666666666666666,0.0,0.0,0.30980392156862746,0.4980392156862745,0.009569377990430622,0.792156862745098,0.38268031849431083,0.2473676511336821,0.20867228411842867
0.6476190476190476,0.0,1.0,0.0,0.0,0.0,1.0,0.6470588235294118,0.043062200956937795,0.0,0.38268031849431083,0.2388957079142658,0.08472109815063157
0.5238095238095238,0.0,0.0,0.16666666666666666,0.0,0.0,0.0,0.0,0.0,0.0,0.36409660676800104,0.23874037477184537,0.0
0.18095238095238098,0.0,0.08627450980392157,0.6666666666666666,0.0,1.0,0.027450980392156862,0.5019607843137255,0.03349282296650718,0.4627450980392157,0.38268031849431083,0.22829444862783985,0.08117738203125822
0.18154761904761907,0.0,0.03529411764705882,0.6666666666666666,0.0,0.0,0.08235294117647059,0.4980392156862745,0.019138755980861243,0.2823529411764706,0.38268031849431083,0.24742505175400836,0.21269115904113903
0.4815476190476191,0.0,0.047058823529411764,0.9375,0.503968253968254,0.0784313725490196,0.06666666666666667,0.12549019607843137,0.0,0.0784313725490196,0.36409660676800104,0.24314328425869272,0.12824894688168853
0.6470238095238096,0.0,0.0,0.3333333333333333,0.38095238095238093,1.0,0.49411764705882355,0.8470588235294118,0.03827751196172249,0.0,0.38268031849431083,0.2387209410807626,0.0809977239164345
0.8029761904761905,0.0,0.8470588235294118,0.0,0.0,0.5411764705882353,0.0,0.0,0.0,0.0,0.38268031849431083,0.23635871240093517,0.061830499129058164
0.0,0.0,0.0,0.0,0.0,0.0,0.0,0.0,0.0,0.0,0.7191801482366135,0.028627138464811894,0.0
0.5238095238095238,0.0,0.0,0.16666666666666666,0.0,0.0,0.0,0.0,0.0,0.0,0.38268031849431083,0.23886767957177016,0.0
0.1904761904761905,0.0,0.0,0.0,0.0,0.0,0.1411764705882353,0.0,0.20574162679425836,0.4549019607843137,0.36409660676800104,0.2294056412280054,0.21950390541316794
0.18095238095238098,0.0,0.09019607843137255,0.6666666666666666,0.0,1.0,0.9686274509803922,0.4980392156862745,0.07177033492822966,0.0392156862745098,0.38268031849431083,0.21698620368284902,0.2952415566271651
0.36190476190476195,0.0,0.09803921568627451,0.17708333333333331,0.1349206349206349,0.18823529411764706,0.03137254901960784,0.5568627450980392,0.5215311004784688,0.22352941176470587,0.38268031849431083,0.23395494034637376,0.1289887323784297
0.0,0.0,0.0,0.0,0.0,0.0,0.0,0.0,0.0,0.0,0.998013214023472,0.03970592297413732,0.0
0.6470238095238096,0.0,0.0,0.3333333333333333,0.38095238095238093,1.0,0.49411764705882355,0.9137254901960784,0.03827751196172249,0.0,0.36409660676800104,0.23841381756203123,0.10082853708619623
0.09583333333333334,0.0,0.4980392156862745,0.71875,0.0,0.0,0.13725490196078433,0.0,0.0,0.0,0.08659840752844564,0.45947389917095915,0.08398133134149124
0.5238095238095238,0.0,0.0,0.16666666666666666,0.0,0.0,0.0,0.0,0.0,0.0,0.36409660676800104,0.255795454099424,0.0
0.23750000000000002,0.0,0.996078431372549,0.46354166666666663,0.0,0.0,0.0,0.2549019607843137,0.0,0.0,0.38268031849431083,0.23812312548787437,0.07052635064924392
0.18154761904761907,0.0,0.9137254901960784,0.6614583333333333,0.0,0.0,0.27058823529411763,0.4980392156862745,0.04784688995215311,0.5607843137254902,0.36409660676800104,0.2474745085043248,0.15276928340159662
0.18095238095238098,0.0,0.11372549019607843,0.6666666666666666,0.0,1.0,0.058823529411764705,0.5019607843137255,0.043062200956937795,0.9137254901960784,0.1480409554829326,0.36971165592272054,0.16661242785854607
0.23750000000000002,0.0,0.996078431372549,0.4375,0.0,0.0,0.0,0.23529411764705882,0.0,0.0,0.36409660676800104,0.2360153617219603,0.12063222939173024
0.6476190476190476,0.0,1.0,0.0,0.0,0.0,1.0,0.8431372549019608,0.03827751196172249,0.0,0.36409660676800104,0.23935596729928585,0.07800457068648094
0.18154761904761907,0.0,0.0196078431372549,0.6666666666666666,0.0,0.0,0.3333333333333333,0.4980392156862745,0.043062200956937795,0.07058823529411765,0.38268031849431083,0.23036610455358242,0.2065208484403823
0.0,0.0,0.0,0.0,0.0,0.0,0.0,0.0,0.0,0.0,0.8996175872809927,0.028538051590222,0.0
0.6476190476190476,0.0,1.0,0.0,0.0,0.0,1.0,0.8705882352941177,0.03827751196172249,0.0,0.0,0.505860298830325,0.08633603086160575
0.18154761904761907,0.0,0.0,0.6666666666666666,0.0,0.0,0.2392156862745098,0.4980392156862745,0.07177033492822966,0.20392156862745098,0.38268031849431083,0.22930599770233917,0.1927965235366967
0.6380952380952382,0.0,0.0,0.0,0.0,0.0,0.0,0.0,0.0,0.0,0.23463936301137822,0.303166785090474,0.0
0.2017857142857143,0.0,0.0,0.171875,0.06349206349206349,1.0,0.0,1.0,0.0,0.0,0.38268031849431083,0.2546206063890158,0.0
0.0011904761904761906,0.0,0.0,0.0,0.0,0.0,0.0,0.00784313725490196,0.004784688995215311,0.5607843137254902,0.36409660676800104,0.23105418557751028,0.11282941006455076
0.4702380952380953,0.0,0.0196078431372549,0.171875,0.5238095238095237,0.03529411764705882,0.12941176470588234,0.12941176470588234,0.0,0.43529411764705883,0.38268031849431083,0.23893234846237785,0.19576517261849655
0.0,0.0,0.0,0.0,0.0,0.0,0.0,0.0,0.0,0.0,0.555877133551202,0.19017883782284598,0.0
0.5238095238095238,0.0,0.0,0.16666666666666666,0.0,0.0,0.0,0.0,0.0,0.0,0.08659840752844564,0.39141536515371234,0.0
0.4815476190476191,0.0,0.25098039215686274,0.9635416666666666,0.503968253968254,0.0784313725490196,0.06666666666666667,0.12549019607843137,0.0,0.0784313725490196,0.38268031849431083,0.24785549007559468,0.04067248796808332
0.18095238095238098,0.0,0.03529411764705882,0.6666666666666666,0.0,1.0,0.9725490196078431,0.4980392156862745,0.03827751196172249,0.403921568627451,0.36409660676800104,0.2485466058665752,0.24468989268550972
0.8029761904761905,0.0,0.8470588235294118,0.0,0.0,0.5411764705882353,0.0,0.0,0.0,0.0,0.38268031849431083,0.23871230266716764,0.061830499129058164
0.23750000000000002,0.0,0.996078431372549,0.47916666666666663,0.0,0.0,0.0,0.23529411764705882,0.0,0.0,0.38268031849431083,0.23901204896363365,0.07819619029941431
0.36190476190476195,0.0,0.09803921568627451,0.171875,0.13095238095238093,0.18823529411764706,0.03137254901960784,0.5607843137254902,0.5023923444976076,0.1764705882352941,0.38268031849431083,0.2366810473875664,0.2226705857035476
0.8029761904761905,0.0,0.8470588235294118,0.0,0.0,0.5372549019607843,0.0,0.0,0.0,0.0,0.38268031849431083,0.23874253383675612,0.04906614384407297
0.5238095238095238,0.0,0.0,0.16666666666666666,0.0,0.0,0.0,0.0,0.0,0.0,0.36409660676800104,0.24051012082838272,0.0
0.4190476190476191,0.0,0.0784313725490196,0.0,0.0,0.0,0.0,0.0,0.0,0.0,0.36409660676800104,0.23874037477184537,0.0
0.7148809523809524,0.0,0.16078431372549018,0.203125,0.15476190476190477,0.13725490196078433,0.0,0.0,0.0,0.6039215686274509,0.26756254955818887,0.30326622244852997,0.0
0.8029761904761905,0.0,0.8470588235294118,0.453125,0.0,0.5411764705882353,0.0,0.0,0.0,0.0,0.1480409554829326,0.3034941015118046,0.11890819867150658
0.5047619047619049,0.0,0.0196078431372549,0.16666666666666666,0.14285714285714285,0.40784313725490196,0.45098039215686275,0.0,0.0,0.10196078431372549,0.38268031849431083,0.2386690993548302,0.18446401054436296
0.7148809523809524,0.0,0.16078431372549018,0.203125,0.15476190476190477,0.13725490196078433,0.0,0.0,0.0,0.6039215686274509,0.26756254955818887,0.30318035057866477,0.0
0.4815476190476191,0.0,0.047058823529411764,0.9583333333333333,0.503968253968254,0.0784313725490196,0.06666666666666667,0.12549019607843137,0.0,0.0784313725490196,0.08659840752844564,0.3039841889234527,0.08305917923702291
0.4,0.0,0.26666666666666666,0.0,0.615079365079365,0.11372549019607843,0.592156862745098,0.00784313725490196,0.9043062200956937,0.0,0.38268031849431083,0.23986749309305136,0.14662731084794045
0.5047619047619049,0.0,0.0196078431372549,0.16666666666666666,0.6507936507936507,0.40784313725490196,0.4588235294117647,0.0,0.0,0.611764705882353,0.1480409554829326,0.3033937636105326,0.06432241718330932
0.18154761904761907,0.0,0.8784313725490196,0.6614583333333333,0.0,0.0,0.22745098039215686,0.4980392156862745,0.009569377990430622,0.14901960784313725,0.08659840752844564,0.3723078914054457,0.18616587519465053
0.4702380952380953,0.0,0.0196078431372549,0.171875,0.2857142857142857,0.0392156862745098,0.12941176470588234,0.12156862745098039,0.0,0.43529411764705883,0.38268031849431083,0.23771385305977372,0.20178018719458787
0.6476190476190476,0.0,1.0,0.0,0.0,0.0,1.0,0.796078431372549,0.03827751196172249,0.0,0.38268031849431083,0.2386604564425793,0.0633219810935647
0.18154761904761907,0.0,0.9490196078431372,0.6614583333333333,0.0,0.0,0.2196078431372549,0.4980392156862745,0.0,0.10980392156862745,0.36409660676800104,0.2482860375209883,0.21249300620459136
0.4190476190476191,0.0,0.0784313725490196,0.0,0.0,0.0,0.0,0.0,0.0,0.0,0.34374045372979056,0.23976710749994717,0.0
0.2017857142857143,0.0,0.0,0.171875,0.06349206349206349,1.0,0.0,1.0,0.0,0.0,0.1480409554829326,0.2590754798108244,0.0
0.4,0.0,0.01568627450980392,0.0,0.611111111111111,0.11372549019607843,0.592156862745098,0.00784313725490196,0.9043062200956937,0.0,0.36409660676800104,0.2406415394740922,0.07936191258484337
0.1904761904761905,0.0,0.0,0.0,0.0,0.0,0.0784313725490196,0.12549019607843137,0.20574162679425836,0.16078431372549018,0.26756254955818887,0.22758937725948616,0.14017255047136012
0.4815476190476191,0.0,0.5254901960784314,0.9895833333333333,0.503968253968254,0.0784313725490196,0.06666666666666667,0.12549019607843137,0.0,0.0784313725490196,0.38268031849431083,0.23158918496206415,0.07043652864832402
0.23750000000000002,0.0,0.996078431372549,0.43229166666666663,0.0,0.0,0.0,0.23529411764705882,0.0,0.0,0.38268031849431083,0.23666341219059622,0.13405521076163754
0.8029761904761905,0.0,0.8470588235294118,0.453125,0.0,0.5372549019607843,0.0,0.0,0.0,0.0,0.38268031849431083,0.23881159920810854,0.10780247969999054
0.4190476190476191,0.0,0.0784313725490196,0.0,0.0,0.0,0.0,0.0,0.0,0.0,0.38268031849431083,0.23870366350412195,0.0
0.0,0.0,0.0,0.0,0.0,0.0,0.0,0.0,0.0,0.0,0.7499886843171251,0.04057847125969615,0.0
0.0,0.0,0.0,0.0,0.0,0.0,0.0,0.0,0.0,0.0,0.5216314786779912,0.1803454578486334,0.0
0.0,0.0,0.0,0.0,0.0,0.0,0.0,0.0,0.0,0.0,0.6917103120481284,0.03997643700809555,0.0
0.0,0.0,0.0,0.0,0.0,0.0,0.0,0.0,0.0,0.0,0.8418349713984037,0.04030958998714853,0.0
0.4702380952380953,0.0,0.0196078431372549,0.171875,0.47619047619047616,0.03529411764705882,0.12941176470588234,0.12941176470588234,0.0,0.43529411764705883,0.38268031849431083,0.2388310152160487,0.18476924437563144
0.5238095238095238,0.0,0.0,0.16666666666666666,0.0,0.0,0.0,0.0,0.0,0.0,0.1480409554829326,0.30263969405968055,0.0
0.7523809523809525,0.0,0.0,0.0,0.0,0.5019607843137255,0.0,0.4117647058823529,1.0,0.07450980392156863,0.26756254955818887,0.30216120181059425,0.0
0.5047619047619049,0.0,0.0196078431372549,0.16666666666666666,0.5873015873015872,0.40784313725490196,0.4588235294117647,0.0,0.0,0.6745098039215687,0.38268031849431083,0.21153427841976782,0.06430839330360202
0.1904761904761905,0.0,0.0,0.0,0.0,0.0,0.01568627450980392,0.011764705882352941,0.19617224880382775,0.6666666666666666,0.38268031849431083,0.22933685040222682,0.15476790393089454
0.4702380952380953,0.0,0.0196078431372549,0.18229166666666666,0.4444444444444444,0.03529411764705882,0.13725490196078433,0.13333333333333333,0.0,0.42745098039215684,0.36409660676800104,0.23981197314456515,0.3044279598582344
0.5238095238095238,0.0,0.0,0.16666666666666666,0.0,0.0,0.0,0.0,0.0,0.0,0.36409660676800104,0.23909168572488396,0.0
0.4,0.0,0.39215686274509803,0.0,0.611111111111111,0.11372549019607843,0.592156862745098,0.00784313725490196,0.9043062200956937,0.0,0.08659840752844564,0.29986460708357965,0.07945982888469613
0.7148809523809524,0.0,0.16078431372549018,0.203125,0.15476190476190477,0.13725490196078433,0.0,0.0,0.0,0.6039215686274509,0.26756254955818887,0.3031679156184103,0.0
0.7523809523809525,0.0,0.0,0.0,0.0,0.5019607843137255,0.0,0.4117647058823529,1.0,0.07450980392156863,0.26756254955818887,0.30319052348217784,0.0
0.4815476190476191,0.0,0.047058823529411764,0.9375,0.503968253968254,0.0784313725490196,0.06666666666666667,0.12549019607843137,0.0,0.0784313725490196,0.38268031849431083,0.2388763045174522,0.12824894688168853
0.6476190476190476,0.0,1.0,0.0,0.0,0.0,1.0,0.7843137254901961,0.03827751196172249,0.0,0.36409660676800104,0.23890433043271583,0.05956890489190951
0.5238095238095238,0.0,0.0,0.16666666666666666,0.0,0.0,0.0,0.0,0.0,0.0,0.36409660676800104,0.23514393506970574,0.0
0.4815476190476191,0.0,0.25098039215686274,0.984375,0.503968253968254,0.0784313725490196,0.06666666666666667,0.12549019607843137,0.0,0.0784313725490196,0.38268031849431083,0.23639629827428066,0.06768082350120767
0.4815476190476191,0.0,0.047058823529411764,0.9583333333333333,0.503968253968254,0.0784313725490196,0.06666666666666667,0.12549019607843137,0.0,0.0784313725490196,0.36409660676800104,0.23969656347693727,0.08305917923702291
0.1904761904761905,0.0,0.0,0.0,0.0,0.0,0.047058823529411764,0.16078431372549018,0.1770334928229665,0.5529411764705883,0.38268031849431083,0.22873707265129983,0.08341892872126917
0.18154761904761907,0.0,0.9137254901960784,0.6614583333333333,0.0,0.0,0.2196078431372549,0.4980392156862745,0.023923444976076555,0.9764705882352941,0.38268031849431083,0.22828485661525433,0.18471743854482248
0.36190476190476195,0.0,0.10196078431372549,0.18229166666666666,0.1388888888888889,0.18823529411764706,0.03137254901960784,0.5568627450980392,0.5358851674641149,0.00392156862745098,0.38268031849431083,0.2472507683256016,0.2441824585386916
0.0,0.0,0.0,0.0,0.0,0.0,0.0,0.0,0.0,0.0,0.5478166315806011,0.18594456005060206,0.0
0.18095238095238098,0.0,0.09411764705882353,0.6666666666666666,0.0,1.0,0.18823529411764706,0.5019607843137255,0.009569377990430622,0.7372549019607844,0.29608191096586517,0.25834759061150714,0.14082196688971454
0.0011904761904761906,0.0,0.0,0.0,0.0,0.0,0.0,0.01568627450980392,0.03827751196172249,0.8117647058823529,0.38268031849431083,0.2561386959136992,0.06928978155857986
0.36190476190476195,0.0,0.10588235294117647,0.18229166666666666,0.1388888888888889,0.18823529411764706,0.03137254901960784,0.5568627450980392,0.5215311004784688,0.07450980392156863,0.36409660676800104,0.2399571138241943,0.2399354784994036
0.0,0.0,0.0,0.0,0.0,0.0,0.0,0.0,0.0,0.0,0.7499886843171251,0.04051527036496808,0.0
0.4190476190476191,0.0,0.0784313725490196,0.0,0.0,0.0,0.0,0.0,0.0,0.0,0.36409660676800104,0.23895820426377093,0.0
0.6380952380952382,0.0,0.0,0.0,0.0,0.0,0.0,0.0,0.0,0.0,0.23463936301137822,0.30328090364392846,0.0
0.0011904761904761906,0.0,0.0,0.0,0.0,0.0,0.0,0.011764705882352941,0.0,0.8705882352941177,0.36409660676800104,0.2584078609733565,0.15000872940733
0.7523809523809525,0.0,0.0,0.0,0.0,0.5019607843137255,0.0,0.4117647058823529,1.0,0.07450980392156863,0.23463936301137822,0.3040492026387227,0.0
0.4,0.0,0.39215686274509803,0.0,0.611111111111111,0.11372549019607843,0.592156862745098,0.00784313725490196,0.9043062200956937,0.0,0.08659840752844564,0.44751319933263395,0.07945982888469613
0.2017857142857143,0.0,0.0,0.171875,0.06349206349206349,1.0,0.0,1.0,0.0,0.0,0.38268031849431083,0.24317839500789265,0.0
0.1904761904761905,0.0,0.0,0.0,0.0,0.0,0.054901960784313725,0.13333333333333333,0.17224880382775118,0.11372549019607843,0.38268031849431083,0.24768985337825622,0.12422708403672071
0.0011904761904761906,0.0,0.0,0.0,0.0,0.0,0.0,0.03137254901960784,0.014354066985645932,0.4666666666666667,0.36409660676800104,0.21195898668462648,0.09476919491846855
0.5238095238095238,0.0,0.0,0.16666666666666666,0.0,0.0,0.0,0.0,0.0,0.0,0.36409660676800104,0.2420799878460309,0.0
0.1904761904761905,0.0,0.0,0.0,0.0,0.0,0.06274509803921569,0.043137254901960784,0.15311004784688995,0.10588235294117647,0.36409660676800104,0.27185441027745266,0.1875211365798354
0.18154761904761907,0.0,0.0,0.6666666666666666,0.0,0.0,0.14901960784313725,0.4980392156862745,0.07177033492822966,0.6745098039215687,0.1480409554829326,0.22316750192253018,0.20874161950129838
0.0,0.0,0.0,0.0,0.0,0.0,0.0,0.0,0.0,0.0,0.9770574032614597,0.040909619451805775,0.0
0.1904761904761905,0.0,0.0,0.0,0.0,0.0,0.08627450980392157,0.12549019607843137,0.2200956937799043,0.2627450980392157,0.38268031849431083,0.2472666248844074,0.15959934173560494
0.6476190476190476,0.0,1.0,0.0,0.0,0.0,1.0,0.6235294117647059,0.043062200956937795,0.0,0.38268031849431083,0.2387684389649113,0.09175893958681866
0.7523809523809525,0.0,0.0,0.0,0.0,0.5019607843137255,0.0,0.4117647058823529,1.0,0.07450980392156863,0.1956994982468579,0.29820896102725,0.0
0.2017857142857143,0.0,0.0,0.171875,0.06349206349206349,1.0,0.0,1.0,0.0,0.0,0.38268031849431083,0.23420156130769812,0.0
0.0,0.0,0.0,0.0,0.0,0.0,0.0,0.0,0.0,0.0,0.6649782242696144,0.06901846922154783,0.0
0.6476190476190476,0.0,1.0,0.0,0.0,0.0,1.0,0.6,0.043062200956937795,0.0,0.08659840752844564,0.43774065293529374,0.09867968850820491
0.4702380952380953,0.0,0.0196078431372549,0.17708333333333331,0.1111111111111111,0.0392156862745098,0.13333333333333333,0.11764705882352941,0.0,0.43529411764705883,0.36409660676800104,0.2299990603614502,0.21612296114134058
0.0,0.0,0.0,0.0,0.0,0.0,0.0,0.0,0.0,0.0,0.49178140921272306,0.18555858202456182,0.0
0.5238095238095238,0.0,0.0,0.16666666666666666,0.0,0.0,0.0,0.0,0.0,0.0,0.36409660676800104,0.2517540837120047,0.0
0.36190476190476195,0.0,0.09803921568627451,0.171875,0.1349206349206349,0.18823529411764706,0.03137254901960784,0.5568627450980392,0.507177033492823,0.0392156862745098,0.38268031849431083,0.2394974882949019,0.17623177532431328
0.4,0.0,0.26666666666666666,0.0,0.611111111111111,0.11372549019607843,0.592156862745098,0.00784313725490196,0.9043062200956937,0.0,0.38268031849431083,0.23724373094805432,0.0391451422959784
0.4702380952380953,0.0,0.0196078431372549,0.171875,0.4126984126984127,0.03529411764705882,0.12941176470588234,0.12941176470588234,0.0,0.43529411764705883,0.38268031849431083,0.22990236868219907,0.16964071792024565
0.5238095238095238,0.0,0.0,0.16666666666666666,0.0,0.0,0.0,0.0,0.0,0.0,0.36409660676800104,0.23974146090987006,0.0
0.7523809523809525,0.0,0.0,0.0,0.0,0.5019607843137255,0.0,0.4117647058823529,1.0,0.07450980392156863,0.1480409554829326,0.36931681022033386,0.0
0.18095238095238098,0.0,0.050980392156862744,0.6666666666666666,0.0,1.0,0.9058823529411765,0.4980392156862745,0.05263157894736842,0.7176470588235294,0.34374045372979056,0.30689471940325735,0.25619082302977836
0.8029761904761905,0.0,0.8470588235294118,0.0,0.0,0.5372549019607843,0.0,0.0,0.0,0.0,0.36409660676800104,0.24006156950131433,0.04906614384407297
0.7148809523809524,0.0,0.16078431372549018,0.203125,0.15476190476190477,0.13725490196078433,0.0,0.0,0.0,0.6039215686274509,0.23463936301137822,0.30330461484968674,0.0
0.6476190476190476,0.0,1.0,0.0,0.0,0.0,1.0,0.7294117647058823,0.03827751196172249,0.0,0.36409660676800104,0.2399293826922976,0.04159241297778017
0.18095238095238098,0.0,0.043137254901960784,0.6666666666666666,0.0,1.0,0.00784313725490196,0.5019607843137255,0.03349282296650718,0.6274509803921569,0.36409660676800104,0.2279533650912112,0.1279451883049165
0.18095238095238098,0.0,0.09411764705882353,0.6666666666666666,0.0,1.0,0.13333333333333333,0.5019607843137255,0.014354066985645932,0.7294117647058823,0.36409660676800104,0.2294554256247832,0.1380884051090674
0.18154761904761907,0.0,0.9137254901960784,0.6614583333333333,0.0,0.0,0.2588235294117647,0.4980392156862745,0.06698564593301436,0.44313725490196076,0.38268031849431083,0.24325683312306653,0.1767723642160862
0.6476190476190476,0.0,1.0,0.0,0.0,0.0,1.0,0.788235294117647,0.03827751196172249,0.0,0.38268031849431083,0.2388763045174522,0.060823696400678307
0.23750000000000002,0.0,0.996078431372549,0.46875,0.0,0.0,0.0,0.2549019607843137,0.0,0.0,0.38268031849431083,0.23915620934958529,0.07118281869104108
0.4,0.0,0.1411764705882353,0.0,0.611111111111111,0.11372549019607843,0.592156862745098,0.00784313725490196,0.9043062200956937,0.0,0.36409660676800104,0.2355482802755108,0.03903726011546839
0.0011904761904761906,0.0,0.0,0.0,0.0,0.0,0.0,0.03137254901960784,0.023923444976076555,0.22352941176470587,0.1480409554829326,0.30319052348217784,0.1112222168134359
0.6476190476190476,0.0,1.0,0.0,0.0,0.0,1.0,0.8352941176470589,0.03827751196172249,0.0,0.36409660676800104,0.23888708464912065,0.0755931797238049
0.4702380952380953,0.0,0.0196078431372549,0.17708333333333331,0.3968253968253968,0.03529411764705882,0.13333333333333333,0.12941176470588234,0.0,0.43529411764705883,0.36409660676800104,0.23943532959770475,0.11169208403898792
0.7523809523809525,0.0,0.0,0.0,0.0,0.5019607843137255,0.0,0.4117647058823529,1.0,0.07450980392156863,0.23463936301137822,0.3039797036539285,0.0
0.6476190476190476,0.0,1.0,0.0,0.0,0.0,1.0,0.7529411764705882,0.03827751196172249,0.0,0.36409660676800104,0.23910244256618957,0.04939193685648734
0.4702380952380953,0.0,0.0196078431372549,0.171875,0.42857142857142855,0.03529411764705882,0.12941176470588234,0.12549019607843137,0.0,0.43529411764705883,0.38268031849431083,0.23943532959770475,0.15921116017830791
0.18154761904761907,0.0,0.9490196078431372,0.6614583333333333,0.0,0.0,0.16862745098039217,0.4980392156862745,0.07177033492822966,0.2,0.38268031849431083,0.23875116962829712,0.22483818718336054
0.5047619047619049,0.0,0.0196078431372549,0.16666666666666666,0.6507936507936507,0.40784313725490196,0.4588235294117647,0.0,0.0,0.611764705882353,0.38268031849431083,0.2386690993548302,0.06432241718330932
0.4815476190476191,0.0,0.047058823529411764,0.984375,0.503968253968254,0.0784313725490196,0.06666666666666667,0.12549019607843137,0.0,0.0784313725490196,0.38268031849431083,0.23927439418231305,0.09611920969509093
0.4,0.0,0.1411764705882353,0.0,0.611111111111111,0.11372549019607843,0.592156862745098,0.00784313725490196,0.9043062200956937,0.0,0.0,0.5049262604110283,0.03903726011546839
0.6470238095238096,0.0,0.0,0.3333333333333333,0.38095238095238093,1.0,0.49411764705882355,0.8509803921568627,0.03827751196172249,0.0,0.38268031849431083,0.23868854316503496,0.08219078234506566
0.5047619047619049,0.0,0.0196078431372549,0.16666666666666666,0.7777777777777777,0.40784313725490196,0.4588235294117647,0.0,0.0,0.9882352941176471,0.36409660676800104,0.23869502359149547,0.13508826167486768
0.09523809523809525,0.0,0.3529411764705882,0.6770833333333333,0.20634920634920634,0.0392156862745098,0.0,0.12156862745098039,0.009569377990430622,0.0,0.0,0.46047534529554573,0.15578816745356386
0.1904761904761905,0.0,0.0,0.0,0.0,0.0,0.06274509803921569,0.043137254901960784,0.16267942583732056,0.12941176470588234,0.36409660676800104,0.2480936025488008,0.17010082866449575
0.18095238095238098,0.0,0.10588235294117647,0.6666666666666666,0.0,1.0,0.00392156862745098,0.5019607843137255,0.06698564593301436,0.3764705882352941,0.36409660676800104,0.24713374816114575,0.1676230853449361
0.0,0.0,0.0,0.0,0.0,0.0,0.0,0.0,0.0,0.0,0.5121375622509337,0.28944148481592935,0.0
0.4702380952380953,0.0,0.0196078431372549,0.17708333333333331,0.49206349206349204,0.03529411764705882,0.13333333333333333,0.12941176470588234,0.0,0.43529411764705883,0.36409660676800104,0.2401339846117965,0.13744326298185078
0.0,0.0,0.0,0.0,0.0,0.0,0.0,0.0,0.0,0.0,0.9748441404260412,0.1853262750302906,0.0
0.23750000000000002,0.0,0.996078431372549,0.47916666666666663,0.0,0.0,0.0,0.23529411764705882,0.0,0.0,0.34374045372979056,0.23572647449808895,0.07819619029941431
0.0,0.0,0.0,0.0,0.0,0.0,0.0,0.0,0.0,0.0,0.6831660545993103,0.03328920138394641,0.0
0.4,0.0,0.01568627450980392,0.0,0.611111111111111,0.11372549019607843,0.592156862745098,0.00784313725490196,0.9043062200956937,0.0,0.34374045372979056,0.30371021709567647,0.07936191258484337
0.6470238095238096,0.0,0.0,0.3333333333333333,0.38095238095238093,1.0,0.49411764705882355,0.6313725490196078,0.043062200956937795,0.0,0.34374045372979056,0.23909383718610724,0.09114836801191872
0.5047619047619049,0.0,0.0196078431372549,0.16666666666666666,0.7777777777777777,0.40784313725490196,0.4588235294117647,0.0,0.0,0.9882352941176471,0.38268031849431083,0.24053557023491084,0.13508826167486768
0.2017857142857143,0.0,0.0,0.171875,0.06349206349206349,1.0,0.0,1.0,0.0,0.0,0.38268031849431083,0.23420156130769812,0.0
0.18095238095238098,0.0,0.06274509803921569,0.6666666666666666,0.0,1.0,0.08627450980392157,0.5019607843137255,0.009569377990430622,0.3568627450980392,0.38268031849431083,0.24640673683109787,0.14035408956678774
0.0,0.0,0.0,0.0,0.0,0.0,0.0,0.0,0.0,0.0,0.8245667461592844,0.032999869532522284,0.0
0.0011904761904761906,0.0,0.0,0.0,0.0,0.0,0.0,0.03137254901960784,0.004784688995215311,0.30196078431372547,0.38268031849431083,0.22954308047626476,0.1343291283887379
0.4702380952380953,0.0,0.0196078431372549,0.17708333333333331,0.38095238095238093,0.03529411764705882,0.13333333333333333,0.12549019607843137,0.0,0.43529411764705883,0.38268031849431083,0.22512983485820806,0.09046512519776138
0.8029761904761905,0.0,0.8470588235294118,0.0,0.0,0.5411764705882353,0.0,0.0,0.0,0.0,0.38268031849431083,0.2396687596799838,0.061830499129058164
0.0,0.0,0.0,0.0,0.0,0.0,0.0,0.0,0.0,0.0,0.6696724341609238,0.040641632066982215,0.0
0.6470238095238096,0.0,0.0,0.3333333333333333,0.38095238095238093,1.0,0.49411764705882355,0.6627450980392157,0.043062200956937795,0.0,0.38268031849431083,0.23875116962829712,0.08171444263188687
0.0,0.0,0.0,0.0,0.0,0.0,0.0,0.0,0.0,0.0,0.5216314786779912,0.18549963474471634,0.0
0.18154761904761907,0.0,0.8980392156862745,0.6614583333333333,0.0,0.0,0.30196078431372547,0.4980392156862745,0.05263157894736842,0.14509803921568626,0.38268031849431083,0.22849566774976884,0.20765975858500388
0.6476190476190476,0.0,1.0,0.0,0.0,0.0,1.0,0.8901960784313725,0.03827751196172249,0.0,0.38268031849431083,0.24249045270861383,0.09218653923425667
0.0,0.0,0.0,0.0,0.0,0.0,0.0,0.0,0.0,0.0,0.617319681505689,0.040641632066982215,0.0
0.36190476190476195,0.0,0.09411764705882353,0.16666666666666666,0.13095238095238093,0.18823529411764706,0.03137254901960784,0.5607843137254902,0.5167464114832536,0.17254901960784313,0.36409660676800104,0.24051648378980786,0.2610251097689422
0.2017857142857143,0.0,0.0,0.171875,0.06349206349206349,1.0,0.0,1.0,0.0,0.0,0.1480409554829326,0.2912366711140071,0.0
0.0,0.0,0.0,0.0,0.0,0.0,0.0,0.0,0.0,0.0,0.38268031849431083,0.040499463871658384,0.0
0.5238095238095238,0.0,0.0,0.16666666666666666,0.0,0.0,0.0,0.0,0.0,0.0,0.38268031849431083,0.23872310056707488,0.0
0.29583333333333334,0.0,0.03137254901960784,0.0,0.0,0.0,0.0,0.0,0.0,0.0,0.23463936301137822,0.30316226285037334,0.0
0.0,0.0,0.0,0.0,0.0,0.0,0.0,0.0,0.0,0.0,0.43033886125823617,0.18806086023276822,0.0
0.4190476190476191,0.0,0.0784313725490196,0.0,0.0,0.0,0.0,0.0,0.0,0.0,0.38268031849431083,0.2387338972962193,0.0
0.1904761904761905,0.0,0.0,0.0,0.0,0.0,0.054901960784313725,0.13725490196078433,0.19617224880382775,0.8156862745098039,0.38268031849431083,0.22848609510133946,0.0999550333447482
0.6476190476190476,0.0,1.0,0.0,0.0,0.0,1.0,0.796078431372549,0.03827751196172249,0.0,0.36409660676800104,0.24034879003603765,0.0633219810935647
0.18154761904761907,0.0,0.9686274509803922,0.6614583333333333,0.0,0.0,0.2901960784313725,0.4980392156862745,0.014354066985645932,0.26666666666666666,0.36409660676800104,0.22887782104211485,0.2009195625183705
0.0011904761904761906,0.0,0.0,0.0,0.0,0.0,0.0,0.00392156862745098,0.019138755980861243,0.19607843137254902,0.38268031849431083,0.24716747994136484,0.13194679377078214
0.2017857142857143,0.0,0.0,0.171875,0.06349206349206349,1.0,0.0,1.0,0.0,0.0,0.38268031849431083,0.24106851078701413,0.0
0.7148809523809524,0.0,0.16078431372549018,0.203125,0.15476190476190477,0.13725490196078433,0.0,0.0,0.0,0.6039215686274509,0.23463936301137822,0.3030536674301311,0.0
0.0011904761904761906,0.0,0.0,0.0,0.0,0.0,0.0,0.011764705882352941,0.03827751196172249,0.21176470588235294,0.38268031849431083,0.2511554954559804,0.07902855969984876
0.36190476190476195,0.0,0.09411764705882353,0.171875,0.13095238095238093,0.18823529411764706,0.03137254901960784,0.5607843137254902,0.5311004784688995,0.023529411764705882,0.36409660676800104,0.23941817554047504,0.23895496846907488
0.0,0.0,0.0,0.0,0.0,0.0,0.0,0.0,0.0,0.0,0.6552684635065269,0.039578367520394175,0.0
0.2017857142857143,0.0,0.0,0.171875,0.06349206349206349,1.0,0.0,1.0,0.0,0.0,0.38268031849431083,0.24947943402906117,0.0
0.5238095238095238,0.0,0.0,0.16666666666666666,0.0,0.0,0.0,0.0,0.0,0.0,0.36409660676800104,0.23891295220460004,0.0
0.2017857142857143,0.0,0.0,0.171875,0.06349206349206349,1.0,0.0,1.0,0.0,0.0,0.38268031849431083,0.24322175002482235,0.0
0.2017857142857143,0.0,0.0,0.171875,0.06349206349206349,1.0,0.0,1.0,0.0,0.0,0.38268031849431083,0.24526876825458624,0.0
0.6380952380952382,0.0,0.0,0.0,0.0,0.0,0.0,0.0,0.0,0.0,0.23463936301137822,0.30337571460947255,0.0
0.4702380952380953,0.0,0.0196078431372549,0.17708333333333331,0.36507936507936506,0.03529411764705882,0.13333333333333333,0.12941176470588234,0.0,0.43529411764705883,0.38268031849431083,0.23891295220460004,0.10274149586583048
0.6476190476190476,0.0,1.0,0.0,0.0,0.0,1.0,0.5529411764705883,0.043062200956937795,0.0,0.1480409554829326,0.3040727316246284,0.11218505402276749
0.4,0.0,0.1411764705882353,0.0,0.611111111111111,0.11372549019607843,0.592156862745098,0.00784313725490196,0.9043062200956937,0.0,0.38268031849431083,0.2390572560219698,0.03903726011546839
0.1904761904761905,0.0,0.0,0.0,0.0,0.0,0.09411764705882353,0.1411764705882353,0.20574162679425836,0.054901960784313725,0.36409660676800104,0.22816487843299438,0.17896806381474456
0.4190476190476191,0.0,0.0784313725490196,0.0,0.0,0.0,0.0,0.0,0.0,0.0,0.38268031849431083,0.23870582336515153,0.0
0.0,0.0,0.0,0.0,0.0,0.0,0.0,0.0,0.0,0.0,0.8008114027665407,0.03989695031370284,0.0
0.23750000000000002,0.0,0.996078431372549,0.47916666666666663,0.0,0.0,0.0,0.23529411764705882,0.0,0.0,0.38268031849431083,0.23873173804403924,0.07819619029941431
0.4190476190476191,0.0,0.0784313725490196,0.0,0.0,0.0,0.0,0.0,0.0,0.0,0.38268031849431083,0.2400359986485889,0.0
0.4190476190476191,0.0,0.0784313725490196,0.0,0.0,0.0,0.0,0.0,0.0,0.0,0.38268031849431083,0.23873173804403924,0.0
0.4815476190476191,0.0,0.5254901960784314,0.9635416666666666,0.503968253968254,0.0784313725490196,0.06666666666666667,0.12549019607843137,0.0,0.0784313725490196,0.38268031849431083,0.22659186287966626,0.030280014737199847
0.6476190476190476,0.0,1.0,0.0,0.0,0.0,1.0,0.8431372549019608,0.03827751196172249,0.0,0.0,0.5648093285902921,0.07800457068648094
0.36190476190476195,0.0,0.10980392156862745,0.19791666666666666,0.15079365079365079,0.18823529411764706,0.03137254901960784,0.5607843137254902,0.5454545454545454,0.023529411764705882,0.3212377705398239,0.23991231354103376,0.4612468278080287
0.8029761904761905,0.0,0.8470588235294118,0.0,0.0,0.5372549019607843,0.0,0.0,0.0,0.0,0.29608191096586517,0.3364479190699664,0.04906614384407297
0.5047619047619049,0.0,0.0196078431372549,0.16666666666666666,0.14285714285714285,0.40784313725490196,0.47058823529411764,0.0,0.0,0.06666666666666667,0.36409660676800104,0.23792087649544602,0.1801704524709755
0.36190476190476195,0.0,0.09803921568627451,0.171875,0.13095238095238093,0.18823529411764706,0.03137254901960784,0.5607843137254902,0.5167464114832536,0.03137254901960784,0.38268031849431083,0.2319781585258557,0.21157075353977212
0.4190476190476191,0.0,0.0784313725490196,0.0,0.0,0.0,0.0,0.0,0.0,0.0,0.36409660676800104,0.2391304049166276,0.0
0.6380952380952382,0.0,0.0,0.0,0.0,0.0,0.0,0.0,0.0,0.0,0.1956994982468579,0.30318035057866477,0.0
0.4815476190476191,0.0,0.5254901960784314,0.9583333333333333,0.503968253968254,0.0784313725490196,0.06666666666666667,0.12549019607843137,0.0,0.0784313725490196,0.36409660676800104,0.24172860507079202,0.043612396678005066
0.5238095238095238,0.0,0.0,0.16666666666666666,0.0,0.0,0.0,0.0,0.0,0.0,0.38268031849431083,0.23892157323004773,0.0
0.5238095238095238,0.0,0.0,0.16666666666666666,0.0,0.0,0.0,0.0,0.0,0.0,0.26756254955818887,0.3434507595231317,0.0
0.29583333333333334,0.0,0.03137254901960784,0.0,0.0,0.0,0.0,0.0,0.0,0.0,0.26756254955818887,0.3031486948976991,0.0
0.5047619047619049,0.0,0.0196078431372549,0.16666666666666666,0.7777777777777777,0.40784313725490196,0.4627450980392157,0.0,0.0,1.0,0.36409660676800104,0.24000828947945171,0.1271540402276252
0.8029761904761905,0.0,0.8470588235294118,0.0,0.0,0.5372549019607843,0.0,0.0,0.0,0.0,0.36409660676800104,0.2387144623408223,0.04906614384407297
0.36190476190476195,0.0,0.09803921568627451,0.171875,0.13095238095238093,0.18823529411764706,0.03137254901960784,0.5607843137254902,0.5023923444976076,0.043137254901960784,0.36409660676800104,0.24357613959608043,0.23240241537951398
0.29583333333333334,0.0,0.03137254901960784,0.0,0.0,0.0,0.0,0.0,0.0,0.0,0.1480409554829326,0.30338925166695924,0.0
0.23750000000000002,0.0,0.996078431372549,0.4583333333333333,0.0,0.0,0.0,0.2549019607843137,0.0,0.0,0.38268031849431083,0.23796658154201908,0.08563671315738511
0.5047619047619049,0.0,0.0196078431372549,0.16666666666666666,0.9682539682539681,0.40784313725490196,0.4627450980392157,0.0,0.0,0.8117647058823529,0.36409660676800104,0.24118444894973734,0.12719021164081873
0.36190476190476195,0.0,0.10196078431372549,0.17708333333333331,0.1349206349206349,0.18823529411764706,0.03137254901960784,0.5568627450980392,0.5119617224880383,0.09411764705882353,0.36409660676800104,0.23652442576565302,0.13755551134505528
0.6476190476190476,0.0,1.0,0.0,0.0,0.0,1.0,0.580392156862745,0.043062200956937795,0.0,0.38268031849431083,0.2391282542453439,0.10436030427939513
0.7148809523809524,0.0,0.16078431372549018,0.203125,0.15476190476190477,0.13725490196078433,0.0,0.0,0.0,0.6039215686274509,0.26756254955818887,0.30322894507466974,0.0
0.0,0.0,0.0,0.0,0.0,0.0,0.0,0.0,0.0,0.0,0.7228311423096268,0.03970592297413732,0.0
0.6470238095238096,0.0,0.0,0.3333333333333333,0.38095238095238093,1.0,0.49411764705882355,0.7647058823529411,0.03827751196172249,0.0,0.34374045372979056,0.2383964866100035,0.05511899574857741
0.0,0.0,0.0,0.0,0.0,0.0,0.0,0.0,0.0,0.0,0.687480907459581,0.040372921518221534,0.0
0.0,0.0,0.0,0.0,0.0,0.0,0.0,0.0,0.0,0.0,0.8865706031157584,0.04038874810941524,0.0
0.0011904761904761906,0.0,0.0,0.0,0.0,0.0,0.0,0.00392156862745098,0.009569377990430622,0.48627450980392156,0.36409660676800104,0.24716747994136484,0.1098732902257016
0.4190476190476191,0.0,0.0784313725490196,0.0,0.0,0.0,0.0,0.0,0.0,0.0,0.38268031849431083,0.23863236179580238,0.0
0.36190476190476195,0.0,0.09803921568627451,0.171875,0.13095238095238093,0.18823529411764706,0.03137254901960784,0.5568627450980392,0.49760765550239233,0.050980392156862744,0.38268031849431083,0.23948034494319873,0.22486038907762504
0.23750000000000002,0.0,0.996078431372549,0.47916666666666663,0.0,0.0,0.0,0.2549019607843137,0.0,0.0,0.38268031849431083,0.23850475560611503,0.10082866035314096
0.36190476190476195,0.0,0.09803921568627451,0.17708333333333331,0.1349206349206349,0.18823529411764706,0.03137254901960784,0.5568627450980392,0.5263157894736842,0.08627450980392157,0.34374045372979056,0.239499631006359,0.0818937212407724
0.0011904761904761906,0.0,0.0,0.0,0.0,0.0,0.0,0.0,0.028708133971291863,0.26666666666666666,0.08659840752844564,0.4528859752539194,0.11760734849295168
0.18154761904761907,0.0,0.10588235294117647,0.6666666666666666,0.0,0.0,0.22352941176470587,0.4980392156862745,0.07177033492822966,0.7450980392156863,0.26756254955818887,0.3038057436820511,0.17499509558483903
0.0,0.0,0.0,0.0,0.0,0.0,0.0,0.0,0.0,0.0,0.555877133551202,0.0685782695520995,0.0
0.0,0.0,0.0,0.0,0.0,0.0,0.0,0.0,0.0,0.0,0.7499886843171251,0.03964216567148568,0.0
0.0011904761904761906,0.0,0.0,0.0,0.0,0.0,0.0,0.00392156862745098,0.04784688995215311,0.580392156862745,0.38268031849431083,0.24708412183514467,0.09286532998396073
0.4702380952380953,0.0,0.0196078431372549,0.17708333333333331,0.42857142857142855,0.03529411764705882,0.13333333333333333,0.12941176470588234,0.0,0.43529411764705883,0.36409660676800104,0.23899482182723183,0.12045413370535346
0.4190476190476191,0.0,0.0784313725490196,0.0,0.0,0.0,0.0,0.0,0.0,0.0,0.36409660676800104,0.24052708782206794,0.0
0.4815476190476191,0.0,0.5254901960784314,0.9947916666666666,0.503968253968254,0.0784313725490196,0.06666666666666667,0.12549019607843137,0.0,0.0784313725490196,0.36409660676800104,0.2400274735716038,0.08255974293744939
0.0,0.0,0.0,0.0,0.0,0.0,0.0,0.0,0.0,0.0,0.6344150391090467,0.02965476334274653,0.0
0.5047619047619049,0.0,0.0196078431372549,0.16666666666666666,0.3968253968253968,0.40784313725490196,0.4666666666666667,0.0,0.0,0.3686274509803922,0.38268031849431083,0.2365619491538982,0.08192610008523295
0.4,0.0,0.26666666666666666,0.0,0.611111111111111,0.11372549019607843,0.592156862745098,0.00784313725490196,0.9043062200956937,0.0,0.08659840752844564,0.4090332359329554,0.0391451422959784
0.8029761904761905,0.0,0.8470588235294118,0.0,0.0,0.5372549019607843,0.0,0.0,0.0,0.0,0.36409660676800104,0.2416762098196789,0.04906614384407297
0.23750000000000002,0.0,0.996078431372549,0.46875,0.0,0.0,0.0,0.2549019607843137,0.0,0.0,0.36409660676800104,0.24034029169694307,0.07118281869104108
0.5238095238095238,0.0,0.0,0.16666666666666666,0.0,0.0,0.0,0.0,0.0,0.0,0.36409660676800104,0.23913900713729255,0.0
0.0,0.0,0.0,0.0,0.0,0.0,0.0,0.0,0.0,0.0,0.7797001118091226,0.039578367520394175,0.0
0.6380952380952382,0.0,0.0,0.0,0.0,0.0,0.0,0.0,0.0,0.0,0.23463936301137822,0.30444844125250503,0.0
0.4190476190476191,0.0,0.0784313725490196,0.0,0.0,0.0,0.0,0.0,0.0,0.0,0.1956994982468579,0.4095100000913833,0.0
0.18154761904761907,0.0,0.03529411764705882,0.6666666666666666,0.0,0.0,0.14901960784313725,0.4980392156862745,0.05263157894736842,0.3411764705882353,0.38268031849431083,0.22933447745697205,0.17588370266608713
0.18154761904761907,0.0,0.9686274509803922,0.6614583333333333,0.0,0.0,0.16470588235294117,0.4980392156862745,0.023923444976076555,0.3529411764705882,0.36409660676800104,0.23056318477651738,0.17620476724919298
0.6476190476190476,0.0,1.0,0.0,0.0,0.0,1.0,0.6196078431372549,0.043062200956937795,0.0,0.36409660676800104,0.23885905387897255,0.09292042328307494
0.6470238095238096,0.0,0.0,0.3333333333333333,0.38095238095238093,1.0,0.49411764705882355,0.5372549019607843,0.043062200956937795,0.0,0.36409660676800104,0.23868638292915811,0.11823059794955779
0.6470238095238096,0.0,0.0,0.3333333333333333,0.38095238095238093,1.0,0.49411764705882355,0.8156862745098039,0.03827751196172249,0.0,0.3212377705398239,0.23990164383548807,0.07132803374690547
0.0,0.0,0.0,0.0,0.0,0.0,0.0,0.0,0.0,0.0,0.7957259731750376,0.04051527036496808,0.0
0.18154761904761907,0.0,0.0,0.6666666666666666,0.0,0.0,0.27450980392156865,0.4980392156862745,0.03827751196172249,0.6862745098039216,0.38268031849431083,0.24744088058676747,0.1442500577070327
0.0011904761904761906,0.0,0.0,0.0,0.0,0.0,0.0,0.011764705882352941,0.004784688995215311,0.7647058823529411,0.38268031849431083,0.21721159429631184,0.12833897679193235
0.18095238095238098,0.0,0.09803921568627451,0.6666666666666666,0.0,1.0,0.13333333333333333,0.5019607843137255,0.019138755980861243,0.7058823529411764,0.38268031849431083,0.24536982082584202,0.13115971412732663
0.0,0.0,0.0,0.0,0.0,0.0,0.0,0.0,0.0,0.0,0.46927872602275644,0.18775869815760082,0.0
0.0,0.0,0.0,0.0,0.0,0.0,0.0,0.0,0.0,0.0,0.9714806385923237,0.03983331524312109,0.0
0.4702380952380953,0.0,0.0196078431372549,0.17708333333333331,0.14285714285714285,0.0392156862745098,0.13333333333333333,0.11764705882352941,0.0,0.43529411764705883,0.38268031849431083,0.24678385185568588,0.20917623024765325
0.7523809523809525,0.0,0.0,0.0,0.0,0.5019607843137255,0.0,0.4117647058823529,1.0,0.07450980392156863,0.26756254955818887,0.3030151781350097,0.0
0.4702380952380953,0.0,0.0196078431372549,0.171875,0.20634920634920634,0.0392156862745098,0.12941176470588234,0.11764705882352941,0.0,0.43529411764705883,0.38268031849431083,0.2215333857819341,0.23970449830676285
0.4,0.0,0.26666666666666666,0.0,0.611111111111111,0.11372549019607843,0.592156862745098,0.00784313725490196,0.9043062200956937,0.0,0.0,0.5222148356228017,0.0391451422959784
0.7523809523809525,0.0,0.0,0.0,0.0,0.5019607843137255,0.0,0.4117647058823529,1.0,0.07450980392156863,0.23463936301137822,0.3035740739179086,0.0
0.4815476190476191,0.0,0.047058823529411764,0.9739583333333333,0.503968253968254,0.0784313725490196,0.06666666666666667,0.12549019607843137,0.0,0.0784313725490196,0.36409660676800104,0.24005517740370735,0.07232112911621029
0.1904761904761905,0.0,0.0,0.0,0.0,0.0,0.03137254901960784,0.16078431372549018,0.20095693779904306,0.18823529411764706,0.34374045372979056,0.247341909076391,0.1379098694240119
0.4702380952380953,0.0,0.0196078431372549,0.17708333333333331,0.38095238095238093,0.03529411764705882,0.13333333333333333,0.12941176470588234,0.0,0.43529411764705883,0.38268031849431083,0.23714505177742135,0.1072408630047807
0.36190476190476195,0.0,0.10196078431372549,0.18229166666666666,0.1388888888888889,0.18823529411764706,0.03137254901960784,0.5568627450980392,0.5311004784688995,0.13725490196078433,0.36409660676800104,0.23827074691877367,0.19330211287424662
0.18154761904761907,0.0,0.07058823529411765,0.6666666666666666,0.0,0.0,0.34509803921568627,0.4980392156862745,0.057416267942583726,0.788235294117647,0.38268031849431083,0.24743296648490568,0.2133871200848462
0.6380952380952382,0.0,0.0,0.0,0.0,0.0,0.0,0.0,0.0,0.0,0.26756254955818887,0.3031995651906896,0.0
0.5238095238095238,0.0,0.0,0.16666666666666666,0.0,0.0,0.0,0.0,0.0,0.0,0.0,0.46947469749073395,0.0
0.1904761904761905,0.0,0.0,0.0,0.0,0.0,0.06274509803921569,0.2,0.19138755980861244,0.40784313725490196,0.38268031849431083,0.24690128368583023,0.11108734293239429
0.4815476190476191,0.0,0.8627450980392157,0.9479166666666666,0.503968253968254,0.0784313725490196,0.06666666666666667,0.12549019607843137,0.0,0.0784313725490196,0.36409660676800104,0.2515226762700666,0.11494955482310489
0.0,0.0,0.0,0.0,0.0,0.0,0.0,0.0,0.0,0.0,0.768306586485387,0.040704752837647844,0.0
0.5047619047619049,0.0,0.0196078431372549,0.16666666666666666,0.8412698412698412,0.40784313725490196,0.4588235294117647,0.0,0.0,0.9254901960784314,0.08659840752844564,0.4492851961487517,0.13510009136604695
0.6476190476190476,0.0,1.0,0.0,0.0,0.0,1.0,0.803921568627451,0.03827751196172249,0.0,0.36409660676800104,0.24120972662017304,0.0658053512057129
0.5047619047619049,0.0,0.0196078431372549,0.16666666666666666,0.07936507936507936,0.40784313725490196,0.4588235294117647,0.0,0.0,0.17254901960784313,0.38268031849431083,0.23932806822598654,0.13487538220206421
0.7523809523809525,0.0,0.0,0.0,0.0,0.5019607843137255,0.0,0.4117647058823529,1.0,0.07450980392156863,0.26756254955818887,0.30280095130743745,0.0
0.18154761904761907,0.0,0.0196078431372549,0.6666666666666666,0.0,0.0,0.17254901960784313,0.4980392156862745,0.06220095693779904,0.6784313725490196,0.36409660676800104,0.23847012233348816,0.18304607195772438
0.18154761904761907,0.0,0.03529411764705882,0.6666666666666666,0.0,0.0,0.2588235294117647,0.4980392156862745,0.019138755980861243,0.7294117647058823,0.38268031849431083,0.24891766754595568,0.16224684483376806
0.8029761904761905,0.0,0.8470588235294118,0.0,0.0,0.5294117647058824,0.0,0.0,0.0,0.0,0.36409660676800104,0.23181395622971082,0.029056529062786718
0.5047619047619049,0.0,0.0196078431372549,0.16666666666666666,0.6507936507936507,0.40784313725490196,0.4588235294117647,0.0,0.0,0.611764705882353,0.38268031849431083,0.23875980467097221,0.06432241718330932
0.6380952380952382,0.0,0.0,0.0,0.0,0.0,0.0,0.0,0.0,0.0,0.08659840752844564,0.40970061141197156,0.0
0.4190476190476191,0.0,0.0784313725490196,0.0,0.0,0.0,0.0,0.0,0.0,0.0,0.36409660676800104,0.24025952128162348,0.0
0.5238095238095238,0.0,0.0,0.16666666666666666,0.0,0.0,0.0,0.0,0.0,0.0,0.36409660676800104,0.23878570530710044,0.0
0.0,0.0,0.0,0.0,0.0,0.0,0.0,0.0,0.0,0.0,0.820022362968138,0.04056267479619917,0.0
0.6470238095238096,0.0,0.0,0.3333333333333333,0.38095238095238093,1.0,0.49411764705882355,0.580392156862745,0.043062200956937795,0.0,0.36409660676800104,0.255365188091505,0.10603634198508582
0.6470238095238096,0.0,0.0,0.3333333333333333,0.38095238095238093,1.0,0.49411764705882355,0.8392156862745098,0.03827751196172249,0.0,0.36409660676800104,0.23910244256618957,0.07860129244220064
0.4702380952380953,0.0,0.0196078431372549,0.17708333333333331,0.4444444444444444,0.03529411764705882,0.13333333333333333,0.12941176470588234,0.0,0.43529411764705883,0.36409660676800104,0.2396687596799838,0.12476690651649039
0.0,0.0,0.0,0.0,0.0,0.0,0.0,0.0,0.0,0.0,0.715465655440872,0.040182805960119077,0.0
0.36190476190476195,0.0,0.09803921568627451,0.17708333333333331,0.1349206349206349,0.18823529411764706,0.03137254901960784,0.5568627450980392,0.5358851674641149,0.21568627450980393,0.38268031849431083,0.23882238634656536,0.13558737126151701
0.0,0.0,0.0,0.0,0.0,0.0,0.0,0.0,0.0,0.0,0.7653606369886217,0.040436212796012436,0.0
0.2017857142857143,0.0,0.0,0.171875,0.06349206349206349,1.0,0.0,1.0,0.0,0.0,0.38268031849431083,0.2188938623065244,0.0
0.8029761904761905,0.0,0.8470588235294118,0.0,0.0,0.5254901960784314,0.0,0.0,0.0,0.0,0.38268031849431083,0.23230575304253132,0.04243987180513695
0.4702380952380953,0.0,0.0196078431372549,0.171875,0.4126984126984127,0.03529411764705882,0.12941176470588234,0.12941176470588234,0.0,0.43529411764705883,0.38268031849431083,0.22630361584534972,0.16964071792024565
0.4,0.0,0.26666666666666666,0.0,0.611111111111111,0.11372549019607843,0.592156862745098,0.00784313725490196,0.9043062200956937,0.0,0.38268031849431083,0.23647805381471276,0.0391451422959784
0.18095238095238098,0.0,0.054901960784313725,0.6666666666666666,0.0,1.0,0.20392156862745098,0.5019607843137255,0.06220095693779904,0.4196078431372549,0.38268031849431083,0.23048346119184618,0.1272090623373156
0.0,0.0,0.0,0.0,0.0,0.0,0.0,0.0,0.0,0.0,0.5121375622509337,0.25440315251480977,0.0
0.6476190476190476,0.0,1.0,0.0,0.0,0.0,1.0,0.7215686274509804,0.03827751196172249,0.0,0.36409660676800104,0.23895820426377093,0.038959732138600225
0.5238095238095238,0.0,0.0,0.16666666666666666,0.0,0.0,0.0,0.0,0.0,0.0,0.36409660676800104,0.23603311205246152,0.0
0.0,0.0,0.0,0.0,0.0,0.0,0.0,0.0,0.0,0.0,0.8762341690189347,0.04023036888906695,0.0
0.0,0.0,0.0,0.0,0.0,0.0,0.0,0.0,0.0,0.0,0.5022019125695671,0.3140790066023802,0.0
0.4815476190476191,0.0,0.5254901960784314,0.9635416666666666,0.503968253968254,0.0784313725490196,0.06666666666666667,0.12549019607843137,0.0,0.0784313725490196,0.38268031849431083,0.22807600141891768,0.030280014737199847
0.36190476190476195,0.0,0.09803921568627451,0.171875,0.13095238095238093,0.18823529411764706,0.03137254901960784,0.5568627450980392,0.507177033492823,0.043137254901960784,0.38268031849431083,0.24360081744698975,0.21083290918265532
0.5238095238095238,0.0,0.0,0.16666666666666666,0.0,0.0,0.0,0.0,0.0,0.0,0.1956994982468579,0.3028531336209666,0.0
0.23750000000000002,0.0,0.996078431372549,0.4739583333333333,0.0,0.0,0.0,0.23529411764705882,0.0,0.0,0.36409660676800104,0.24452796126512993,0.06280801564415128
0.0011904761904761906,0.0,0.0,0.0,0.0,0.0,0.0,0.0,0.043062200956937795,1.0,0.38268031849431083,0.2294957090572206,0.15232131956765754
0.18154761904761907,0.0,0.9490196078431372,0.6614583333333333,0.0,0.0,0.2823529411764706,0.4980392156862745,0.0,0.32941176470588235,0.36409660676800104,0.24925821591136918,0.20985378077793088
0.5238095238095238,0.0,0.0,0.16666666666666666,0.0,0.0,0.0,0.0,0.0,0.0,0.36409660676800104,0.23907662419462522,0.0
0.0011904761904761906,0.0,0.0,0.0,0.0,0.0,0.0,0.011764705882352941,0.004784688995215311,0.7647058823529411,0.38268031849431083,0.22941512588939938,0.12833897679193235
0.6476190476190476,0.0,1.0,0.0,0.0,0.0,1.0,0.8941176470588235,0.03827751196172249,0.0,0.38268031849431083,0.2388763045174522,0.09334683128222719
0.4190476190476191,0.0,0.0784313725490196,0.0,0.0,0.0,0.0,0.0,0.0,0.0,0.1480409554829326,0.30226164791210286,0.0
0.0,0.0,0.0,0.0,0.0,0.0,0.0,0.0,0.0,0.0,0.6742656854342702,0.03997643700809555,0.0
0.0,0.0,0.0,0.0,0.0,0.0,0.0,0.0,0.0,0.0,0.5121375622509337,0.28444161165648746,0.0
0.2017857142857143,0.0,0.0,0.171875,0.06349206349206349,1.0,0.0,1.0,0.0,0.0,0.38268031849431083,0.24311642650653253,0.0
0.36190476190476195,0.0,0.09803921568627451,0.171875,0.13095238095238093,0.18823529411764706,0.03137254901960784,0.5607843137254902,0.5023923444976076,0.24313725490196078,0.36409660676800104,0.24096932928162612,0.24905913662314602
0.5238095238095238,0.0,0.0,0.16666666666666666,0.0,0.0,0.0,0.0,0.0,0.0,0.3212377705398239,0.23855019350414355,0.0
0.5238095238095238,0.0,0.0,0.16666666666666666,0.0,0.0,0.0,0.0,0.0,0.0,0.38268031849431083,0.2375566638731242,0.0
0.4190476190476191,0.0,0.0784313725490196,0.0,0.0,0.0,0.0,0.0,0.0,0.0,0.38268031849431083,0.238658295597298,0.0
0.0,0.0,0.0,0.0,0.0,0.0,0.0,0.0,0.0,0.0,0.7228311423096268,0.18375230451528818,0.0
0.5047619047619049,0.0,0.0196078431372549,0.16666666666666666,0.7777777777777777,0.40784313725490196,0.4588235294117647,0.0,0.0,0.9882352941176471,0.29608191096586517,0.3034275966723991,0.13508826167486768
0.5047619047619049,0.0,0.0196078431372549,0.16666666666666666,0.8412698412698412,0.40784313725490196,0.4627450980392157,0.0,0.0,0.9372549019607843,0.0,0.4596335216734245,0.1271660977148337
0.4702380952380953,0.0,0.0196078431372549,0.19270833333333331,0.14285714285714285,0.0392156862745098,0.14509803921568626,0.13333333333333333,0.0,0.43529411764705883,0.38268031849431083,0.23697817126039014,0.37587203118852136
0.23750000000000002,0.0,0.996078431372549,0.47916666666666663,0.0,0.0,0.0,0.23529411764705882,0.0,0.0,0.38268031849431083,0.2393001613339128,0.07819619029941431
0.0011904761904761906,0.0,0.0,0.0,0.0,0.0,0.0,0.0392156862745098,0.014354066985645932,0.9372549019607843,0.36409660676800104,0.22984336422918908,0.17045653391883872
0.2017857142857143,0.0,0.0,0.171875,0.06349206349206349,1.0,0.0,1.0,0.0,0.0,0.38268031849431083,0.24913575262450158,0.0
0.0,0.0,0.0,0.0,0.0,0.0,0.0,0.0,0.0,0.0,0.8597263714899192,0.03983331524312109,0.0
0.6476190476190476,0.0,1.0,0.0,0.0,0.0,1.0,0.6392156862745098,0.043062200956937795,0.0,0.0,0.5280345619449213,0.08708030015152356
0.4815476190476191,0.0,0.8627450980392157,0.9375,0.503968253968254,0.0784313725490196,0.06666666666666667,0.12549019607843137,0.0,0.0784313725490196,0.38268031849431083,0.2379970399227377,0.13648861532405887
0.7523809523809525,0.0,0.0,0.0,0.0,0.5019607843137255,0.0,0.4117647058823529,1.0,0.07450980392156863,0.23463936301137822,0.3032232957701499,0.0
0.4,0.0,0.39215686274509803,0.0,0.611111111111111,0.11372549019607843,0.592156862745098,0.00784313725490196,0.9043062200956937,0.0,0.38268031849431083,0.2388849287161481,0.07945982888469613
0.6470238095238096,0.0,0.0,0.3333333333333333,0.38095238095238093,1.0,0.49411764705882355,0.8588235294117647,0.03827751196172249,0.0,0.36409660676800104,0.23530497628478023,0.08456668272645812
0.0011904761904761906,0.0,0.0,0.0,0.0,0.0,0.0,0.011764705882352941,0.043062200956937795,0.16862745098039217,0.38268031849431083,0.22956439026479106,0.09446927678805567
0.7148809523809524,0.0,0.16078431372549018,0.203125,0.15476190476190477,0.13725490196078433,0.0,0.0,0.0,0.6039215686274509,0.26756254955818887,0.3031441718359547,0.0
0.7523809523809525,0.0,0.0,0.0,0.0,0.5019607843137255,0.0,0.4117647058823529,1.0,0.07450980392156863,0.26756254955818887,0.3213416914702933,0.0
0.29583333333333334,0.0,0.03137254901960784,0.0,0.0,0.0,0.0,0.0,0.0,0.0,0.1956994982468579,0.30316226285037334,0.0
0.18154761904761907,0.0,0.0196078431372549,0.6666666666666666,0.0,0.0,0.27058823529411763,0.4980392156862745,0.009569377990430622,0.7725490196078432,0.38268031849431083,0.2474349450693393,0.1888741403717189
0.0,0.0,0.0,0.0,0.0,0.0,0.0,0.0,0.0,0.0,0.6113030032879794,0.18566901420902338,0.0
0.18154761904761907,0.0,0.9686274509803922,0.6614583333333333,0.0,0.0,0.11764705882352941,0.4980392156862745,0.019138755980861243,0.4117647058823529,0.38268031849431083,0.247341909076391,0.1984048315340959
0.4702380952380953,0.0,0.0196078431372549,0.171875,0.20634920634920634,0.0392156862745098,0.12941176470588234,0.11764705882352941,0.0,0.43529411764705883,0.38268031849431083,0.23878786338938032,0.23970449830676285
0.7523809523809525,0.0,0.0,0.0,0.0,0.5019607843137255,0.0,0.4117647058823529,1.0,0.07450980392156863,0.08659840752844564,0.45932061840051963,0.0
0.36190476190476195,0.0,0.09411764705882353,0.17708333333333331,0.1349206349206349,0.18823529411764706,0.03137254901960784,0.5607843137254902,0.5454545454545454,0.07450980392156863,0.36409660676800104,0.24514129583120747,0.18653895020705127
0.0011904761904761906,0.0,0.0,0.0,0.0,0.0,0.0,0.03529411764705882,0.057416267942583726,0.5019607843137255,0.38268031849431083,0.24728247891865046,0.10298055314052416
0.4,0.0,0.01568627450980392,0.0,0.611111111111111,0.11372549019607843,0.592156862745098,0.00784313725490196,0.9043062200956937,0.0,0.0,0.46851335885334955,0.07936191258484337
0.2017857142857143,0.0,0.0,0.171875,0.06349206349206349,1.0,0.0,1.0,0.0,0.0,0.23463936301137822,0.24321349338154208,0.0
0.4702380952380953,0.0,0.0196078431372549,0.17708333333333331,0.5079365079365079,0.03529411764705882,0.13333333333333333,0.12941176470588234,0.0,0.43529411764705883,0.36409660676800104,0.24433220001664466,0.1415843019077755
0.5047619047619049,0.0,0.0196078431372549,0.16666666666666666,0.3968253968253968,0.40784313725490196,0.4666666666666667,0.0,0.0,0.3686274509803922,0.36409660676800104,0.23321139136002617,0.08192610008523295
0.4815476190476191,0.0,0.047058823529411764,0.96875,0.503968253968254,0.0784313725490196,0.06666666666666667,0.12549019607843137,0.0,0.0784313725490196,0.38268031849431083,0.22776310033425326,0.05989126348824796
0.18154761904761907,0.0,0.8588235294117647,0.6614583333333333,0.0,0.0,0.1764705882352941,0.4980392156862745,0.057416267942583726,0.9450980392156862,0.38268031849431083,0.24739932453310615,0.21080217722996278
0.18095238095238098,0.0,0.06666666666666667,0.6666666666666666,0.0,1.0,0.9607843137254902,0.4980392156862745,0.03827751196172249,0.5372549019607843,0.1956994982468579,0.30379563343907084,0.20995311311239234
0.7523809523809525,0.0,0.0,0.0,0.0,0.5019607843137255,0.0,0.4117647058823529,1.0,0.07450980392156863,0.0,0.5614489140678283,0.0
0.29583333333333334,0.0,0.03137254901960784,0.0,0.0,0.0,0.0,0.0,0.0,0.0,0.26756254955818887,0.3030389526915624,0.0
0.36190476190476195,0.0,0.10196078431372549,0.17708333333333331,0.1349206349206349,0.18823529411764706,0.03137254901960784,0.5568627450980392,0.5167464114832536,0.023529411764705882,0.38268031849431083,0.23873173804403924,0.16175930104376957
0.18095238095238098,0.0,0.06666666666666667,0.6666666666666666,0.0,1.0,0.07450980392156863,0.5019607843137255,0.004784688995215311,0.6588235294117647,0.38268031849431083,0.22930599770233917,0.14733491922718905
0.0,0.0,0.0,0.0,0.0,0.0,0.0,0.0,0.0,0.0,0.6999258615408371,0.18957221985152686,0.0
0.8029761904761905,0.0,0.8470588235294118,0.0,0.0,0.5333333333333333,0.0,0.0,0.0,0.0,0.38268031849431083,0.23713408138635497,0.03589768241871075
0.4190476190476191,0.0,0.0784313725490196,0.0,0.0,0.0,0.0,0.0,0.0,0.0,0.38268031849431083,0.23893881304215045,0.0
0.4702380952380953,0.0,0.0196078431372549,0.17708333333333331,0.3968253968253968,0.03529411764705882,0.13333333333333333,0.12941176470588234,0.0,0.43529411764705883,0.0,0.5239666341785916,0.11169208403898792
0.8029761904761905,0.0,0.8470588235294118,0.0,0.0,0.5333333333333333,0.0,0.0,0.0,0.0,0.38268031849431083,0.23471321419227753,0.03589768241871075
0.7523809523809525,0.0,0.0,0.0,0.0,0.5019607843137255,0.0,0.4117647058823529,1.0,0.07450980392156863,0.23463936301137822,0.30438703811176826,0.0
0.4,0.0,0.1411764705882353,0.0,0.611111111111111,0.11372549019607843,0.592156862745098,0.00784313725490196,0.9043062200956937,0.0,0.36409660676800104,0.2396687596799838,0.03903726011546839
0.4702380952380953,0.0,0.0196078431372549,0.17708333333333331,0.3968253968253968,0.03529411764705882,0.13333333333333333,0.12941176470588234,0.0,0.43529411764705883,0.29608191096586517,0.21778350884176204,0.11169208403898792
0.7148809523809524,0.0,0.16078431372549018,0.203125,0.15476190476190477,0.13725490196078433,0.0,0.0,0.0,0.6039215686274509,0.26756254955818887,0.30326622244852997,0.0
0.0,0.0,0.0,0.0,0.0,0.0,0.0,0.0,0.0,0.0,0.5478166315806011,0.028769511893004935,0.0
0.0,0.0,0.0,0.0,0.0,0.0,0.0,0.0,0.0,0.0,0.9824922500068368,0.040704752837647844,0.0
0.18095238095238098,0.0,0.06666666666666667,0.6666666666666666,0.0,1.0,0.043137254901960784,0.5019607843137255,0.057416267942583726,0.2392156862745098,0.1480409554829326,0.2605397751529195,0.14823742125636558
0.6470238095238096,0.0,0.0,0.3333333333333333,0.38095238095238093,1.0,0.49411764705882355,0.9215686274509803,0.03827751196172249,0.0,0.1956994982468579,0.33829778480611206,0.10310062012277006
0.0011904761904761906,0.0,0.0,0.0,0.0,0.0,0.0,0.0196078431372549,0.004784688995215311,0.4627450980392157,0.38268031849431083,0.22951466032920287,0.07491033547446758
0.36190476190476195,0.0,0.10588235294117647,0.18229166666666666,0.1388888888888889,0.18823529411764706,0.03137254901960784,0.5568627450980392,0.5263157894736842,0.13725490196078433,0.38268031849431083,0.2387684389649113,0.21869235951648971
0.0011904761904761906,0.0,0.0,0.0,0.0,0.0,0.0,0.01568627450980392,0.004784688995215311,0.22745098039215686,0.36409660676800104,0.22951466032920287,0.11756823026372416
0.7148809523809524,0.0,0.16078431372549018,0.203125,0.15476190476190477,0.13725490196078433,0.0,0.0,0.0,0.6039215686274509,0.23463936301137822,0.30705902165488014,0.0
0.18095238095238098,0.0,0.06274509803921569,0.6666666666666666,0.0,1.0,0.08627450980392157,0.5019607843137255,0.019138755980861243,0.08235294117647059,0.36409660676800104,0.24745077232966564,0.15899573656559265
0.7523809523809525,0.0,0.0,0.0,0.0,0.5019607843137255,0.0,0.4117647058823529,1.0,0.07450980392156863,0.23463936301137822,0.3020034797454706,0.0
0.5238095238095238,0.0,0.0,0.16666666666666666,0.0,0.0,0.0,0.0,0.0,0.0,0.36409660676800104,0.23887846063715107,0.0
0.29583333333333334,0.0,0.03137254901960784,0.0,0.0,0.0,0.0,0.0,0.0,0.0,0.1480409554829326,0.306904519853886,0.0
0.0011904761904761906,0.0,0.0,0.0,0.0,0.0,0.0,0.023529411764705882,0.07177033492822966,0.01568627450980392,0.38268031849431083,0.22964248716312552,0.15624193319583202
0.4702380952380953,0.0,0.0196078431372549,0.18229166666666666,0.42857142857142855,0.03529411764705882,0.13725490196078433,0.13333333333333333,0.0,0.43137254901960786,0.38268031849431083,0.23784901186823432,0.25008813920465833
0.7148809523809524,0.0,0.16078431372549018,0.203125,0.15476190476190477,0.13725490196078433,0.0,0.0,0.0,0.6039215686274509,0.23463936301137822,0.30322894507466974,0.0
0.18095238095238098,0.0,0.06274509803921569,0.6666666666666666,0.0,1.0,1.0,0.4980392156862745,0.03827751196172249,0.8588235294117647,0.0,0.46197333587366013,0.2501749829530822
0.0011904761904761906,0.0,0.0,0.0,0.0,0.0,0.0,0.027450980392156862,0.03349282296650718,0.6274509803921569,0.38268031849431083,0.2294957090572206,0.05809015678126066
0.7148809523809524,0.0,0.16078431372549018,0.203125,0.15476190476190477,0.13725490196078433,0.0,0.0,0.0,0.6039215686274509,0.26756254955818887,0.3031238155152977,0.0
0.6470238095238096,0.0,0.0,0.3333333333333333,0.38095238095238093,1.0,0.49411764705882355,0.8627450980392157,0.03827751196172249,0.0,0.38268031849431083,0.23842464787550638,0.08574956343303959
0.18095238095238098,0.0,0.06274509803921569,0.6666666666666666,0.0,1.0,0.023529411764705882,0.5019607843137255,0.07177033492822966,0.7607843137254902,0.38268031849431083,0.22954308047626476,0.17711191220480835
0.2017857142857143,0.0,0.0,0.171875,0.06349206349206349,1.0,0.0,1.0,0.0,0.0,0.3212377705398239,0.30299139790084145,0.0
0.36190476190476195,0.0,0.10196078431372549,0.17708333333333331,0.1349206349206349,0.18823529411764706,0.03137254901960784,0.5568627450980392,0.5215311004784688,0.08627450980392157,0.36409660676800104,0.23940745275387942,0.12018297364578366
0.0011904761904761906,0.0,0.0,0.0,0.0,0.0,0.0,0.011764705882352941,0.0,0.8705882352941177,0.36409660676800104,0.24754173028966203,0.15000872940733
0.8029761904761905,0.0,0.8470588235294118,0.0,0.0,0.5372549019607843,0.0,0.0,0.0,0.0,0.38268031849431083,0.23498487508728888,0.04906614384407297
0.4702380952380953,0.0,0.0196078431372549,0.171875,0.19047619047619047,0.0392156862745098,0.12941176470588234,0.12156862745098039,0.0,0.43529411764705883,0.36409660676800104,0.23028857333713487,0.2226404552583763
0.4,0.0,0.1411764705882353,0.0,0.615079365079365,0.11372549019607843,0.592156862745098,0.00784313725490196,0.9043062200956937,0.0,0.36409660676800104,0.24011695049940443,0.14654399590989647
0.2017857142857143,0.0,0.0,0.171875,0.06349206349206349,1.0,0.0,1.0,0.0,0.0,0.36409660676800104,0.23418348144154746,0.0
0.6470238095238096,0.0,0.0,0.3333333333333333,0.38095238095238093,1.0,0.49411764705882355,0.8,0.03827751196172249,0.0,0.29608191096586517,0.24768985337825622,0.06640756986305858
0.6380952380952382,0.0,0.0,0.0,0.0,0.0,0.0,0.0,0.0,0.0,0.23463936301137822,0.3030378206985259,0.0
0.8029761904761905,0.0,0.8470588235294118,0.4427083333333333,0.0,0.5411764705882353,0.0,0.0,0.0,0.0,0.38268031849431083,0.23576429972481236,0.11676106323010442
0.6380952380952382,0.0,0.0,0.0,0.0,0.0,0.0,0.0,0.0,0.0,0.1956994982468579,0.3037720388793913,0.0
0.0,0.0,0.0,0.0,0.0,0.0,0.0,0.0,0.0,0.0,0.5394399519766484,0.03997643700809555,0.0
0.8029761904761905,0.0,0.8470588235294118,0.0,0.0,0.5098039215686274,0.0,0.0,0.0,0.0,0.38268031849431083,0.2384787817809751,0.09204270661966536
0.4815476190476191,0.0,0.8627450980392157,0.9635416666666666,0.503968253968254,0.0784313725490196,0.06666666666666667,0.12549019607843137,0.0,0.0784313725490196,0.36409660676800104,0.24877721735729175,0.0803935128757048
0.1904761904761905,0.0,0.0,0.0,0.0,0.0,0.10196078431372549,0.2,0.18181818181818182,0.7568627450980392,0.36409660676800104,0.24665032892232427,0.18281268071701492
0.18154761904761907,0.0,0.054901960784313725,0.6666666666666666,0.0,0.0,0.26666666666666666,0.4980392156862745,0.057416267942583726,0.8509803921568627,0.38268031849431083,0.2620341252943234,0.1863158952737873
0.1904761904761905,0.0,0.0,0.0,0.0,0.0,0.01568627450980392,0.058823529411764705,0.18660287081339713,0.4823529411764706,0.36409660676800104,0.22930599770233917,0.09707272727340122
0.2017857142857143,0.0,0.0,0.171875,0.06349206349206349,1.0,0.0,1.0,0.0,0.0,0.38268031849431083,0.24311642650653253,0.0
0.4190476190476191,0.0,0.0784313725490196,0.0,0.0,0.0,0.0,0.0,0.0,0.0,0.38268031849431083,0.2362281571422742,0.0
0.4702380952380953,0.0,0.0196078431372549,0.18229166666666666,0.4444444444444444,0.03529411764705882,0.13725490196078433,0.13333333333333333,0.0,0.43137254901960786,0.36409660676800104,0.2479952779839109,0.2532505400103412
0.36190476190476195,0.0,0.09803921568627451,0.171875,0.13095238095238093,0.18823529411764706,0.03137254901960784,0.5607843137254902,0.5119617224880383,0.03529411764705882,0.36409660676800104,0.23954247555592262,0.2186311904614231
0.29583333333333334,0.0,0.03137254901960784,0.0,0.0,0.0,0.0,0.0,0.0,0.0,0.23463936301137822,0.3032989698365982,0.0
0.4815476190476191,0.0,0.047058823529411764,0.9895833333333333,0.503968253968254,0.0784313725490196,0.06666666666666667,0.12549019607843137,0.0,0.0784313725490196,0.38268031849431083,0.23822301098787596,0.10752643321777919
0.4815476190476191,0.0,0.8627450980392157,0.9479166666666666,0.503968253968254,0.0784313725490196,0.06666666666666667,0.12549019607843137,0.0,0.0784313725490196,0.38268031849431083,0.2362104415487697,0.11494955482310489
0.0,0.0,0.0,0.0,0.0,0.0,0.0,0.0,0.0,0.0,0.6051119045196828,0.0401669466006328,0.0
0.36190476190476195,0.0,0.09803921568627451,0.17708333333333331,0.1349206349206349,0.18823529411764706,0.03137254901960784,0.5568627450980392,0.5406698564593301,0.14509803921568626,0.38268031849431083,0.2372897477835949,0.10976206533499872
0.0,0.0,0.0,0.0,0.0,0.0,0.0,0.0,0.0,0.0,0.5307212739772434,0.03951452846848716,0.0
0.18095238095238098,0.0,0.07450980392156863,0.6666666666666666,0.0,1.0,0.023529411764705882,0.5019607843137255,0.023923444976076555,0.9686274509803922,0.36409660676800104,0.2292561385235632,0.15214265819308614
0.0011904761904761906,0.0,0.0,0.0,0.0,0.0,0.0,0.0,0.06220095693779904,0.5450980392156862,0.36409660676800104,0.22695950850385435,0.12619330292049072
0.0,0.0,0.0,0.0,0.0,0.0,0.0,0.0,0.0,0.0,0.6113030032879794,0.039578367520394175,0.0
0.0,0.0,0.0,0.0,0.0,0.0,0.0,0.0,0.0,0.0,0.6113030032879794,0.03916268023079068,0.0
0.0011904761904761906,0.0,0.0,0.0,0.0,0.0,0.0,0.03137254901960784,0.07177033492822966,0.9215686274509803,0.38268031849431083,0.22601698539430906,0.17008611533176318
0.0,0.0,0.0,0.0,0.0,0.0,0.0,0.0,0.0,0.0,0.5216314786779912,0.18675937438808596,0.0
0.4815476190476191,0.0,0.5254901960784314,0.9947916666666666,0.503968253968254,0.0784313725490196,0.06666666666666667,0.12549019607843137,0.0,0.0784313725490196,0.36409660676800104,0.2390658645637911,0.08255974293744939
0.36190476190476195,0.0,0.09803921568627451,0.17708333333333331,0.13095238095238093,0.18823529411764706,0.03137254901960784,0.5607843137254902,0.5167464114832536,0.16078431372549018,0.38268031849431083,0.2369759735988882,0.1646758114919296
0.5047619047619049,0.0,0.0196078431372549,0.16666666666666666,0.14285714285714285,0.40784313725490196,0.4627450980392157,0.0,0.0,0.12156862745098039,0.38268031849431083,0.23657960232750272,0.12380365695663546
0.23750000000000002,0.0,0.996078431372549,0.44791666666666663,0.0,0.0,0.0,0.2549019607843137,0.0,0.0,0.36409660676800104,0.24906959870017692,0.11430423966663589
0.4702380952380953,0.0,0.0196078431372549,0.18229166666666666,0.1746031746031746,0.0392156862745098,0.13725490196078433,0.12156862745098039,0.0,0.43529411764705883,0.23463936301137822,0.2520945254998254,0.24984510214344485
0.2017857142857143,0.0,0.0,0.171875,0.06349206349206349,1.0,0.0,1.0,0.0,0.0,0.36409660676800104,0.2430213331751384,0.0
0.5047619047619049,0.0,0.0196078431372549,0.16666666666666666,0.7777777777777777,0.40784313725490196,0.4588235294117647,0.0,0.0,0.9882352941176471,0.36409660676800104,0.23886767957177016,0.13508826167486768
0.2017857142857143,0.0,0.0,0.171875,0.06349206349206349,1.0,0.0,1.0,0.0,0.0,0.38268031849431083,0.24515749185354552,0.0
0.7148809523809524,0.0,0.16078431372549018,0.203125,0.15476190476190477,0.13725490196078433,0.0,0.0,0.0,0.6039215686274509,0.26756254955818887,0.30318600232003173,0.0
0.0,0.0,0.0,0.0,0.0,0.0,0.0,0.0,0.0,0.0,0.5307212739772434,0.068076213821431,0.0
0.2017857142857143,0.0,0.0,0.171875,0.06349206349206349,1.0,0.0,1.0,0.0,0.0,0.38268031849431083,0.24315980850634383,0.0
0.4,0.0,0.01568627450980392,0.0,0.611111111111111,0.11372549019607843,0.592156862745098,0.00784313725490196,0.9043062200956937,0.0,0.38268031849431083,0.2390572560219698,0.07936191258484337
0.7523809523809525,0.0,0.0,0.0,0.0,0.5019607843137255,0.0,0.4117647058823529,1.0,0.07450980392156863,0.23463936301137822,0.30318600232003173,0.0
0.2017857142857143,0.0,0.0,0.171875,0.06349206349206349,1.0,0.0,1.0,0.0,0.0,0.36409660676800104,0.24306475661399649,0.0
0.36190476190476195,0.0,0.09803921568627451,0.171875,0.13095238095238093,0.18823529411764706,0.03137254901960784,0.5607843137254902,0.5215311004784688,0.027450980392156862,0.1480409554829326,0.3914386631893999,0.20438840787296936
0.2017857142857143,0.0,0.0,0.171875,0.06349206349206349,1.0,0.0,1.0,0.0,0.0,0.38268031849431083,0.24531930735886043,0.0
0.29583333333333334,0.0,0.03137254901960784,0.0,0.0,0.0,0.0,0.0,0.0,0.0,0.23463936301137822,0.30321877609576303,0.0
0.4815476190476191,0.0,0.047058823529411764,0.9635416666666666,0.503968253968254,0.0784313725490196,0.06666666666666667,0.12549019607843137,0.0,0.0784313725490196,0.38268031849431083,0.23923787930011794,0.07095072540155607
0.36190476190476195,0.0,0.09411764705882353,0.171875,0.13095238095238093,0.18823529411764706,0.03137254901960784,0.5607843137254902,0.5263157894736842,0.09411764705882353,0.0,0.4854698939015618,0.20138104111699445
0.5238095238095238,0.0,0.0,0.16666666666666666,0.0,0.0,0.0,0.0,0.0,0.0,0.38268031849431083,0.23685062665169218,0.0
0.0,0.0,0.0,0.0,0.0,0.0,0.0,0.0,0.0,0.0,0.5478166315806011,0.18763613331333787,0.0
0.4190476190476191,0.0,0.0784313725490196,0.0,0.0,0.0,0.0,0.0,0.0,0.0,0.36409660676800104,0.2386777415169797,0.0
0.5238095238095238,0.0,0.0,0.16666666666666666,0.0,0.0,0.0,0.0,0.0,0.0,0.38268031849431083,0.2359687520446031,0.0
0.5238095238095238,0.0,0.0,0.16666666666666666,0.0,0.0,0.0,0.0,0.0,0.0,0.36409660676800104,0.23885042743892992,0.0
0.4815476190476191,0.0,0.5254901960784314,0.9947916666666666,0.503968253968254,0.0784313725490196,0.06666666666666667,0.12549019607843137,0.0,0.0784313725490196,0.38268031849431083,0.23804271003256894,0.08255974293744939
0.7148809523809524,0.0,0.16078431372549018,0.203125,0.15476190476190477,0.13725490196078433,0.0,0.0,0.0,0.6039215686274509,0.26756254955818887,0.3020412186244924,0.0
0.5047619047619049,0.0,0.0196078431372549,0.16666666666666666,0.20634920634920634,0.40784313725490196,0.4627450980392157,0.0,0.0,0.058823529411764705,0.38268031849431083,0.2387144623408223,0.12379150161046855
0.18095238095238098,0.0,0.08627450980392157,0.6666666666666666,0.0,1.0,0.050980392156862744,0.5019607843137255,0.06220095693779904,0.6705882352941176,0.36409660676800104,0.2292371379820661,0.1398338504355864
0.1904761904761905,0.0,0.0,0.0,0.0,0.0,0.03137254901960784,0.12549019607843137,0.21052631578947367,0.40784313725490196,0.36409660676800104,0.2475081250694022,0.10282809433161275
0.36190476190476195,0.0,0.09803921568627451,0.17708333333333331,0.1349206349206349,0.18823529411764706,0.03137254901960784,0.5568627450980392,0.5358851674641149,0.14901960784313725,0.38268031849431083,0.23721742606263418,0.10056594099931794
0.5238095238095238,0.0,0.0,0.16666666666666666,0.0,0.0,0.0,0.0,0.0,0.0,0.36409660676800104,0.24072200074204508,0.0
0.0,0.0,0.0,0.0,0.0,0.0,0.0,0.0,0.0,0.0,0.5853829999567598,0.03970592297413732,0.0
0.18154761904761907,0.0,0.8784313725490196,0.6614583333333333,0.0,0.0,0.1803921568627451,0.4980392156862745,0.043062200956937795,0.9686274509803922,0.36409660676800104,0.21969701291027324,0.19220367003106645
0.2017857142857143,0.0,0.0,0.171875,0.06349206349206349,1.0,0.0,1.0,0.0,0.0,0.38268031849431083,0.24309162830410128,0.0
0.5047619047619049,0.0,0.0196078431372549,0.16666666666666666,0.07936507936507936,0.40784313725490196,0.4549019607843137,0.0,0.0,0.1764705882352941,0.38268031849431083,0.23879649525082366,0.15945627399891607
0.4190476190476191,0.0,0.0784313725490196,0.0,0.0,0.0,0.0,0.0,0.0,0.0,0.38268031849431083,0.24318665456179941,0.0
0.5047619047619049,0.0,0.0196078431372549,0.16666666666666666,0.6507936507936507,0.40784313725490196,0.4588235294117647,0.0,0.0,0.611764705882353,0.38268031849431083,0.23791216839331947,0.06432241718330932
0.6470238095238096,0.0,0.0,0.3333333333333333,0.38095238095238093,1.0,0.49411764705882355,0.2627450980392157,0.043062200956937795,0.0,0.36409660676800104,0.23893019350918812,0.1884325411029726
0.09523809523809525,0.0,0.3607843137254902,0.6979166666666666,0.3968253968253968,0.03529411764705882,0.0,0.12156862745098039,0.009569377990430622,0.0,0.08659840752844564,0.4595035391833564,0.1044964335799562
0.0011904761904761906,0.0,0.0,0.0,0.0,0.0,0.0,0.00392156862745098,0.05263157894736842,0.5372549019607843,0.38268031849431083,0.2304435754512374,0.09568592285819397
0.0011904761904761906,0.0,0.0,0.0,0.0,0.0,0.0,0.011764705882352941,0.023923444976076555,0.7176470588235294,0.36409660676800104,0.22966377569137122,0.08700555750437879
0.18154761904761907,0.0,0.03529411764705882,0.6666666666666666,0.0,0.0,0.2588235294117647,0.4980392156862745,0.07177033492822966,0.4588235294117647,0.38268031849431083,0.22818408465910356,0.16981016377074734
0.36190476190476195,0.0,0.09803921568627451,0.17708333333333331,0.1388888888888889,0.18823529411764706,0.03137254901960784,0.5568627450980392,0.5502392344497608,0.0,0.38268031849431083,0.23497590639682786,0.21739219486551994
0.29583333333333334,0.0,0.03137254901960784,0.0,0.0,0.0,0.0,0.0,0.0,0.0,0.1480409554829326,0.4096404781967975,0.0
1.0,0.0,0.0,0.0,0.0,0.0,0.6274509803921569,0.13333333333333333,0.0,0.0,0.0,0.46584000097285677,0.04907945341653401
0.5238095238095238,0.0,0.0,0.16666666666666666,0.0,0.0,0.0,0.0,0.0,0.0,0.36409660676800104,0.23893019350918812,0.0
0.5238095238095238,0.0,0.0,0.16666666666666666,0.0,0.0,0.0,0.0,0.0,0.0,0.36409660676800104,0.2386496517472373,0.0
0.36190476190476195,0.0,0.09411764705882353,0.171875,0.13095238095238093,0.18823529411764706,0.03137254901960784,0.5607843137254902,0.5263157894736842,0.16078431372549018,0.38268031849431083,0.23761127157700968,0.20617017396176843
0.4190476190476191,0.0,0.0784313725490196,0.0,0.0,0.0,0.0,0.0,0.0,0.0,0.1956994982468579,0.23767676131691712,0.0
0.8029761904761905,0.0,0.8470588235294118,0.0,0.0,0.5098039215686274,0.0,0.0,0.0,0.0,0.38268031849431083,0.23385974882748942,0.09204270661966536
0.4815476190476191,0.0,0.047058823529411764,0.9739583333333333,0.503968253968254,0.0784313725490196,0.06666666666666667,0.12549019607843137,0.0,0.0784313725490196,0.1480409554829326,0.21147183527352614,0.07232112911621029
0.5238095238095238,0.0,0.0,0.16666666666666666,0.0,0.0,0.0,0.0,0.0,0.0,0.26756254955818887,0.30666576796492045,0.0
0.4,0.0,0.1411764705882353,0.0,0.611111111111111,0.11372549019607843,0.592156862745098,0.00784313725490196,0.9043062200956937,0.0,0.1480409554829326,0.2391927541866922,0.03903726011546839
0.5238095238095238,0.0,0.0,0.16666666666666666,0.0,0.0,0.0,0.0,0.0,0.0,0.36409660676800104,0.23836831737805475,0.0
0.0011904761904761906,0.0,0.0,0.0,0.0,0.0,0.0,0.00392156862745098,0.03349282296650718,0.08235294117647059,0.38268031849431083,0.2294056412280054,0.12205077457593179
0.4815476190476191,0.0,0.8627450980392157,0.9427083333333333,0.503968253968254,0.0784313725490196,0.06666666666666667,0.12549019607843137,0.0,0.0784313725490196,0.38268031849431083,0.23095384424128604,0.12585847821022464
0.18095238095238098,0.0,0.10588235294117647,0.6666666666666666,0.0,1.0,0.03529411764705882,0.5019607843137255,0.06698564593301436,0.4235294117647059,0.36409660676800104,0.2531107915205313,0.15849625328243555
0.5238095238095238,0.0,0.0,0.16666666666666666,0.0,0.0,0.0,0.0,0.0,0.0,0.34374045372979056,0.23902281441063486,0.0
0.0011904761904761906,0.0,0.0,0.0,0.0,0.0,0.0,0.027450980392156862,0.07177033492822966,0.2823529411764706,0.36409660676800104,0.23029797427604512,0.1336690598100823
0.8029761904761905,0.0,0.8470588235294118,0.0,0.0,0.5372549019607843,0.0,0.0,0.0,0.0,0.34374045372979056,0.2342106000099194,0.04906614384407297
0.36190476190476195,0.0,0.09803921568627451,0.17708333333333331,0.1349206349206349,0.18823529411764706,0.03137254901960784,0.5607843137254902,0.5215311004784688,0.0196078431372549,0.38268031849431083,0.2386690993548302,0.14521812040861207
0.4815476190476191,0.0,0.8627450980392157,0.9479166666666666,0.503968253968254,0.0784313725490196,0.06666666666666667,0.12549019607843137,0.0,0.0784313725490196,0.38268031849431083,0.23879649525082366,0.11494955482310489
0.6470238095238096,0.0,0.0,0.3333333333333333,0.38095238095238093,1.0,0.49411764705882355,0.7803921568627451,0.03827751196172249,0.0,0.38268031849431083,0.23886767957177016,0.06017399651790224
0.18154761904761907,0.0,0.9490196078431372,0.6614583333333333,0.0,0.0,0.27058823529411763,0.4980392156862745,0.07177033492822966,0.4156862745098039,0.38268031849431083,0.22924663870600367,0.19518041679364587
1.0,0.0,0.0,0.0,0.0,0.0,0.6274509803921569,0.13333333333333333,0.0,0.0,0.08659840752844564,0.4595181207132844,0.04907945341653401
0.6470238095238096,0.0,0.0,0.3333333333333333,0.38095238095238093,1.0,0.49411764705882355,0.5529411764705883,0.043062200956937795,0.0,0.36409660676800104,0.23562405178650356,0.11383757160584428
0.5238095238095238,0.0,0.0,0.16666666666666666,0.0,0.0,0.0,0.0,0.0,0.0,0.1956994982468579,0.4376153168865342,0.0
0.5238095238095238,0.0,0.0,0.16666666666666666,0.0,0.0,0.0,0.0,0.0,0.0,0.38268031849431083,0.2423864339201568,0.0
0.23750000000000002,0.0,0.996078431372549,0.46875,0.0,0.0,0.0,0.2549019607843137,0.0,0.0,0.38268031849431083,0.23872310056707488,0.07118281869104108
0.5238095238095238,0.0,0.0,0.16666666666666666,0.0,0.0,0.0,0.0,0.0,0.0,0.36409660676800104,0.24732408375303677,0.0
0.18154761904761907,0.0,0.0196078431372549,0.6666666666666666,0.0,0.0,0.3607843137254902,0.4980392156862745,0.07177033492822966,0.8745098039215686,0.36409660676800104,0.23424900534389795,0.25142695213265837
0.18154761904761907,0.0,0.054901960784313725,0.6666666666666666,0.0,0.0,0.16470588235294117,0.4980392156862745,0.05263157894736842,0.8274509803921568,0.38268031849431083,0.22929650264042872,0.18674807073590022
0.0011904761904761906,0.0,0.0,0.0,0.0,0.0,0.0,0.011764705882352941,0.04784688995215311,0.047058823529411764,0.38268031849431083,0.24737557042807967,0.12004127761096303
0.6476190476190476,0.0,1.0,0.0,0.0,0.0,1.0,0.8156862745098039,0.03827751196172249,0.0,0.38268031849431083,0.23869502359149547,0.06950282791125065
0.0,0.0,0.0,0.0,0.0,0.0,0.0,0.0,0.0,0.0,0.687480907459581,0.1855733133937706,0.0
0.0,0.0,0.0,0.0,0.0,0.0,0.0,0.0,0.0,0.0,0.29608191096586517,0.04003998071175027,0.0
0.5047619047619049,0.0,0.0196078431372549,0.16666666666666666,0.20634920634920634,0.40784313725490196,0.4627450980392157,0.0,0.0,0.058823529411764705,0.1480409554829326,0.28468146207243566,0.12379150161046855
0.18095238095238098,0.0,0.09019607843137255,0.6666666666666666,0.0,1.0,0.12156862745098039,0.5019607843137255,0.014354066985645932,0.29411764705882354,0.0,0.498556332259809,0.13227819953495945
0.5238095238095238,0.0,0.0,0.16666666666666666,0.0,0.0,0.0,0.0,0.0,0.0,0.34374045372979056,0.2388957079142658,0.0
0.6470238095238096,0.0,0.0,0.3333333333333333,0.38095238095238093,1.0,0.49411764705882355,0.8823529411764706,0.03827751196172249,0.0,0.36409660676800104,0.23882238634656536,0.09161403249546023
0.09583333333333334,0.0,0.49411764705882355,0.71875,0.0,0.0,0.13333333333333333,0.0,0.0,0.0,0.08659840752844564,0.4594974237127111,0.14979066055641782
0.4815476190476191,0.0,0.047058823529411764,0.9895833333333333,0.503968253968254,0.0784313725490196,0.06666666666666667,0.12549019607843137,0.0,0.0784313725490196,0.38268031849431083,0.23879433735561018,0.10752643321777919
0.2017857142857143,0.0,0.0,0.171875,0.06349206349206349,1.0,0.0,1.0,0.0,0.0,0.38268031849431083,0.24495282350958716,0.0
0.5238095238095238,0.0,0.0,0.16666666666666666,0.0,0.0,0.0,0.0,0.0,0.0,0.36409660676800104,0.24014462945251036,0.0
0.23750000000000002,0.0,0.996078431372549,0.47916666666666663,0.0,0.0,0.0,0.2549019607843137,0.0,0.0,0.36409660676800104,0.24358436622593374,0.10082866035314096
0.5238095238095238,0.0,0.0,0.16666666666666666,0.0,0.0,0.0,0.0,0.0,0.0,0.38268031849431083,0.2386410071467822,0.0
0.4702380952380953,0.0,0.0196078431372549,0.17708333333333331,0.19047619047619047,0.0392156862745098,0.13333333333333333,0.12156862745098039,0.0,0.43529411764705883,0.38268031849431083,0.23969656347693727,0.17587621639312065
0.2017857142857143,0.0,0.0,0.171875,0.06349206349206349,1.0,0.0,1.0,0.0,0.0,0.36409660676800104,0.23423997012722425,0.0
0.6476190476190476,0.0,1.0,0.0,0.0,0.0,1.0,0.8666666666666667,0.03827751196172249,0.0,0.36409660676800104,0.23880296865590298,0.08515598994163899
0.6380952380952382,0.0,0.0,0.0,0.0,0.0,0.0,0.0,0.0,0.0,0.08659840752844564,0.4376768332588969,0.0
0.36190476190476195,0.0,0.10196078431372549,0.18229166666666666,0.1388888888888889,0.18823529411764706,0.03137254901960784,0.5568627450980392,0.5215311004784688,0.21176470588235294,0.38268031849431083,0.23856100899601218,0.2247787710349498
0.0011904761904761906,0.0,0.0,0.0,0.0,0.0,0.0,0.011764705882352941,0.0,0.8705882352941177,0.38268031849431083,0.24750021631030877,0.15000872940733
0.2017857142857143,0.0,0.0,0.171875,0.06349206349206349,1.0,0.0,1.0,0.0,0.0,0.36409660676800104,0.24530313763607572,0.0
0.5047619047619049,0.0,0.0196078431372549,0.16666666666666666,0.015873015873015872,0.40784313725490196,0.4627450980392157,0.0,0.0,0.24705882352941178,0.38268031849431083,0.2384766169896998,0.12382796658345042
0.1904761904761905,0.0,0.0,0.0,0.0,0.0,0.00784313725490196,0.12549019607843137,0.2248803827751196,0.25098039215686274,0.36409660676800104,0.2290968969102181,0.17367164303972926
0.4190476190476191,0.0,0.0784313725490196,0.0,0.0,0.0,0.0,0.0,0.0,0.0,0.36409660676800104,0.24136125804019645,0.0
0.5047619047619049,0.0,0.0196078431372549,0.16666666666666666,0.14285714285714285,0.40784313725490196,0.4549019607843137,0.0,0.0,0.11372549019607843,0.38268031849431083,0.23920350011625713,0.15944511707157066
0.36190476190476195,0.0,0.09803921568627451,0.171875,0.1349206349206349,0.18823529411764706,0.03137254901960784,0.5568627450980392,0.5215311004784688,0.027450980392156862,0.38268031849431083,0.23892157323004773,0.15230020930822236
0.0,0.0,0.0,0.0,0.0,0.0,0.0,0.0,0.0,0.0,0.4808262924294938,0.19389886387764443,0.0
0.7148809523809524,0.0,0.16078431372549018,0.203125,0.15476190476190477,0.13725490196078433,0.0,0.0,0.0,0.6039215686274509,0.23463936301137822,0.3031102423226216,0.0
0.8029761904761905,0.0,0.8470588235294118,0.0,0.0,0.5372549019607843,0.0,0.0,0.0,0.0,0.36409660676800104,0.2396773155213196,0.04906614384407297
0.4190476190476191,0.0,0.0784313725490196,0.0,0.0,0.0,0.0,0.0,0.0,0.0,0.36409660676800104,0.23796658154201908,0.0
0.18154761904761907,0.0,0.0,0.6666666666666666,0.0,0.0,0.17254901960784313,0.4980392156862745,0.06698564593301436,0.7450980392156863,0.1480409554829326,0.3957656570065289,0.19914292051507887
0.5047619047619049,0.0,0.0196078431372549,0.16666666666666666,0.07936507936507936,0.40784313725490196,0.4666666666666667,0.0,0.0,0.1803921568627451,0.36409660676800104,0.24145584821407692,0.15002103664425243
0.4190476190476191,0.0,0.0784313725490196,0.0,0.0,0.0,0.0,0.0,0.0,0.0,0.38268031849431083,0.23869502359149547,0.0
0.4815476190476191,0.0,0.25098039215686274,0.9479166666666666,0.503968253968254,0.0784313725490196,0.06666666666666667,0.12549019607843137,0.0,0.0784313725490196,0.08659840752844564,0.44926251955828744,0.07853776970083988
0.0,0.0,0.0,0.0,0.0,0.0,0.0,0.0,0.0,0.0,0.571139192753681,0.24805231805613176,0.0
0.8029761904761905,0.0,0.8470588235294118,0.0,0.0,0.5411764705882353,0.0,0.0,0.0,0.0,0.38268031849431083,0.23858696138469385,0.061830499129058164
0.18095238095238098,0.0,0.08235294117647059,0.6666666666666666,0.0,1.0,0.07058823529411765,0.5019607843137255,0.004784688995215311,0.3058823529411765,0.36409660676800104,0.22115799166668526,0.14434170017735035
0.18154761904761907,0.0,0.984313725490196,0.6614583333333333,0.0,0.0,0.2196078431372549,0.4980392156862745,0.009569377990430622,0.6627450980392157,0.36409660676800104,0.2543496376888967,0.175462468547226
0.2017857142857143,0.0,0.0,0.171875,0.06349206349206349,1.0,0.0,1.0,0.0,0.0,0.36409660676800104,0.24349795269655933,0.0
0.8029761904761905,0.0,0.8470588235294118,0.0,0.0,0.5372549019607843,0.0,0.0,0.0,0.0,0.38268031849431083,0.2396687596799838,0.04906614384407297
0.36190476190476195,0.0,0.09803921568627451,0.17708333333333331,0.1349206349206349,0.18823529411764706,0.03137254901960784,0.5568627450980392,0.5406698564593301,0.14509803921568626,0.38268031849431083,0.23701552408703805,0.10976206533499872
0.18154761904761907,0.0,0.9686274509803922,0.6614583333333333,0.0,0.0,0.21568627450980393,0.4980392156862745,0.05263157894736842,0.3803921568627451,0.1480409554829326,0.3699928981840789,0.15575995132559803
0.0,0.0,0.0,0.0,0.0,0.0,0.0,0.0,0.0,0.0,0.7982838235354323,0.03938672745221976,0.0
0.29583333333333334,0.0,0.03137254901960784,0.0,0.0,0.0,0.0,0.0,0.0,0.0,0.23463936301137822,0.30378552216948235,0.0
0.4702380952380953,0.0,0.0196078431372549,0.19270833333333331,0.09523809523809523,0.0392156862745098,0.14509803921568626,0.12941176470588234,0.0,0.43137254901960786,0.38268031849431083,0.23802313969311847,0.3885290192154021
0.2017857142857143,0.0,0.0,0.171875,0.06349206349206349,1.0,0.0,1.0,0.0,0.0,0.36409660676800104,0.24286402322089043,0.0
0.18095238095238098,0.0,0.12156862745098039,0.6666666666666666,0.0,1.0,0.12156862745098039,0.5019607843137255,0.028708133971291863,0.9411764705882353,0.36409660676800104,0.2488747732241252,0.1708579148230533
0.6470238095238096,0.0,0.0,0.3333333333333333,0.38095238095238093,1.0,0.49411764705882355,0.7254901960784313,0.03827751196172249,0.0,0.36409660676800104,0.2390572560219698,0.0422060309284792
0.1904761904761905,0.0,0.0,0.0,0.0,0.0,0.10196078431372549,0.0,0.19138755980861244,0.44705882352941173,0.36409660676800104,0.24748241930538944,0.16000745845809858
0.4815476190476191,0.0,0.047058823529411764,0.953125,0.503968253968254,0.0784313725490196,0.06666666666666667,0.12549019607843137,0.0,0.0784313725490196,0.36409660676800104,0.24553129194014006,0.09482512431621663
0.0011904761904761906,0.0,0.0,0.0,0.0,0.0,0.0,0.0196078431372549,0.028708133971291863,0.14509803921568626,0.36409660676800104,0.24733398710439058,0.07541867473609865
0.4190476190476191,0.0,0.0784313725490196,0.0,0.0,0.0,0.0,0.0,0.0,0.0,0.26756254955818887,0.3040211846903684,0.0
0.6476190476190476,0.0,1.0,0.0,0.0,0.0,1.0,0.6313725490196078,0.043062200956937795,0.0,0.38268031849431083,0.23858696138469385,0.08942619755691696
0.1904761904761905,0.0,0.0,0.0,0.0,0.0,0.03137254901960784,0.13333333333333333,0.2248803827751196,0.8431372549019608,0.36409660676800104,0.23141504427251672,0.16476721809124092
0.2017857142857143,0.0,0.0,0.171875,0.06349206349206349,1.0,0.0,1.0,0.0,0.0,0.0,0.5460904534404095,0.0
0.4190476190476191,0.0,0.0784313725490196,0.0,0.0,0.0,0.0,0.0,0.0,0.0,0.38268031849431083,0.23869502359149547,0.0
0.7523809523809525,0.0,0.0,0.0,0.0,0.5019607843137255,0.0,0.4117647058823529,1.0,0.07450980392156863,0.26756254955818887,0.3035504267959081,0.0
0.09523809523809525,0.0,0.3568627450980392,0.6927083333333333,0.4444444444444444,0.03529411764705882,0.0,0.12156862745098039,0.009569377990430622,0.0,0.0,0.459824543978701,0.10992898969756064
0.0,0.0,0.0,0.0,0.0,0.0,0.0,0.0,0.0,0.0,0.7191801482366135,0.06787227895507829,0.0
0.4815476190476191,0.0,0.047058823529411764,0.9895833333333333,0.503968253968254,0.0784313725490196,0.06666666666666667,0.12549019607843137,0.0,0.0784313725490196,0.36409660676800104,0.2450906662762704,0.10752643321777919
0.0,0.0,0.0,0.0,0.0,0.0,0.0,0.0,0.0,0.0,0.9960077725067024,0.04003998071175027,0.0
0.5238095238095238,0.0,0.0,0.16666666666666666,0.0,0.0,0.0,0.0,0.0,0.0,0.38268031849431083,0.23904003670536977,0.0
0.6476190476190476,0.0,1.0,0.0,0.0,0.0,1.0,0.8196078431372549,0.03827751196172249,0.0,0.36409660676800104,0.23772039722747668,0.07072805264146069
0.6470238095238096,0.0,0.0,0.3333333333333333,0.38095238095238093,1.0,0.49411764705882355,0.8666666666666667,0.03827751196172249,0.0,0.38268031849431083,0.2617911869718864,0.08692909004462669
0.4702380952380953,0.0,0.0196078431372549,0.18229166666666666,0.36507936507936506,0.03529411764705882,0.13725490196078433,0.12941176470588234,0.0,0.43137254901960786,0.38268031849431083,0.23945248070035055,0.2165964770395243
0.5238095238095238,0.0,0.0,0.16666666666666666,0.0,0.0,0.0,0.0,0.0,0.0,0.36409660676800104,0.23895820426377093,0.0
0.4,0.0,0.26666666666666666,0.0,0.611111111111111,0.11372549019607843,0.592156862745098,0.00784313725490196,0.9043062200956937,0.0,0.26756254955818887,0.2549348899100736,0.0391451422959784
0.4702380952380953,0.0,0.0196078431372549,0.171875,0.38095238095238093,0.03529411764705882,0.12941176470588234,0.12549019607843137,0.0,0.43529411764705883,0.38268031849431083,0.2377029451577846,0.14719051916548873
0.0011904761904761906,0.0,0.0,0.0,0.0,0.0,0.0,0.03137254901960784,0.0,0.3137254901960784,0.1480409554829326,0.3029676119863452,0.1409151105385764
0.8029761904761905,0.0,0.8470588235294118,0.0,0.0,0.5450980392156862,0.0,0.0,0.0,0.0,0.38268031849431083,0.23299204332069123,0.07421481355583061
0.4815476190476191,0.0,0.047058823529411764,0.9427083333333333,0.503968253968254,0.0784313725490196,0.06666666666666667,0.12549019607843137,0.0,0.0784313725490196,0.34374045372979056,0.23740141450245222,0.11740335474207232
0.0,0.0,0.0,0.0,0.0,0.0,0.0,0.0,0.0,0.0,0.5307212739772434,0.24674202064483117,0.0
0.2017857142857143,0.0,0.0,0.171875,0.06349206349206349,1.0,0.0,1.0,0.0,0.0,0.26756254955818887,0.2998447379928317,0.0
0.8029761904761905,0.0,0.8470588235294118,0.0,0.0,0.5411764705882353,0.0,0.0,0.0,0.0,0.36409660676800104,0.23632111233535827,0.061830499129058164
0.6470238095238096,0.0,0.0,0.3333333333333333,0.38095238095238093,1.0,0.49411764705882355,0.6588235294117647,0.043062200956937795,0.0,0.38268031849431083,0.23601314270815532,0.08290545017612856
0.0,0.0,0.0,0.0,0.0,0.0,0.0,0.0,0.0,0.0,0.5307212739772434,0.028627138464811894,0.0
0.6470238095238096,0.0,0.0,0.3333333333333333,0.38095238095238093,1.0,0.49411764705882355,0.6078431372549019,0.043062200956937795,0.0,0.23463936301137822,0.36975337159819405,0.09808600890077046
0.36190476190476195,0.0,0.09803921568627451,0.17708333333333331,0.1349206349206349,0.18823529411764706,0.03137254901960784,0.5568627450980392,0.5741626794258373,0.1803921568627451,0.38268031849431083,0.23705945065790585,0.1971972147768601
0.5238095238095238,0.0,0.0,0.16666666666666666,0.0,0.0,0.0,0.0,0.0,0.0,0.36409660676800104,0.23854154026477917,0.0
0.4,0.0,0.01568627450980392,0.0,0.611111111111111,0.11372549019607843,0.592156862745098,0.00784313725490196,0.9043062200956937,0.0,0.38268031849431083,0.23914760861490234,0.07936191258484337
0.4,0.0,0.26666666666666666,0.0,0.611111111111111,0.11372549019607843,0.592156862745098,0.00784313725490196,0.9043062200956937,0.0,0.38268031849431083,0.23661710493352406,0.0391451422959784
0.6470238095238096,0.0,0.0,0.3333333333333333,0.38095238095238093,1.0,0.49411764705882355,0.5607843137254902,0.043062200956937795,0.0,0.36409660676800104,0.2395082013911492,0.11162353761603369
0.4190476190476191,0.0,0.0784313725490196,0.0,0.0,0.0,0.0,0.0,0.0,0.0,0.38268031849431083,0.23870582336515153,0.0
0.0,0.0,0.0,0.0,0.0,0.0,0.0,0.0,0.0,0.0,0.6601785177338662,0.040704752837647844,0.0
0.0011904761904761906,0.0,0.0,0.0,0.0,0.0,0.0,0.00784313725490196,0.028708133971291863,0.8627450980392157,0.38268031849431083,0.24702652429546057,0.11114385398209446
0.18095238095238098,0.0,0.050980392156862744,0.6666666666666666,0.0,1.0,0.023529411764705882,0.5019607843137255,0.03827751196172249,0.807843137254902,0.38268031849431083,0.25514386253496635,0.14116910996080156
0.18154761904761907,0.0,0.9333333333333333,0.6614583333333333,0.0,0.0,0.21176470588235294,0.4980392156862745,0.0,0.09019607843137255,0.36409660676800104,0.2482860375209883,0.2169033887611299
0.0,0.0,0.0,0.0,0.0,0.0,0.0,0.0,0.0,0.0,0.7299510666881809,0.03964216567148568,0.0
0.4815476190476191,0.0,0.25098039215686274,0.9375,0.503968253968254,0.0784313725490196,0.06666666666666667,0.12549019607843137,0.0,0.0784313725490196,0.36409660676800104,0.24558976061842183,0.10199260984626406
0.0,0.0,0.0,0.0,0.0,0.0,0.0,0.0,0.0,0.0,0.6601785177338662,0.18589685336552106,0.0
0.0,0.0,0.0,0.0,0.0,0.0,0.0,0.0,0.0,0.0,0.6231714983085562,0.03997643700809555,0.0
0.4,0.0,0.26666666666666666,0.0,0.611111111111111,0.11372549019607843,0.592156862745098,0.00784313725490196,0.9043062200956937,0.0,0.36409660676800104,0.23609743048945922,0.0391451422959784
0.5238095238095238,0.0,0.0,0.16666666666666666,0.0,0.0,0.0,0.0,0.0,0.0,0.38268031849431083,0.2386777415169797,0.0
0.0,0.0,0.0,0.0,0.0,0.0,0.0,0.0,0.0,0.0,0.46927872602275644,0.24639874010746382,0.0
0.0,0.0,0.0,0.0,0.0,0.0,0.0,0.0,0.0,0.0,0.6344150391090467,0.040499463871658384,0.0
0.4,0.0,0.26666666666666666,0.0,0.615079365079365,0.11372549019607843,0.592156862745098,0.00784313725490196,0.9043062200956937,0.0,0.38268031849431083,0.23846146213289618,0.14662731084794045
0.18095238095238098,0.0,0.10196078431372549,0.6666666666666666,0.0,1.0,0.09411764705882353,0.5019607843137255,0.043062200956937795,0.9607843137254902,0.38268031849431083,0.2293083713263572,0.15643403545471063
0.1904761904761905,0.0,0.0,0.0,0.0,0.0,0.13333333333333333,0.03137254901960784,0.16267942583732056,0.8705882352941177,0.38268031849431083,0.24681770235087028,0.24346911996262474
0.18154761904761907,0.0,0.14509803921568626,0.6666666666666666,0.0,0.0,0.2588235294117647,0.4980392156862745,0.023923444976076555,0.45098039215686275,0.36409660676800104,0.22948386268042548,0.12214663689367078
0.18095238095238098,0.0,0.12549019607843137,0.6666666666666666,0.0,1.0,0.9215686274509803,0.4980392156862745,0.019138755980861243,0.5607843137254902,0.26756254955818887,0.35136694716169065,0.2584134492691216
0.6476190476190476,0.0,1.0,0.0,0.0,0.0,1.0,0.8156862745098039,0.03827751196172249,0.0,0.38268031849431083,0.23868638292915811,0.06950282791125065
0.18095238095238098,0.0,0.07450980392156863,0.6666666666666666,0.0,1.0,0.08627450980392157,0.5019607843137255,0.028708133971291863,0.7843137254901961,0.1480409554829326,0.2559844742834549,0.11252686151447389
0.4,0.0,0.01568627450980392,0.0,0.611111111111111,0.11372549019607843,0.592156862745098,0.00784313725490196,0.9043062200956937,0.0,0.36409660676800104,0.24743296648490568,0.07936191258484337
0.29583333333333334,0.0,0.03137254901960784,0.0,0.0,0.0,0.0,0.0,0.0,0.0,0.26756254955818887,0.3030864847826608,0.0
0.1904761904761905,0.0,0.0,0.0,0.0,0.0,0.0784313725490196,0.12549019607843137,0.1770334928229665,0.5607843137254902,0.38268031849431083,0.2178288007849631,0.09390692441181715
0.2017857142857143,0.0,0.0,0.171875,0.06349206349206349,1.0,0.0,1.0,0.0,0.0,0.36409660676800104,0.23418348144154746,0.0
0.0,0.0,0.0,0.0,0.0,0.0,0.0,0.0,0.0,0.0,0.8223066409172028,0.04010348389204519,0.0
0.6476190476190476,0.0,1.0,0.0,0.0,0.0,1.0,0.8274509803921568,0.03827751196172249,0.0,0.36409660676800104,0.23895820426377093,0.07316772868281671
0.8029761904761905,0.0,0.8470588235294118,0.0,0.0,0.4980392156862745,0.0,0.0,0.0,0.0,0.38268031849431083,0.23973932339584167,0.1257122543712978
0.29583333333333334,0.0,0.03137254901960784,0.0,0.0,0.0,0.0,0.0,0.0,0.0,0.26756254955818887,0.3029347554276514,0.0
0.4,0.0,0.1411764705882353,0.0,0.611111111111111,0.11372549019607843,0.592156862745098,0.00784313725490196,0.9043062200956937,0.0,0.36409660676800104,0.23307664094552594,0.03903726011546839
0.0,0.0,0.0,0.0,0.0,0.0,0.0,0.0,0.0,0.0,0.7851767696321215,0.040909619451805775,0.0
0.1904761904761905,0.0,0.0,0.0,0.0,0.0,0.03137254901960784,0.12941176470588234,0.1770334928229665,0.8196078431372549,0.3212377705398239,0.15940489523211013,0.11925972439549341
0.0,0.0,0.0,0.0,0.0,0.0,0.0,0.0,0.0,0.0,0.7467769252623118,0.02855587534237711,0.0
0.4702380952380953,0.0,0.0196078431372549,0.17708333333333331,0.42857142857142855,0.03529411764705882,0.13333333333333333,0.12941176470588234,0.0,0.43529411764705883,0.36409660676800104,0.23918200709735615,0.12045413370535346
0.7523809523809525,0.0,0.0,0.0,0.0,0.5019607843137255,0.0,0.4117647058823529,1.0,0.07450980392156863,0.23463936301137822,0.30317130712521034,0.0
0.4190476190476191,0.0,0.0784313725490196,0.0,0.0,0.0,0.0,0.0,0.0,0.0,0.38268031849431083,0.23854154026477917,0.0
0.6470238095238096,0.0,0.0,0.3333333333333333,0.38095238095238093,1.0,0.49411764705882355,0.8196078431372549,0.03827751196172249,0.0,0.36409660676800104,0.23856100899601218,0.0725491091254756
0.0,0.0,0.0,0.0,0.0,0.0,0.0,0.0,0.0,0.0,0.9562604286997313,0.039769639480624175,0.0
0.6380952380952382,0.0,0.0,0.0,0.0,0.0,0.0,0.0,0.0,0.0,0.26756254955818887,0.30381472970302487,0.0
0.29583333333333334,0.0,0.03137254901960784,0.0,0.0,0.0,0.0,0.0,0.0,0.0,0.26756254955818887,0.30314304103841655,0.0
0.0,0.0,0.0,0.0,0.0,0.0,0.0,0.0,0.0,0.0,0.6999258615408371,0.02914227651061917,0.0
0.5047619047619049,0.0,0.0196078431372549,0.16666666666666666,0.9047619047619047,0.40784313725490196,0.4549019607843137,0.0,0.0,0.8666666666666667,0.36409660676800104,0.23855019350414355,0.1606362074707456
0.23750000000000002,0.0,0.996078431372549,0.4375,0.0,0.0,0.0,0.23529411764705882,0.0,0.0,0.38268031849431083,0.23440022347993716,0.12063222939173024
0.4815476190476191,0.0,0.25098039215686274,0.984375,0.503968253968254,0.0784313725490196,0.06666666666666667,0.12549019607843137,0.0,0.0784313725490196,0.1480409554829326,0.38618447184793614,0.06768082350120767
0.4815476190476191,0.0,0.047058823529411764,0.9895833333333333,0.503968253968254,0.0784313725490196,0.06666666666666667,0.12549019607843137,0.0,0.0784313725490196,0.23463936301137822,0.30363035399728205,0.10752643321777919
0.4190476190476191,0.0,0.0784313725490196,0.0,0.0,0.0,0.0,0.0,0.0,0.0,0.38268031849431083,0.23866693869709454,0.0
0.4815476190476191,0.0,0.5254901960784314,0.9895833333333333,0.503968253968254,0.0784313725490196,0.06666666666666667,0.12549019607843137,0.0,0.0784313725490196,0.38268031849431083,0.2376571189169929,0.07043652864832402
0.36190476190476195,0.0,0.10196078431372549,0.18229166666666666,0.1388888888888889,0.18823529411764706,0.03137254901960784,0.5568627450980392,0.5598086124401913,0.047058823529411764,0.38268031849431083,0.24289094912745215,0.2673152742323492
0.6476190476190476,0.0,1.0,0.0,0.0,0.0,1.0,0.49411764705882355,0.043062200956937795,0.0,0.36409660676800104,0.24147475547134778,0.12847259148245788
0.5047619047619049,0.0,0.0196078431372549,0.16666666666666666,0.3968253968253968,0.40784313725490196,0.4666666666666667,0.0,0.0,0.3686274509803922,0.08659840752844564,0.37070804024951165,0.08192610008523295
0.6380952380952382,0.0,0.0,0.0,0.0,0.0,0.0,0.0,0.0,0.0,0.26756254955818887,0.3033475064943414,0.0
0.5238095238095238,0.0,0.0,0.16666666666666666,0.0,0.0,0.0,0.0,0.0,0.0,0.36409660676800104,0.23882238634656536,0.0
0.0011904761904761906,0.0,0.0,0.0,0.0,0.0,0.0,0.00392156862745098,0.019138755980861243,0.19607843137254902,0.36409660676800104,0.24938052877479172,0.13194679377078214
0.18095238095238098,0.0,0.09411764705882353,0.6666666666666666,0.0,1.0,0.9686274509803922,0.4980392156862745,0.028708133971291863,0.6392156862745098,0.36409660676800104,0.2547824668191374,0.23165520670130918
0.23750000000000002,0.0,0.996078431372549,0.4895833333333333,0.0,0.0,0.0,0.23529411764705882,0.0,0.0,0.38268031849431083,0.2386604564425793,0.1073633717342716
0.0,0.0,0.0,0.0,0.0,0.0,0.0,0.0,0.0,0.0,0.4808262924294938,0.040704752837647844,0.0
0.4190476190476191,0.0,0.0784313725490196,0.0,0.0,0.0,0.0,0.0,0.0,0.0,0.36409660676800104,0.23875116962829712,0.0
0.6470238095238096,0.0,0.0,0.3333333333333333,0.38095238095238093,1.0,0.49411764705882355,0.8470588235294118,0.03827751196172249,0.0,0.38268031849431083,0.23869502359149547,0.0809977239164345
0.0,0.0,0.0,0.0,0.0,0.0,0.0,0.0,0.0,0.0,0.5121375622509337,0.2504976622425479,0.0
0.0,0.0,0.0,0.0,0.0,0.0,0.0,0.0,0.0,0.0,0.687480907459581,0.0401669466006328,0.0
0.0,0.0,0.0,0.0,0.0,0.0,0.0,0.0,0.0,0.0,0.7116854160069869,0.068816456937817,0.0
0.18095238095238098,0.0,0.08235294117647059,0.6666666666666666,0.0,1.0,0.09411764705882353,0.5019607843137255,0.04784688995215311,0.5568627450980392,0.38268031849431083,0.24910268115595982,0.08888725340719172
0.4815476190476191,0.0,0.8627450980392157,0.984375,0.503968253968254,0.0784313725490196,0.06666666666666667,0.12549019607843137,0.0,0.0784313725490196,0.08659840752844564,0.37036780790358964,0.10501349543743638
0.7523809523809525,0.0,0.0,0.0,0.0,0.5019607843137255,0.0,0.4117647058823529,1.0,0.07450980392156863,0.23463936301137822,0.30188330625167387,0.0
0.4,0.0,0.01568627450980392,0.0,0.611111111111111,0.11372549019607843,0.592156862745098,0.00784313725490196,0.9043062200956937,0.0,0.38268031849431083,0.23914760861490234,0.07936191258484337
0.18095238095238098,0.0,0.09803921568627451,0.6666666666666666,0.0,1.0,0.1568627450980392,0.5019607843137255,0.014354066985645932,0.9098039215686274,0.36409660676800104,0.22930599770233917,0.16213156342177526
0.6470238095238096,0.0,0.0,0.3333333333333333,0.38095238095238093,1.0,0.49411764705882355,0.7725490196078432,0.03827751196172249,0.0,0.36409660676800104,0.2413927980828054,0.05765417462933457
0.2017857142857143,0.0,0.0,0.171875,0.06349206349206349,1.0,0.0,1.0,0.0,0.0,0.38268031849431083,0.23413374487667993,0.0
0.18095238095238098,0.0,0.07450980392156863,0.6666666666666666,0.0,1.0,0.00392156862745098,0.5019607843137255,0.009569377990430622,0.1803921568627451,0.38268031849431083,0.25060888101712303,0.15932459119022002
0.23750000000000002,0.0,0.996078431372549,0.46354166666666663,0.0,0.0,0.0,0.2549019607843137,0.0,0.0,0.3212377705398239,0.239488916987976,0.07052635064924392
0.5047619047619049,0.0,0.0196078431372549,0.16666666666666666,0.015873015873015872,0.40784313725490196,0.4588235294117647,0.0,0.0,0.23529411764705882,0.38268031849431083,0.23880296865590298,0.13488721794858333
0.0011904761904761906,0.0,0.0,0.0,0.0,0.0,0.0,0.023529411764705882,0.019138755980861243,0.796078431372549,0.36409660676800104,0.24932424468907097,0.098053355994391
0.4702380952380953,0.0,0.0196078431372549,0.171875,0.4444444444444444,0.03529411764705882,0.12941176470588234,0.12941176470588234,0.0,0.43529411764705883,0.1956994982468579,0.3035076224858959,0.17727375220711925
0.6470238095238096,0.0,0.0,0.3333333333333333,0.38095238095238093,1.0,0.49411764705882355,0.7843137254901961,0.03827751196172249,0.0,0.38268031849431083,0.23863236179580238,0.06142820651202729
0.18154761904761907,0.0,0.8784313725490196,0.6614583333333333,0.0,0.0,0.3529411764705882,0.4980392156862745,0.028708133971291863,0.00784313725490196,0.36409660676800104,0.2474745085043248,0.2293142158467042
0.0011904761904761906,0.0,0.0,0.0,0.0,0.0,0.0,0.0,0.06698564593301436,0.6745098039215687,0.38268031849431083,0.24727653395160548,0.15092064744620284
0.0,0.0,0.0,0.0,0.0,0.0,0.0,0.0,0.0,0.0,0.8290164477785272,0.03964216567148568,0.0
0.8029761904761905,0.0,0.8470588235294118,0.0,0.0,0.5411764705882353,0.0,0.0,0.0,0.0,0.38268031849431083,0.2389862071412802,0.061830499129058164
0.1904761904761905,0.0,0.0,0.0,0.0,0.0,0.07058823529411765,0.0,0.18660287081339713,0.7725490196078432,0.36409660676800104,0.22952413461284016,0.1531750851177251
0.5238095238095238,0.0,0.0,0.16666666666666666,0.0,0.0,0.0,0.0,0.0,0.0,0.36409660676800104,0.2391304049166276,0.0
0.6380952380952382,0.0,0.0,0.0,0.0,0.0,0.0,0.0,0.0,0.0,0.23463936301137822,0.30307177489311277,0.0
0.0,0.0,0.0,0.0,0.0,0.0,0.0,0.0,0.0,0.0,0.6552684635065269,0.040830874471921415,0.0
0.8029761904761905,0.0,0.8470588235294118,0.0,0.0,0.5411764705882353,0.0,0.0,0.0,0.0,0.38268031849431083,0.24265458124827835,0.061830499129058164
0.0,0.0,0.0,0.0,0.0,0.0,0.0,0.0,0.0,0.0,0.7878633201785883,0.040372921518221534,0.0
0.1904761904761905,0.0,0.0,0.0,0.0,0.0,0.0392156862745098,0.0,0.20095693779904306,0.3137254901960784,0.38268031849431083,0.24746659707474924,0.1463385787941688
0.0011904761904761906,0.0,0.0,0.0,0.0,0.0,0.0,0.0392156862745098,0.04784688995215311,0.10196078431372549,0.1480409554829326,0.37061390304843767,0.15043596344701846
0.0,0.0,0.0,0.0,0.0,0.0,0.0,0.0,0.0,0.0,0.5853829999567598,0.04010348389204519,0.0
0.36190476190476195,0.0,0.09803921568627451,0.17708333333333331,0.1349206349206349,0.18823529411764706,0.03137254901960784,0.5568627450980392,0.5358851674641149,0.21568627450980393,0.29608191096586517,0.2369869614214108,0.13558737126151701
0.0,0.0,0.0,0.0,0.0,0.0,0.0,0.0,0.0,0.0,0.5853829999567598,0.18745561640079492,0.0
0.4190476190476191,0.0,0.0784313725490196,0.0,0.0,0.0,0.0,0.0,0.0,0.0,0.38268031849431083,0.2375020262063623,0.0
0.0,0.0,0.0,0.0,0.0,0.0,0.0,0.0,0.0,0.0,0.7078370604977916,0.18781992405424391,0.0
0.4190476190476191,0.0,0.0784313725490196,0.0,0.0,0.0,0.0,0.0,0.0,0.0,0.38268031849431083,0.23889355216798724,0.0
0.23750000000000002,0.0,0.996078431372549,0.4583333333333333,0.0,0.0,0.0,0.23529411764705882,0.0,0.0,0.38268031849431083,0.2386237156941676,0.062138186467289566
0.0,0.0,0.0,0.0,0.0,0.0,0.0,0.0,0.0,0.0,0.5636444605240541,0.18517110206814835,0.0
0.1904761904761905,0.0,0.0,0.0,0.0,0.0,0.06274509803921569,0.043137254901960784,0.20095693779904306,0.788235294117647,0.38268031849431083,0.24809556805014915,0.13655577173820183
0.6470238095238096,0.0,0.0,0.3333333333333333,0.38095238095238093,1.0,0.49411764705882355,0.803921568627451,0.03827751196172249,0.0,0.38268031849431083,0.23891295220460004,0.06764315302754252
0.36190476190476195,0.0,0.09411764705882353,0.171875,0.13095238095238093,0.18823529411764706,0.03137254901960784,0.5568627450980392,0.5311004784688995,0.027450980392156862,0.38268031849431083,0.2391927541866922,0.22468882055276276
0.4,0.0,0.01568627450980392,0.0,0.611111111111111,0.11372549019607843,0.592156862745098,0.00784313725490196,0.9043062200956937,0.0,0.08659840752844564,0.2272846306865217,0.07936191258484337
0.8029761904761905,0.0,0.8470588235294118,0.0,0.0,0.5372549019607843,0.0,0.0,0.0,0.0,0.38268031849431083,0.23791434549024515,0.04906614384407297
0.0011904761904761906,0.0,0.0,0.0,0.0,0.0,0.0,0.03529411764705882,0.07177033492822966,0.6549019607843137,0.1480409554829326,0.3349745896131244,0.14827184445402083
0.8029761904761905,0.0,0.8470588235294118,0.0,0.0,0.5372549019607843,0.0,0.0,0.0,0.0,0.38268031849431083,0.23724373094805432,0.04906614384407297
0.6470238095238096,0.0,0.0,0.3333333333333333,0.38095238095238093,1.0,0.49411764705882355,0.8117647058823529,0.03827751196172249,0.0,0.1956994982468579,0.2364117706877894,0.07010336345566635
0.5238095238095238,0.0,0.0,0.16666666666666666,0.0,0.0,0.0,0.0,0.0,0.0,0.36409660676800104,0.23897543773569235,0.0
0.6476190476190476,0.0,1.0,0.0,0.0,0.0,1.0,0.5450980392156862,0.043062200956937795,0.0,0.36409660676800104,0.23873173804403924,0.11439392643478456
0.5047619047619049,0.0,0.0196078431372549,0.16666666666666666,0.8412698412698412,0.40784313725490196,0.4588235294117647,0.0,0.0,0.9254901960784314,0.34374045372979056,0.23827942372088196,0.13510009136604695
0.0,0.0,0.0,0.0,0.0,0.0,0.0,0.0,0.0,0.0,0.5853829999567598,0.1926547983969915,0.0
0.4702380952380953,0.0,0.0196078431372549,0.17708333333333331,0.3968253968253968,0.03529411764705882,0.13333333333333333,0.12941176470588234,0.0,0.43137254901960786,0.38268031849431083,0.23886767957177016,0.14818477300361152
0.5047619047619049,0.0,0.0196078431372549,0.16666666666666666,0.8412698412698412,0.40784313725490196,0.4666666666666667,0.0,0.0,0.9333333333333333,0.36409660676800104,0.23985041332876111,0.15219322831574342
0.4815476190476191,0.0,0.5254901960784314,0.953125,0.503968253968254,0.0784313725490196,0.06666666666666667,0.12549019607843137,0.0,0.0784313725490196,0.38268031849431083,0.2395082013911492,0.056530706637852146
0.5238095238095238,0.0,0.0,0.16666666666666666,0.0,0.0,0.0,0.0,0.0,0.0,0.38268031849431083,0.2376309230218231,0.0
0.6470238095238096,0.0,0.0,0.3333333333333333,0.38095238095238093,1.0,0.49411764705882355,0.6235294117647059,0.043062200956937795,0.0,0.38268031849431083,0.23857831133998053,0.0934737947467059
0.4190476190476191,0.0,0.0784313725490196,0.0,0.0,0.0,0.0,0.0,0.0,0.0,0.38268031849431083,0.24035728764991438,0.0
0.5047619047619049,0.0,0.0196078431372549,0.16666666666666666,0.20634920634920634,0.40784313725490196,0.4627450980392157,0.0,0.0,0.058823529411764705,0.36409660676800104,0.23920350011625713,0.12379150161046855
0.0011904761904761906,0.0,0.0,0.0,0.0,0.0,0.0,0.03137254901960784,0.019138755980861243,0.1411764705882353,0.1480409554829326,0.2502479266177857,0.13070507327225028
0.6476190476190476,0.0,1.0,0.0,0.0,0.0,1.0,0.5450980392156862,0.043062200956937795,0.0,0.1956994982468579,0.3023289357635862,0.11439392643478456
0.18154761904761907,0.0,0.054901960784313725,0.6666666666666666,0.0,0.0,0.20392156862745098,0.4980392156862745,0.03827751196172249,0.8980392156862745,0.0,0.49660723984205796,0.15382517455380088
0.0,0.0,0.0,0.0,0.0,0.0,0.0,0.0,0.0,0.0,0.762373484066953,0.03943467205687737,0.0
0.8029761904761905,0.0,0.8470588235294118,0.0,0.0,0.5333333333333333,0.0,0.0,0.0,0.0,0.36409660676800104,0.23326843403652298,0.03589768241871075
0.23750000000000002,0.0,0.996078431372549,0.46354166666666663,0.0,0.0,0.0,0.2549019607843137,0.0,0.0,0.38268031849431083,0.24123499787554023,0.07052635064924392
0.1904761904761905,0.0,0.0,0.0,0.0,0.0,0.023529411764705882,0.12941176470588234,0.16267942583732056,0.5450980392156862,0.36409660676800104,0.2474745085043248,0.11693274356628813
0.8029761904761905,0.0,0.8470588235294118,0.0,0.0,0.5450980392156862,0.0,0.0,0.0,0.0,0.1480409554829326,0.3035785774950063,0.07421481355583061
0.0,0.0,0.0,0.0,0.0,0.0,0.0,0.0,0.0,0.0,0.5216314786779912,0.0402462181515586,0.0
0.6380952380952382,0.0,0.0,0.0,0.0,0.0,0.0,0.0,0.0,0.0,0.26756254955818887,0.3029483525599458,0.0
0.6380952380952382,0.0,0.0,0.0,0.0,0.0,0.0,0.0,0.0,0.0,0.26756254955818887,0.30322781523940545,0.0
0.23750000000000002,0.0,0.996078431372549,0.484375,0.0,0.0,0.0,0.23529411764705882,0.0,0.0,0.38268031849431083,0.23875764598050256,0.09303536661017572
0.8029761904761905,0.0,0.8470588235294118,0.0,0.0,0.5372549019607843,0.0,0.0,0.0,0.0,0.38268031849431083,0.23459849010129105,0.04906614384407297
0.0011904761904761906,0.0,0.0,0.0,0.0,0.0,0.0,0.01568627450980392,0.05263157894736842,0.9098039215686274,0.3212377705398239,0.2294957090572206,0.1107021081287983
0.5047619047619049,0.0,0.0196078431372549,0.16666666666666666,0.015873015873015872,0.40784313725490196,0.4627450980392157,0.0,0.0,0.24705882352941178,0.1956994982468579,0.369704122062876,0.12382796658345042
0.0,0.0,0.0,0.0,0.0,0.0,0.0,0.0,0.0,0.0,0.5394399519766484,0.2866985306905589,0.0
0.7148809523809524,0.0,0.16078431372549018,0.203125,0.15476190476190477,0.13725490196078433,0.0,0.0,0.0,0.6039215686274509,0.26756254955818887,0.3029347554276514,0.0
0.0,0.0,0.0,0.0,0.0,0.0,0.0,0.0,0.0,0.0,0.8397512675310609,0.19165516175201397,0.0
0.1904761904761905,0.0,0.0,0.0,0.0,0.0,0.1411764705882353,0.0,0.2248803827751196,0.0,0.38268031849431083,0.23872310056707488,0.28824884756870883
0.4,0.0,0.26666666666666666,0.0,0.611111111111111,0.11372549019607843,0.592156862745098,0.00784313725490196,0.9043062200956937,0.0,0.38268031849431083,0.23725468926644722,0.0391451422959784
0.6476190476190476,0.0,1.0,0.0,0.0,0.0,1.0,0.8627450980392157,0.03827751196172249,0.0,0.36409660676800104,0.2386690993548302,0.08397259199690722
0.2017857142857143,0.0,0.0,0.171875,0.06349206349206349,1.0,0.0,1.0,0.0,0.0,0.36409660676800104,0.2222519319978145,0.0
0.4702380952380953,0.0,0.0196078431372549,0.18229166666666666,0.4126984126984127,0.03529411764705882,0.13725490196078433,0.13333333333333333,0.0,0.43137254901960786,0.38268031849431083,0.23727222006790952,0.24690151268639154
0.29583333333333334,0.0,0.03137254901960784,0.0,0.0,0.0,0.0,0.0,0.0,0.0,0.26756254955818887,0.30311929132330556,0.0
0.4,0.0,0.01568627450980392,0.0,0.611111111111111,0.11372549019607843,0.592156862745098,0.00784313725490196,0.9043062200956937,0.0,0.38268031849431083,0.23819479263226045,0.07936191258484337
0.0,0.0,0.0,0.0,0.0,0.0,0.0,0.0,0.0,0.0,0.9163475419683197,0.0398492278236016,0.0
0.4190476190476191,0.0,0.0784313725490196,0.0,0.0,0.0,0.0,0.0,0.0,0.0,0.38268031849431083,0.23868638292915811,0.0
0.6470238095238096,0.0,0.0,0.3333333333333333,0.38095238095238093,1.0,0.49411764705882355,0.6392156862745098,0.043062200956937795,0.0,0.36409660676800104,0.23870366350412195,0.08880986851211843
0.2017857142857143,0.0,0.0,0.171875,0.06349206349206349,1.0,0.0,1.0,0.0,0.0,0.29608191096586517,0.24309989505777302,0.0
0.4190476190476191,0.0,0.0784313725490196,0.0,0.0,0.0,0.0,0.0,0.0,0.0,0.38268031849431083,0.2386042592202315,0.0
0.4815476190476191,0.0,0.8627450980392157,0.9791666666666666,0.503968253968254,0.0784313725490196,0.06666666666666667,0.12549019607843137,0.0,0.0784313725490196,0.36409660676800104,0.2387770725102441,0.09353619008892736
0.36190476190476195,0.0,0.10196078431372549,0.18229166666666666,0.1388888888888889,0.18823529411764706,0.03137254901960784,0.5568627450980392,0.5167464114832536,0.08235294117647059,0.38268031849431083,0.24088272849629985,0.21259678672507104
0.4,0.0,0.39215686274509803,0.0,0.615079365079365,0.11372549019607843,0.592156862745098,0.00784313725490196,0.9043062200956937,0.0,0.38268031849431083,0.2386604564425793,0.178099819924373
0.18095238095238098,0.0,0.07450980392156863,0.6666666666666666,0.0,1.0,0.10588235294117647,0.5019607843137255,0.07177033492822966,0.7215686274509804,0.36409660676800104,0.2293273582819043,0.15145784644428137
0.5238095238095238,0.0,0.0,0.16666666666666666,0.0,0.0,0.0,0.0,0.0,0.0,0.1956994982468579,0.24241348925978545,0.0
0.4,0.0,0.1411764705882353,0.0,0.611111111111111,0.11372549019607843,0.592156862745098,0.00784313725490196,0.9043062200956937,0.0,0.36409660676800104,0.23944390551828704,0.03903726011546839
0.09583333333333334,0.0,0.5137254901960784,0.7083333333333333,0.0,0.0,0.1411764705882353,0.0,0.0,0.0,0.0,0.5967221347567313,0.18530690427687757
0.5047619047619049,0.0,0.0196078431372549,0.16666666666666666,0.07936507936507936,0.40784313725490196,0.4627450980392157,0.0,0.0,0.1843137254901961,0.38268031849431083,0.2353786998913518,0.1238158119476225
0.23750000000000002,0.0,0.996078431372549,0.47916666666666663,0.0,0.0,0.0,0.23529411764705882,0.0,0.0,0.36409660676800104,0.23890433043271583,0.07819619029941431
0.36190476190476195,0.0,0.09803921568627451,0.171875,0.13095238095238093,0.18823529411764706,0.03137254901960784,0.5607843137254902,0.5119617224880383,0.23529411764705882,0.23463936301137822,0.23775747272297662,0.22957977543758712
0.2017857142857143,0.0,0.0,0.171875,0.06349206349206349,1.0,0.0,1.0,0.0,0.0,0.34374045372979056,0.2293961556631232,0.0
0.5238095238095238,0.0,0.0,0.16666666666666666,0.0,0.0,0.0,0.0,0.0,0.0,0.29608191096586517,0.2386042592202315,0.0
0.4,0.0,0.01568627450980392,0.0,0.611111111111111,0.11372549019607843,0.592156862745098,0.00784313725490196,0.9043062200956937,0.0,0.34374045372979056,0.2353697666031103,0.07936191258484337
0.0,0.0,0.0,0.0,0.0,0.0,0.0,0.0,0.0,0.0,0.874461727707034,0.039769639480624175,0.0
0.8029761904761905,0.0,0.8470588235294118,0.0,0.0,0.5411764705882353,0.0,0.0,0.0,0.0,0.38268031849431083,0.23907447236146478,0.061830499129058164
0.7148809523809524,0.0,0.16078431372549018,0.203125,0.15476190476190477,0.13725490196078433,0.0,0.0,0.0,0.6039215686274509,0.23463936301137822,0.3038046203724102,0.0
0.6380952380952382,0.0,0.0,0.0,0.0,0.0,0.0,0.0,0.0,0.0,0.26756254955818887,0.3009513463779534,0.0
0.4190476190476191,0.0,0.0784313725490196,0.0,0.0,0.0,0.0,0.0,0.0,0.0,0.38268031849431083,0.23869502359149547,0.0
0.0,0.0,0.0,0.0,0.0,0.0,0.0,0.0,0.0,0.0,0.6344150391090467,0.04003998071175027,0.0
0.5238095238095238,0.0,0.0,0.16666666666666666,0.0,0.0,0.0,0.0,0.0,0.0,0.38268031849431083,0.2329119523375897,0.0
0.6470238095238096,0.0,0.0,0.3333333333333333,0.38095238095238093,1.0,0.49411764705882355,0.592156862745098,0.043062200956937795,0.0,0.36409660676800104,0.2399293826922976,0.10264764514359775
0.18095238095238098,0.0,0.12549019607843137,0.6666666666666666,0.0,1.0,0.050980392156862744,0.5019607843137255,0.004784688995215311,0.19607843137254902,0.38268031849431083,0.2174017059930181,0.20229784115706456
0.8029761904761905,0.0,0.8470588235294118,0.0,0.0,0.5137254901960784,0.0,0.0,0.0,0.0,0.29608191096586517,0.23940745275387942,0.08018541678821776
0.18095238095238098,0.0,0.06666666666666667,0.6666666666666666,0.0,1.0,0.07450980392156863,0.5019607843137255,0.009569377990430622,0.5607843137254902,0.38268031849431083,0.2480365861269949,0.1265674291531085
0.0,0.0,0.0,0.0,0.0,0.0,0.0,0.0,0.0,0.0,0.820022362968138,0.03991285272932955,0.0
0.7523809523809525,0.0,0.0,0.0,0.0,0.5019607843137255,0.0,0.4117647058823529,1.0,0.07450980392156863,0.23463936301137822,0.30916638381544037,0.0
0.29583333333333334,0.0,0.03137254901960784,0.0,0.0,0.0,0.0,0.0,0.0,0.0,0.26756254955818887,0.3031385177198473,0.0
0.6470238095238096,0.0,0.0,0.3333333333333333,0.38095238095238093,1.0,0.49411764705882355,0.8509803921568627,0.03827751196172249,0.0,0.38268031849431083,0.23885905387897255,0.08219078234506566
0.8029761904761905,0.0,0.8470588235294118,0.0,0.0,0.5176470588235293,0.0,0.0,0.0,0.0,0.36409660676800104,0.2477648183943625,0.06798020041417857
0.18154761904761907,0.0,0.0,0.6666666666666666,0.0,0.0,0.25098039215686274,0.4980392156862745,0.03827751196172249,0.6666666666666666,0.38268031849431083,0.24723490924142894,0.12945232144158955
0.18154761904761907,0.0,0.12549019607843137,0.6666666666666666,0.0,0.0,0.21176470588235294,0.4980392156862745,0.019138755980861243,0.0784313725490196,0.08659840752844564,0.4500792606500275,0.17002766562693575
0.0,0.0,0.0,0.0,0.0,0.0,0.0,0.0,0.0,0.0,0.8106328090901023,0.18509342481501007,0.0
0.18095238095238098,0.0,0.10196078431372549,0.6666666666666666,0.0,1.0,0.06274509803921569,0.5019607843137255,0.04784688995215311,0.8705882352941177,0.36409660676800104,0.2550430971584636,0.156536210439316
0.4,0.0,0.39215686274509803,0.0,0.611111111111111,0.11372549019607843,0.592156862745098,0.00784313725490196,0.9043062200956937,0.0,0.38268031849431083,0.24029566351368162,0.07945982888469613
0.6470238095238096,0.0,0.0,0.3333333333333333,0.38095238095238093,1.0,0.49411764705882355,0.8549019607843137,0.03827751196172249,0.0,0.36409660676800104,0.23883964333786606,0.08338042879510209
0.4702380952380953,0.0,0.0196078431372549,0.171875,0.49206349206349204,0.03529411764705882,0.12941176470588234,0.12941176470588234,0.0,0.43137254901960786,0.36409660676800104,0.2451493941716556,0.21902940090935893
0.7148809523809524,0.0,0.16078431372549018,0.203125,0.15476190476190477,0.13725490196078433,0.0,0.0,0.0,0.6039215686274509,0.26756254955818887,0.2973281508579941,0.0
0.6476190476190476,0.0,1.0,0.0,0.0,0.0,1.0,0.5843137254901961,0.043062200956937795,0.0,0.36409660676800104,0.24283087364554293,0.10323037011414557
0.5047619047619049,0.0,0.0196078431372549,0.16666666666666666,0.015873015873015872,0.40784313725490196,0.4588235294117647,0.0,0.0,0.23529411764705882,0.36409660676800104,0.23805140672677716,0.13488721794858333
0.4815476190476191,0.0,0.25098039215686274,0.96875,0.503968253968254,0.0784313725490196,0.06666666666666667,0.12549019607843137,0.0,0.0784313725490196,0.38268031849431083,0.24311642650653253,0.028765953692440067
0.4815476190476191,0.0,0.047058823529411764,0.9895833333333333,0.503968253968254,0.0784313725490196,0.06666666666666667,0.12549019607843137,0.0,0.0784313725490196,0.38268031849431083,0.23657077613189523,0.10752643321777919
0.4702380952380953,0.0,0.0196078431372549,0.171875,0.047619047619047616,0.0392156862745098,0.12941176470588234,0.12156862745098039,0.0,0.43529411764705883,0.38268031849431083,0.2393001613339128,0.25209163889685815
0.23750000000000002,0.0,0.996078431372549,0.46875,0.0,0.0,0.0,0.2549019607843137,0.0,0.0,0.38268031849431083,0.23726345505296836,0.07118281869104108
0.7148809523809524,0.0,0.16078431372549018,0.203125,0.15476190476190477,0.13725490196078433,0.0,0.0,0.0,0.6039215686274509,0.26756254955818887,0.3031091111397149,0.0
0.4815476190476191,0.0,0.5254901960784314,0.953125,0.503968253968254,0.0784313725490196,0.06666666666666667,0.12549019607843137,0.0,0.0784313725490196,0.38268031849431083,0.2372064636425148,0.056530706637852146
0.5238095238095238,0.0,0.0,0.16666666666666666,0.0,0.0,0.0,0.0,0.0,0.0,0.36409660676800104,0.23890433043271583,0.0
0.23750000000000002,0.0,0.996078431372549,0.484375,0.0,0.0,0.0,0.23529411764705882,0.0,0.0,0.38268031849431083,0.2359687520446031,0.09303536661017572
0.0,0.0,0.0,0.0,0.0,0.0,0.0,0.0,0.0,0.0,0.7905164965625804,0.04051527036496808,0.0
0.5047619047619049,0.0,0.0196078431372549,0.16666666666666666,0.07936507936507936,0.40784313725490196,0.4627450980392157,0.0,0.0,0.1843137254901961,0.38268031849431083,0.23870366350412195,0.1238158119476225
0.23750000000000002,0.0,0.996078431372549,0.4739583333333333,0.0,0.0,0.0,0.23529411764705882,0.0,0.0,0.38268031849431083,0.23713408138635497,0.06280801564415128
0.18095238095238098,0.0,0.10196078431372549,0.6666666666666666,0.0,1.0,0.06274509803921569,0.5019607843137255,0.0,0.047058823529411764,0.36409660676800104,0.24750021631030877,0.2026674565651811
0.4190476190476191,0.0,0.0784313725490196,0.0,0.0,0.0,0.0,0.0,0.0,0.0,0.38268031849431083,0.23874037477184537,0.0
0.4702380952380953,0.0,0.0196078431372549,0.171875,0.4444444444444444,0.03529411764705882,0.12941176470588234,0.12549019607843137,0.0,0.43529411764705883,0.36409660676800104,0.23918200709735615,0.16314206893352437
0.4,0.0,0.39215686274509803,0.0,0.611111111111111,0.11372549019607843,0.592156862745098,0.00784313725490196,0.9043062200956937,0.0,0.36409660676800104,0.2410431972391707,0.07945982888469613
0.4815476190476191,0.0,0.8627450980392157,0.9479166666666666,0.503968253968254,0.0784313725490196,0.06666666666666667,0.12549019607843137,0.0,0.0784313725490196,0.36409660676800104,0.23915835941718874,0.11494955482310489
0.0,0.0,0.0,0.0,0.0,0.0,0.0,0.0,0.0,0.0,0.6344150391090467,0.18343676026156508,0.0
0.8029761904761905,0.0,0.8470588235294118,0.0,0.0,0.5411764705882353,0.0,0.0,0.0,0.0,0.36409660676800104,0.24051012082838272,0.061830499129058164
0.4,0.0,0.26666666666666666,0.0,0.611111111111111,0.11372549019607843,0.592156862745098,0.00784313725490196,0.9043062200956937,0.0,0.36409660676800104,0.2386777415169797,0.0391451422959784
0.4702380952380953,0.0,0.0196078431372549,0.17708333333333331,0.4444444444444444,0.03529411764705882,0.13333333333333333,0.12941176470588234,0.0,0.43529411764705883,0.38268031849431083,0.23975214779181545,0.12476690651649039
0.6470238095238096,0.0,0.0,0.3333333333333333,0.38095238095238093,1.0,0.49411764705882355,0.5372549019607843,0.043062200956937795,0.0,0.1480409554829326,0.24227188761305807,0.11823059794955779
0.4702380952380953,0.0,0.0196078431372549,0.18229166666666666,0.4444444444444444,0.03529411764705882,0.13725490196078433,0.13333333333333333,0.0,0.43137254901960786,0.38268031849431083,0.23699794803162585,0.2532505400103412
0.7148809523809524,0.0,0.16078431372549018,0.203125,0.15476190476190477,0.13725490196078433,0.0,0.0,0.0,0.6039215686274509,0.26756254955818887,0.30318600232003173,0.0
0.4190476190476191,0.0,0.0784313725490196,0.0,0.0,0.0,0.0,0.0,0.0,0.0,0.38268031849431083,0.2386042592202315,0.0
0.8029761904761905,0.0,0.8470588235294118,0.0,0.0,0.5215686274509804,0.0,0.0,0.0,0.0,0.38268031849431083,0.23688582769162908,0.055406020348357995
0.6476190476190476,0.0,1.0,0.0,0.0,0.0,1.0,0.7843137254901961,0.03827751196172249,0.0,0.38268031849431083,0.2341902617760482,0.05956890489190951
0.4190476190476191,0.0,0.0784313725490196,0.0,0.0,0.0,0.0,0.0,0.0,0.0,0.36409660676800104,0.2450825631580698,0.0
0.7148809523809524,0.0,0.16078431372549018,0.203125,0.15476190476190477,0.13725490196078433,0.0,0.0,0.0,0.6039215686274509,0.0,0.5863527292989416,0.0
0.7523809523809525,0.0,0.0,0.0,0.0,0.5019607843137255,0.0,0.4117647058823529,1.0,0.07450980392156863,0.23463936301137822,0.3068075618673905,0.0
0.1904761904761905,0.0,0.0,0.0,0.0,0.0,0.047058823529411764,0.13725490196078433,0.1770334928229665,0.30980392156862746,0.36409660676800104,0.2292561385235632,0.08716618129203937
0.0,0.0,0.0,0.0,0.0,0.0,0.0,0.0,0.0,0.0,0.7264207722241013,0.19304161113146953,0.0
0.5047619047619049,0.0,0.0196078431372549,0.16666666666666666,0.7142857142857142,0.40784313725490196,0.45098039215686275,0.0,0.0,0.5411764705882353,0.08659840752844564,0.3015942967641066,0.12038690410961685
0.23750000000000002,0.0,0.996078431372549,0.47916666666666663,0.0,0.0,0.0,0.23529411764705882,0.0,0.0,0.38268031849431083,0.23687482870331186,0.07819619029941431
0.36190476190476195,0.0,0.09803921568627451,0.171875,0.13095238095238093,0.18823529411764706,0.03137254901960784,0.5568627450980392,0.4880382775119617,0.12941176470588234,0.38268031849431083,0.2382056467923127,0.21601252040292906
0.4,0.0,0.26666666666666666,0.0,0.611111111111111,0.11372549019607843,0.592156862745098,0.00784313725490196,0.9043062200956937,0.0,0.1480409554829326,0.39143633363111074,0.0391451422959784
0.29583333333333334,0.0,0.03137254901960784,0.0,0.0,0.0,0.0,0.0,0.0,0.0,0.23463936301137822,0.3033475064943414,0.0
0.0,0.0,0.0,0.0,0.0,0.0,0.0,0.0,0.0,0.0,0.6450961623302295,0.19057536969974945,0.0
0.36190476190476195,0.0,0.09803921568627451,0.17708333333333331,0.1349206349206349,0.18823529411764706,0.03137254901960784,0.5607843137254902,0.5358851674641149,0.011764705882352941,0.08659840752844564,0.44858217160359204,0.1591026809359467
0.23750000000000002,0.0,0.996078431372549,0.484375,0.0,0.0,0.0,0.23529411764705882,0.0,0.0,0.36409660676800104,0.24043797883515283,0.09303536661017572
0.2017857142857143,0.0,0.0,0.171875,0.06349206349206349,1.0,0.0,1.0,0.0,0.0,0.1480409554829326,0.4482171989646285,0.0
0.09523809523809525,0.0,0.3529411764705882,0.6614583333333333,0.30158730158730157,0.0392156862745098,0.0,0.12156862745098039,0.009569377990430622,0.0,0.08659840752844564,0.4593008230389918,0.17185210340537835
0.4,0.0,0.1411764705882353,0.0,0.611111111111111,0.11372549019607843,0.592156862745098,0.00784313725490196,0.9043062200956937,0.0,0.08659840752844564,0.4211212722913066,0.03903726011546839
0.1904761904761905,0.0,0.0,0.0,0.0,0.0,0.054901960784313725,0.13333333333333333,0.19138755980861244,0.5058823529411764,0.38268031849431083,0.24750021631030877,0.04074360943859859
0.6476190476190476,0.0,1.0,0.0,0.0,0.0,1.0,0.5607843137254902,0.043062200956937795,0.0,0.36409660676800104,0.23893234846237785,0.10996438978834368
0.4,0.0,0.1411764705882353,0.0,0.611111111111111,0.11372549019607843,0.592156862745098,0.00784313725490196,0.9043062200956937,0.0,0.36409660676800104,0.24018932536146734,0.03903726011546839
0.4815476190476191,0.0,0.8627450980392157,0.9479166666666666,0.503968253968254,0.0784313725490196,0.06666666666666667,0.12549019607843137,0.0,0.0784313725490196,0.36409660676800104,0.30318148095260056,0.11494955482310489
0.18154761904761907,0.0,0.0,0.6666666666666666,0.0,0.0,0.20392156862745098,0.4980392156862745,0.06220095693779904,0.5529411764705883,0.36409660676800104,0.22930599770233917,0.15441296293783707
0.0,0.0,0.0,0.0,0.0,0.0,0.0,0.0,0.0,0.0,0.9970128470783314,0.03964216567148568,0.0
0.0,0.0,0.0,0.0,0.0,0.0,0.0,0.0,0.0,0.0,0.771212453791489,0.02848456118377419,0.0
0.23750000000000002,0.0,0.996078431372549,0.484375,0.0,0.0,0.0,0.23529411764705882,0.0,0.0,0.36409660676800104,0.23885905387897255,0.09303536661017572
0.29583333333333334,0.0,0.03137254901960784,0.0,0.0,0.0,0.0,0.0,0.0,0.0,0.23463936301137822,0.300450711504316,0.0
0.29583333333333334,0.0,0.03137254901960784,0.0,0.0,0.0,0.0,0.0,0.0,0.0,0.08659840752844564,0.40915420104910105,0.0
0.1904761904761905,0.0,0.0,0.0,0.0,0.0,0.07058823529411765,0.0,0.16746411483253587,0.6941176470588235,0.36409660676800104,0.22937718182220584,0.1741226321861537
0.1904761904761905,0.0,0.0,0.0,0.0,0.0,0.06274509803921569,0.1568627450980392,0.18181818181818182,0.9568627450980391,0.38268031849431083,0.25359553471943386,0.1405402109335819
0.23750000000000002,0.0,0.996078431372549,0.4895833333333333,0.0,0.0,0.0,0.23529411764705882,0.0,0.0,0.38268031849431083,0.2377225785211418,0.1073633717342716
0.6380952380952382,0.0,0.0,0.0,0.0,0.0,0.0,0.0,0.0,0.0,0.26756254955818887,0.3009813970300694,0.0
0.5238095238095238,0.0,0.0,0.16666666666666666,0.0,0.0,0.0,0.0,0.0,0.0,0.34374045372979056,0.23874037477184537,0.0
0.4702380952380953,0.0,0.0196078431372549,0.171875,0.20634920634920634,0.0392156862745098,0.12941176470588234,0.12156862745098039,0.0,0.43529411764705883,0.36409660676800104,0.21557945819951824,0.21923558163299803
0.23750000000000002,0.0,0.996078431372549,0.46875,0.0,0.0,0.0,0.23529411764705882,0.0,0.0,0.34374045372979056,0.24014462945251036,0.046828654752151574
0.6470238095238096,0.0,0.0,0.3333333333333333,0.38095238095238093,1.0,0.49411764705882355,0.8392156862745098,0.03827751196172249,0.0,0.36409660676800104,0.2386496517472373,0.07860129244220064
0.0,0.0,0.0,0.0,0.0,0.0,0.0,0.0,0.0,0.0,0.45707094903675016,0.1852487187751376,0.0
0.4,0.0,0.39215686274509803,0.0,0.611111111111111,0.11372549019607843,0.592156862745098,0.00784313725490196,0.9043062200956937,0.0,0.38268031849431083,0.23896682137254638,0.07945982888469613
0.4190476190476191,0.0,0.0784313725490196,0.0,0.0,0.0,0.0,0.0,0.0,0.0,0.1956994982468579,0.4203376961976409,0.0
0.23750000000000002,0.0,0.996078431372549,0.484375,0.0,0.0,0.0,0.23529411764705882,0.0,0.0,0.38268031849431083,0.23673834021775084,0.09303536661017572
0.8029761904761905,0.0,0.8470588235294118,0.0,0.0,0.5294117647058824,0.0,0.0,0.0,0.0,0.38268031849431083,0.23912180195277905,0.029056529062786718
0.5238095238095238,0.0,0.0,0.16666666666666666,0.0,0.0,0.0,0.0,0.0,0.0,0.36409660676800104,0.23887846063715107,0.0
0.6476190476190476,0.0,1.0,0.0,0.0,0.0,1.0,0.7803921568627451,0.03827751196172249,0.0,0.0,0.4995761469038479,0.058310316896628286
0.4815476190476191,0.0,0.8627450980392157,0.9635416666666666,0.503968253968254,0.0784313725490196,0.06666666666666667,0.12549019607843137,0.0,0.0784313725490196,0.36409660676800104,0.2402871606391695,0.0803935128757048
0.1904761904761905,0.0,0.0,0.0,0.0,0.0,0.047058823529411764,0.12549019607843137,0.15311004784688995,0.9490196078431372,0.36409660676800104,0.2552207420356702,0.1563345604919064
0.8583333333333334,0.0,0.01568627450980392,0.0,0.6547619047619048,0.00392156862745098,0.0,0.0,0.0,0.0,0.0,0.8662072325140598,0.0022399154389777707
0.6380952380952382,0.0,0.0,0.0,0.0,0.0,0.0,0.0,0.0,0.0,0.0,0.5968812021425978,0.0
0.4190476190476191,0.0,0.0784313725490196,0.0,0.0,0.0,0.0,0.0,0.0,0.0,0.38268031849431083,0.2386237156941676,0.0
0.0,0.0,0.0,0.0,0.0,0.0,0.0,0.0,0.0,0.0,0.5307212739772434,0.19064538815729018,0.0
0.7523809523809525,0.0,0.0,0.0,0.0,0.5019607843137255,0.0,0.4117647058823529,1.0,0.07450980392156863,0.23463936301137822,0.3031475641515236,0.0
0.0,0.0,0.0,0.0,0.0,0.0,0.0,0.0,0.0,0.0,0.5022019125695671,0.18517110206814835,0.0
0.23750000000000002,0.0,0.996078431372549,0.47916666666666663,0.0,0.0,0.0,0.23529411764705882,0.0,0.0,0.34374045372979056,0.23861290701131685,0.07819619029941431
0.1904761904761905,0.0,0.0,0.0,0.0,0.0,0.10196078431372549,0.2,0.19138755980861244,0.403921568627451,0.08659840752844564,0.4375244374900541,0.1562029766981719
0.0,0.0,0.0,0.0,0.0,0.0,0.0,0.0,0.0,0.0,0.5783798167411688,0.03991285272932955,0.0
0.8029761904761905,0.0,0.8470588235294118,0.0,0.0,0.5372549019607843,0.0,0.0,0.0,0.0,0.38268031849431083,0.2365619491538982,0.04906614384407297
0.0,0.0,0.0,0.0,0.0,0.0,0.0,0.0,0.0,0.0,0.8057785557650592,0.04030958998714853,0.0
0.5047619047619049,0.0,0.0196078431372549,0.16666666666666666,0.5873015873015872,0.40784313725490196,0.4666666666666667,0.0,0.0,0.6823529411764706,0.08659840752844564,0.3698813065109468,0.08449680716021826
0.0,0.0,0.0,0.0,0.0,0.0,0.0,0.0,0.0,0.0,0.8499722585405394,0.04076783362241803,0.0
0.0,0.0,0.0,0.0,0.0,0.0,0.0,0.0,0.0,0.0,0.9960077725067024,0.03997643700809555,0.0
0.5238095238095238,0.0,0.0,0.16666666666666666,0.0,0.0,0.0,0.0,0.0,0.0,0.36409660676800104,0.24253410821874782,0.0
0.0,0.0,0.0,0.0,0.0,0.0,0.0,0.0,0.0,0.0,0.5921638219317304,0.0402462181515586,0.0
0.5047619047619049,0.0,0.0196078431372549,0.16666666666666666,0.5238095238095237,0.40784313725490196,0.4588235294117647,0.0,0.0,0.7372549019607844,0.36409660676800104,0.23947177216044296,0.06429436895109483
0.6470238095238096,0.0,0.0,0.3333333333333333,0.38095238095238093,1.0,0.49411764705882355,0.7764705882352941,0.03827751196172249,0.0,0.36409660676800104,0.23918415660801706,0.058915993560621965
0.36190476190476195,0.0,0.09803921568627451,0.17708333333333331,0.1349206349206349,0.18823529411764706,0.03137254901960784,0.5568627450980392,0.5215311004784688,0.22352941176470587,0.38268031849431083,0.23874037477184537,0.1289887323784297
0.0,0.0,0.0,0.0,0.0,0.0,0.0,0.0,0.0,0.0,0.7593439587709121,0.0398492278236016,0.0
0.18154761904761907,0.0,0.9333333333333333,0.6614583333333333,0.0,0.0,0.2196078431372549,0.4980392156862745,0.014354066985645932,0.22352941176470587,0.1480409554829326,0.2292775098000228,0.17744596450283034
0.5047619047619049,0.0,0.0196078431372549,0.16666666666666666,0.015873015873015872,0.40784313725490196,0.4627450980392157,0.0,0.0,0.24705882352941178,0.36409660676800104,0.23649793015228654,0.12382796658345042
0.8029761904761905,0.0,0.8470588235294118,0.0,0.0,0.5411764705882353,0.0,0.0,0.0,0.0,0.36409660676800104,0.23974146090987006,0.061830499129058164
0.0011904761904761906,0.0,0.0,0.0,0.0,0.0,0.0,0.0,0.019138755980861243,0.49411764705882355,0.36409660676800104,0.24754173028966203,0.10361028022387692
0.0011904761904761906,0.0,0.0,0.0,0.0,0.0,0.0,0.03529411764705882,0.06220095693779904,0.615686274509804,0.36409660676800104,0.2295265030429083,0.1270139734165268
0.5047619047619049,0.0,0.0196078431372549,0.16666666666666666,0.5873015873015872,0.40784313725490196,0.4588235294117647,0.0,0.0,0.6745098039215687,0.23463936301137822,0.3024770368608385,0.06430839330360202
0.5047619047619049,0.0,0.0196078431372549,0.16666666666666666,0.07936507936507936,0.40784313725490196,0.45098039215686275,0.0,0.0,0.16470588235294117,0.38268031849431083,0.2395617495906474,0.18447451623498753
0.23750000000000002,0.0,0.996078431372549,0.484375,0.0,0.0,0.0,0.23529411764705882,0.0,0.0,0.36409660676800104,0.23922928561684445,0.09303536661017572
0.36190476190476195,0.0,0.09803921568627451,0.18229166666666666,0.1388888888888889,0.18823529411764706,0.03137254901960784,0.5568627450980392,0.5454545454545454,0.0,0.3212377705398239,0.23960670783561752,0.24286798312192034
0.4,0.0,0.26666666666666666,0.0,0.611111111111111,0.11372549019607843,0.592156862745098,0.00784313725490196,0.9043062200956937,0.0,0.08659840752844564,0.233327723777087,0.0391451422959784
0.4815476190476191,0.0,0.5254901960784314,0.9635416666666666,0.503968253968254,0.0784313725490196,0.06666666666666667,0.12549019607843137,0.0,0.0784313725490196,0.38268031849431083,0.23861506884174738,0.030280014737199847
0.18154761904761907,0.0,0.9490196078431372,0.6614583333333333,0.0,0.0,0.25098039215686274,0.4980392156862745,0.043062200956937795,0.6784313725490196,0.38268031849431083,0.22048336376445307,0.15254119734044058
0.4815476190476191,0.0,0.8627450980392157,0.9739583333333333,0.503968253968254,0.0784313725490196,0.06666666666666667,0.12549019607843137,0.0,0.0784313725490196,0.08659840752844564,0.391115265608187,0.08173320827089746
0.18095238095238098,0.0,0.07450980392156863,0.6666666666666666,0.0,1.0,0.07450980392156863,0.5019607843137255,0.06698564593301436,0.6627450980392157,0.36409660676800104,0.24742505175400836,0.13964092573624004
0.4815476190476191,0.0,0.8627450980392157,0.9635416666666666,0.503968253968254,0.0784313725490196,0.06666666666666667,0.12549019607843137,0.0,0.0784313725490196,0.36409660676800104,0.2450055506302798,0.0803935128757048
0.7148809523809524,0.0,0.16078431372549018,0.203125,0.15476190476190477,0.13725490196078433,0.0,0.0,0.0,0.6039215686274509,0.1956994982468579,0.30314304103841655,0.0
0.4190476190476191,0.0,0.0784313725490196,0.0,0.0,0.0,0.0,0.0,0.0,0.0,0.38268031849431083,0.228987419223307,0.0
0.0,0.0,0.0,0.0,0.0,0.0,0.0,0.0,0.0,0.0,0.8635066109238047,0.039450648463288183,0.0
0.0,0.0,0.0,0.0,0.0,0.0,0.0,0.0,0.0,0.0,0.5636444605240541,0.19931728421137915,0.0
0.4190476190476191,0.0,0.0784313725490196,0.0,0.0,0.0,0.0,0.0,0.0,0.0,0.08659840752844564,0.4094711342854665,0.0
0.7523809523809525,0.0,0.0,0.0,0.0,0.5019607843137255,0.0,0.4117647058823529,1.0,0.07450980392156863,0.23463936301137822,0.3041488825960835,0.0
0.0,0.0,0.0,0.0,0.0,0.0,0.0,0.0,0.0,0.0,0.768306586485387,0.039578367520394175,0.0
0.4702380952380953,0.0,0.0196078431372549,0.171875,0.4126984126984127,0.03529411764705882,0.12941176470588234,0.12941176470588234,0.0,0.43529411764705883,0.38268031849431083,0.2313057606845307,0.16964071792024565
0.5047619047619049,0.0,0.0196078431372549,0.16666666666666666,0.6507936507936507,0.40784313725490196,0.4666666666666667,0.0,0.0,0.6196078431372549,0.38268031849431083,0.2386496517472373,0.0845101666947286
0.7523809523809525,0.0,0.0,0.0,0.0,0.5019607843137255,0.0,0.4117647058823529,1.0,0.07450980392156863,0.23463936301137822,0.3038753641434978,0.0
0.4815476190476191,0.0,0.25098039215686274,0.9635416666666666,0.503968253968254,0.0784313725490196,0.06666666666666667,0.12549019607843137,0.0,0.0784313725490196,0.36409660676800104,0.2529761366777988,0.04067248796808332
0.5238095238095238,0.0,0.0,0.16666666666666666,0.0,0.0,0.0,0.0,0.0,0.0,0.38268031849431083,0.23402966989671162,0.0
0.0,0.0,0.0,0.0,0.0,0.0,0.0,0.0,0.0,0.0,0.6450961623302295,0.04279650409125474,0.0
0.29583333333333334,0.0,0.03137254901960784,0.0,0.0,0.0,0.0,0.0,0.0,0.0,0.1480409554829326,0.303492974681088,0.0
0.36190476190476195,0.0,0.09803921568627451,0.17708333333333331,0.1388888888888889,0.18823529411764706,0.03137254901960784,0.5568627450980392,0.5406698564593301,0.20784313725490194,0.38268031849431083,0.23893019350918812,0.18395252727470612
0.18095238095238098,0.0,0.07058823529411765,0.6666666666666666,0.0,1.0,0.21176470588235294,0.5019607843137255,0.028708133971291863,0.6470588235294118,0.36409660676800104,0.248630704119531,0.08168466629693372
0.18154761904761907,0.0,0.054901960784313725,0.6666666666666666,0.0,0.0,0.2784313725490196,0.4980392156862745,0.06220095693779904,0.2823529411764706,0.38268031849431083,0.22921813381436473,0.18355946732375833
0.36190476190476195,0.0,0.09803921568627451,0.171875,0.13095238095238093,0.18823529411764706,0.03137254901960784,0.5568627450980392,0.5215311004784688,0.09803921568627451,0.36409660676800104,0.23942675293847654,0.1582105579249528
0.18095238095238098,0.0,0.03529411764705882,0.6666666666666666,0.0,1.0,0.9607843137254902,0.4980392156862745,0.03827751196172249,0.8862745098039215,0.36409660676800104,0.24933977451122288,0.2715566928996458
0.18095238095238098,0.0,0.09803921568627451,0.6666666666666666,0.0,1.0,0.9529411764705882,0.4980392156862745,0.03827751196172249,0.3686274509803922,0.38268031849431083,0.2473735906635243,0.22657153518330073
0.5238095238095238,0.0,0.0,0.16666666666666666,0.0,0.0,0.0,0.0,0.0,0.0,0.38268031849431083,0.2386971836399324,0.0
0.2017857142857143,0.0,0.0,0.171875,0.06349206349206349,1.0,0.0,1.0,0.0,0.0,0.36409660676800104,0.23415409465592155,0.0
0.7148809523809524,0.0,0.16078431372549018,0.203125,0.15476190476190477,0.13725490196078433,0.0,0.0,0.0,0.6039215686274509,0.23463936301137822,0.3032142562162263,0.0
0.7148809523809524,0.0,0.16078431372549018,0.203125,0.15476190476190477,0.13725490196078433,0.0,0.0,0.0,0.6039215686274509,0.0,0.5461640685100362,0.0
0.18154761904761907,0.0,0.03529411764705882,0.6666666666666666,0.0,0.0,0.1764705882352941,0.4980392156862745,0.03349282296650718,0.29411764705882354,0.38268031849431083,0.23084639029039286,0.14502501682937674
0.5238095238095238,0.0,0.0,0.16666666666666666,0.0,0.0,0.0,0.0,0.0,0.0,0.36409660676800104,0.23847012233348816,0.0
0.4702380952380953,0.0,0.0196078431372549,0.17708333333333331,0.2222222222222222,0.0392156862745098,0.13333333333333333,0.12156862745098039,0.0,0.43529411764705883,0.38268031849431083,0.23822301098787596,0.1682172570067037
0.0,0.0,0.0,0.0,0.0,0.0,0.0,0.0,0.0,0.0,0.715465655440872,0.039578367520394175,0.0
0.18154761904761907,0.0,0.8784313725490196,0.6614583333333333,0.0,0.0,0.13333333333333333,0.4980392156862745,0.023923444976076555,0.3803921568627451,0.38268031849431083,0.22929650264042872,0.1810328057587386
0.18095238095238098,0.0,0.011764705882352941,0.6666666666666666,0.0,1.0,0.08627450980392157,0.5019607843137255,0.023923444976076555,0.33725490196078434,0.36409660676800104,0.2293748098378681,0.172380611416035
0.4,0.0,0.1411764705882353,0.0,0.611111111111111,0.11372549019607843,0.592156862745098,0.00784313725490196,0.9043062200956937,0.0,0.36409660676800104,0.24956081171660344,0.03903726011546839
0.1904761904761905,0.0,0.0,0.0,0.0,0.0,0.07058823529411765,0.0,0.15311004784688995,0.5882352941176471,0.38268031849431083,0.24739932453310615,0.18377789498984837
0.0,0.0,0.0,0.0,0.0,0.0,0.0,0.0,0.0,0.0,0.6231714983085562,0.03937074078611449,0.0
0.4190476190476191,0.0,0.0784313725490196,0.0,0.0,0.0,0.0,0.0,0.0,0.0,0.36409660676800104,0.2386410071467822,0.0
0.23750000000000002,0.0,0.996078431372549,0.46354166666666663,0.0,0.0,0.0,0.25098039215686274,0.0,0.0,0.38268031849431083,0.23766584935086355,0.05184924919633407
0.0,0.0,0.0,0.0,0.0,0.0,0.0,0.0,0.0,0.0,0.5394399519766484,0.19255185183770418,0.0
0.36190476190476195,0.0,0.09803921568627451,0.17708333333333331,0.1349206349206349,0.18823529411764706,0.03137254901960784,0.5607843137254902,0.5263157894736842,0.21568627450980393,0.38268031849431083,0.23901204896363365,0.13053996324025455
0.23750000000000002,0.0,0.996078431372549,0.46875,0.0,0.0,0.0,0.2549019607843137,0.0,0.0,0.36409660676800104,0.24059916530996758,0.07118281869104108
0.6380952380952382,0.0,0.0,0.0,0.0,0.0,0.0,0.0,0.0,0.0,0.26756254955818887,0.30280095130743745,0.0
0.0,0.0,0.0,0.0,0.0,0.0,0.0,0.0,0.0,0.0,0.571139192753681,0.1876685916326993,0.0
0.7523809523809525,0.0,0.0,0.0,0.0,0.5019607843137255,0.0,0.4117647058823529,1.0,0.07450980392156863,0.26756254955818887,0.30352226813634203,0.0
0.2017857142857143,0.0,0.0,0.171875,0.06349206349206349,1.0,0.0,1.0,0.0,0.0,0.36409660676800104,0.23423093409066353,0.0
0.18095238095238098,0.0,0.050980392156862744,0.6666666666666666,0.0,1.0,0.2392156862745098,0.5019607843137255,0.04784688995215311,0.3607843137254902,0.38268031849431083,0.2473676511336821,0.10988431609286498
0.4702380952380953,0.0,0.0196078431372549,0.18229166666666666,0.36507936507936506,0.03529411764705882,0.13725490196078433,0.13333333333333333,0.0,0.43529411764705883,0.38268031849431083,0.23854154026477917,0.20798274214900567
0.5047619047619049,0.0,0.0196078431372549,0.16666666666666666,0.7777777777777777,0.40784313725490196,0.4588235294117647,0.0,0.0,0.9882352941176471,0.38268031849431083,0.2382143292685864,0.13508826167486768
0.4815476190476191,0.0,0.25098039215686274,0.9895833333333333,0.503968253968254,0.0784313725490196,0.06666666666666667,0.12549019607843137,0.0,0.0784313725490196,0.38268031849431083,0.23659945840772614,0.07988344531547721
0.0,0.0,0.0,0.0,0.0,0.0,0.0,0.0,0.0,0.0,0.8418349713984037,0.04010348389204519,0.0
0.4815476190476191,0.0,0.047058823529411764,0.984375,0.503968253968254,0.0784313725490196,0.06666666666666667,0.12549019607843137,0.0,0.0784313725490196,0.08659840752844564,0.43761414477720123,0.09611920969509093
0.1904761904761905,0.0,0.0,0.0,0.0,0.0,0.08627450980392157,0.0,0.15789473684210525,0.5529411764705883,0.38268031849431083,0.22937718182220584,0.18825756033926935
0.5238095238095238,0.0,0.0,0.16666666666666666,0.0,0.0,0.0,0.0,0.0,0.0,0.38268031849431083,0.23892157323004773,0.0
0.36190476190476195,0.0,0.09803921568627451,0.171875,0.13095238095238093,0.18823529411764706,0.03137254901960784,0.5607843137254902,0.5167464114832536,0.03137254901960784,0.38268031849431083,0.23894096780881582,0.21157075353977212
0.18154761904761907,0.0,0.984313725490196,0.6614583333333333,0.0,0.0,0.2980392156862745,0.4980392156862745,0.05263157894736842,0.07058823529411765,0.38268031849431083,0.2293866691945808,0.2198949163162919
0.6476190476190476,0.0,1.0,0.0,0.0,0.0,1.0,0.803921568627451,0.03827751196172249,0.0,0.36409660676800104,0.23562405178650356,0.0658053512057129
0.4702380952380953,0.0,0.0196078431372549,0.17708333333333331,0.49206349206349204,0.03529411764705882,0.13333333333333333,0.12941176470588234,0.0,0.43529411764705883,0.36409660676800104,0.246500650261492,0.13744326298185078
0.23750000000000002,0.0,0.996078431372549,0.46875,0.0,0.0,0.0,0.2549019607843137,0.0,0.0,0.38268031849431083,0.23858696138469385,0.07118281869104108
0.18095238095238098,0.0,0.08627450980392157,0.6666666666666666,0.0,1.0,0.12941176470588234,0.5019607843137255,0.014354066985645932,0.21568627450980393,0.23463936301137822,0.36970701976873344,0.13726169388876655
0.29583333333333334,0.0,0.03137254901960784,0.0,0.0,0.0,0.0,0.0,0.0,0.0,0.08659840752844564,0.40977039799210313,0.0
0.8029761904761905,0.0,0.8470588235294118,0.0,0.0,0.5411764705882353,0.0,0.0,0.0,0.0,0.26756254955818887,0.30214178576722095,0.061830499129058164
0.1904761904761905,0.0,0.0,0.0,0.0,0.0,0.054901960784313725,0.13725490196078433,0.18660287081339713,0.4627450980392157,0.38268031849431083,0.23010036793815702,0.04870671980474254
0.18154761904761907,0.0,0.9686274509803922,0.6614583333333333,0.0,0.0,0.3607843137254902,0.4980392156862745,0.028708133971291863,0.18823529411764706,0.38268031849431083,0.24690924015533192,0.21984024652804232
0.5238095238095238,0.0,0.0,0.16666666666666666,0.0,0.0,0.0,0.0,0.0,0.0,0.38268031849431083,0.23889355216798724,0.0
0.6470238095238096,0.0,0.0,0.3333333333333333,0.38095238095238093,1.0,0.49411764705882355,0.5058823529411764,0.043062200956937795,0.0,0.36409660676800104,0.23910244256618957,0.126879873968549
0.4190476190476191,0.0,0.0784313725490196,0.0,0.0,0.0,0.0,0.0,0.0,0.0,0.38268031849431083,0.23850475560611503,0.0
0.6476190476190476,0.0,1.0,0.0,0.0,0.0,1.0,0.7098039215686275,0.03827751196172249,0.0,0.36409660676800104,0.23814919223592446,0.04229648642144472
0.0011904761904761906,0.0,0.0,0.0,0.0,0.0,0.0,0.03137254901960784,0.057416267942583726,0.8,0.36409660676800104,0.24817808409379913,0.13135856440630783
0.0,0.0,0.0,0.0,0.0,0.0,0.0,0.0,0.0,0.0,0.617319681505689,0.040972570631572516,0.0
0.8029761904761905,0.0,0.8470588235294118,0.0,0.0,0.5333333333333333,0.0,0.0,0.0,0.0,0.36409660676800104,0.2388849287161481,0.03589768241871075
0.6380952380952382,0.0,0.0,0.0,0.0,0.0,0.0,0.0,0.0,0.0,0.1480409554829326,0.36956841502515536,0.0
0.0011904761904761906,0.0,0.0,0.0,0.0,0.0,0.0,0.0392156862745098,0.004784688995215311,0.8352941176470589,0.38268031849431083,0.22961409537725758,0.17327533478985863
0.29583333333333334,0.0,0.03137254901960784,0.0,0.0,0.0,0.0,0.0,0.0,0.0,0.23463936301137822,0.30361122233902355,0.0
0.5238095238095238,0.0,0.0,0.16666666666666666,0.0,0.0,0.0,0.0,0.0,0.0,0.36409660676800104,0.23879649525082366,0.0
0.18095238095238098,0.0,0.11372549019607843,0.6666666666666666,0.0,1.0,0.1803921568627451,0.5019607843137255,0.057416267942583726,0.24705882352941178,0.36409660676800104,0.24754173028966203,0.15681882634031274
0.5047619047619049,0.0,0.0196078431372549,0.16666666666666666,0.5238095238095237,0.40784313725490196,0.4588235294117647,0.0,0.0,0.7372549019607844,0.38268031849431083,0.23808618591028366,0.06429436895109483
0.23750000000000002,0.0,0.996078431372549,0.44791666666666663,0.0,0.0,0.0,0.23529411764705882,0.0,0.0,0.0,0.5279982731638042,0.09241251950922756
0.2017857142857143,0.0,0.0,0.171875,0.06349206349206349,1.0,0.0,1.0,0.0,0.0,0.38268031849431083,0.23425803974083348,0.0
0.09523809523809525,0.0,0.3568627450980392,0.671875,0.2222222222222222,0.0392156862745098,0.0,0.12156862745098039,0.009569377990430622,0.0,0.08659840752844564,0.4594068237210143,0.14805070037414741
0.6470238095238096,0.0,0.0,0.3333333333333333,0.38095238095238093,1.0,0.49411764705882355,0.8352941176470589,0.03827751196172249,0.0,0.36409660676800104,0.23875764598050256,0.07739787962939865
0.4702380952380953,0.0,0.0196078431372549,0.171875,0.20634920634920634,0.0392156862745098,0.12941176470588234,0.11764705882352941,0.0,0.43529411764705883,0.38268031849431083,0.23902927312022604,0.23970449830676285
0.5238095238095238,0.0,0.0,0.16666666666666666,0.0,0.0,0.0,0.0,0.0,0.0,0.38268031849431083,0.2385696605437968,0.0
0.0,0.0,0.0,0.0,0.0,0.0,0.0,0.0,0.0,0.0,0.813019179752547,0.03970592297413732,0.0
0.0011904761904761906,0.0,0.0,0.0,0.0,0.0,0.0,0.03137254901960784,0.06220095693779904,0.8196078431372549,0.38268031849431083,0.2270493871860786,0.1420128540118401
0.4815476190476191,0.0,0.047058823529411764,0.9635416666666666,0.503968253968254,0.0784313725490196,0.06666666666666667,0.12549019607843137,0.0,0.0784313725490196,0.38268031849431083,0.23857831133998053,0.07095072540155607
0.36190476190476195,0.0,0.09803921568627451,0.17708333333333331,0.1349206349206349,0.18823529411764706,0.03137254901960784,0.5568627450980392,0.5598086124401913,0.12941176470588234,0.38268031849431083,0.23699794803162585,0.14463911464197401
0.8029761904761905,0.0,0.8470588235294118,0.4583333333333333,0.0,0.5411764705882353,0.0,0.0,0.0,0.0,0.36409660676800104,0.2417034587908469,0.11997762463337679
0.0,0.0,0.0,0.0,0.0,0.0,0.0,0.0,0.0,0.0,0.9970128470783314,0.04003998071175027,0.0
0.4190476190476191,0.0,0.0784313725490196,0.0,0.0,0.0,0.0,0.0,0.0,0.0,0.36409660676800104,0.24044646884170848,0.0
0.23750000000000002,0.0,0.996078431372549,0.4739583333333333,0.0,0.0,0.0,0.2549019607843137,0.0,0.0,0.38268031849431083,0.23855884599161306,0.08626978094876307
0.4,0.0,0.39215686274509803,0.0,0.611111111111111,0.11372549019607843,0.592156862745098,0.00784313725490196,0.9043062200956937,0.0,0.23463936301137822,0.29729697707811037,0.07945982888469613
0.7523809523809525,0.0,0.0,0.0,0.0,0.5019607843137255,0.0,0.4117647058823529,1.0,0.07450980392156863,0.23463936301137822,0.3033384782095993,0.0
0.18154761904761907,0.0,0.9686274509803922,0.6614583333333333,0.0,0.0,0.2392156862745098,0.4980392156862745,0.014354066985645932,0.5254901960784314,0.38268031849431083,0.22920625436750441,0.15256820719333739
0.6380952380952382,0.0,0.0,0.0,0.0,0.0,0.0,0.0,0.0,0.0,0.1956994982468579,0.30314304103841655,0.0
0.0,0.0,0.0,0.0,0.0,0.0,0.0,0.0,0.0,0.0,0.7931371178131621,0.04030958998714853,0.0
0.0,0.0,0.0,0.0,0.0,0.0,0.0,0.0,0.0,0.0,0.5394399519766484,0.1866355725697619,0.0
0.0,0.0,0.0,0.0,0.0,0.0,0.0,0.0,0.0,0.0,0.740204777414663,0.02972524464315193,0.0
0.2017857142857143,0.0,0.0,0.171875,0.06349206349206349,1.0,0.0,1.0,0.0,0.0,0.38268031849431083,0.22722405405645976,0.0
0.0,0.0,0.0,0.0,0.0,0.0,0.0,0.0,0.0,0.0,0.5853829999567598,0.04103548203995318,0.0
0.5238095238095238,0.0,0.0,0.16666666666666666,0.0,0.0,0.0,0.0,0.0,0.0,0.36409660676800104,0.22859612503785498,0.0
0.0011904761904761906,0.0,0.0,0.0,0.0,0.0,0.0,0.03137254901960784,0.019138755980861243,0.1411764705882353,0.0,0.47751968482761314,0.13070507327225028
0.18154761904761907,0.0,0.03529411764705882,0.6666666666666666,0.0,0.0,0.25098039215686274,0.4980392156862745,0.04784688995215311,0.12156862745098039,0.38268031849431083,0.2455232245999739,0.1687362503460509
0.0011904761904761906,0.0,0.0,0.0,0.0,0.0,0.0,0.023529411764705882,0.07177033492822966,0.01568627450980392,0.38268031849431083,0.20858551224525707,0.15624193319583202
0.1904761904761905,0.0,0.0,0.0,0.0,0.0,0.03137254901960784,0.12549019607843137,0.21052631578947367,0.40784313725490196,0.1956994982468579,0.3031385177198473,0.10282809433161275
0.0011904761904761906,0.0,0.0,0.0,0.0,0.0,0.0,0.0196078431372549,0.03349282296650718,0.2196078431372549,0.36409660676800104,0.22946490554568671,0.05432803153421522
0.29583333333333334,0.0,0.03137254901960784,0.0,0.0,0.0,0.0,0.0,0.0,0.0,0.1480409554829326,0.40919474999842864,0.0
0.6470238095238096,0.0,0.0,0.3333333333333333,0.38095238095238093,1.0,0.49411764705882355,0.592156862745098,0.043062200956937795,0.0,0.36409660676800104,0.20309102868374465,0.10264764514359775
0.2017857142857143,0.0,0.0,0.171875,0.06349206349206349,1.0,0.0,1.0,0.0,0.0,0.36409660676800104,0.23421963789176992,0.0
0.5238095238095238,0.0,0.0,0.16666666666666666,0.0,0.0,0.0,0.0,0.0,0.0,0.1956994982468579,0.3696652846667095,0.0
0.1904761904761905,0.0,0.0,0.0,0.0,0.0,0.0392156862745098,0.12549019607843137,0.20574162679425836,0.2196078431372549,0.38268031849431083,0.22930599770233917,0.11069948114160219
0.5238095238095238,0.0,0.0,0.16666666666666666,0.0,0.0,0.0,0.0,0.0,0.0,0.1480409554829326,0.3082059078347046,0.0
0.4190476190476191,0.0,0.0784313725490196,0.0,0.0,0.0,0.0,0.0,0.0,0.0,0.08659840752844564,0.37000503274287,0.0
0.5238095238095238,0.0,0.0,0.16666666666666666,0.0,0.0,0.0,0.0,0.0,0.0,0.38268031849431083,0.2390572560219698,0.0
0.36190476190476195,0.0,0.10980392156862745,0.19270833333333331,0.14285714285714285,0.18823529411764706,0.03137254901960784,0.5607843137254902,0.5215311004784688,0.050980392156862744,0.38268031849431083,0.23941817554047504,0.3710987329451372
0.29583333333333334,0.0,0.03137254901960784,0.0,0.0,0.0,0.0,0.0,0.0,0.0,0.26756254955818887,0.30308535332983966,0.0
0.5238095238095238,0.0,0.0,0.16666666666666666,0.0,0.0,0.0,0.0,0.0,0.0,0.38268031849431083,0.2386777415169797,0.0
0.1904761904761905,0.0,0.0,0.0,0.0,0.0,0.00784313725490196,0.07450980392156863,0.17224880382775118,0.6039215686274509,0.1956994982468579,0.3725391054434649,0.13363252922905428
0.18154761904761907,0.0,0.9137254901960784,0.6614583333333333,0.0,0.0,0.2823529411764706,0.4980392156862745,0.009569377990430622,0.8862745098039215,0.23463936301137822,0.24595391204769698,0.217180644171539
0.36190476190476195,0.0,0.09803921568627451,0.17708333333333331,0.1349206349206349,0.18823529411764706,0.03137254901960784,0.5568627450980392,0.5454545454545454,0.1411764705882353,0.38268031849431083,0.23183247143831573,0.11875927968711307
0.6470238095238096,0.0,0.0,0.3333333333333333,0.38095238095238093,1.0,0.49411764705882355,0.8431372549019608,0.03827751196172249,0.0,0.38268031849431083,0.23883964333786606,0.07980123388137579
0.4,0.0,0.39215686274509803,0.0,0.611111111111111,0.11372549019607843,0.592156862745098,0.00784313725490196,0.9043062200956937,0.0,0.38268031849431083,0.23866693869709454,0.07945982888469613
0.1904761904761905,0.0,0.0,0.0,0.0,0.0,0.047058823529411764,0.19607843137254902,0.2248803827751196,0.396078431372549,0.08659840752844564,0.4374654681077434,0.15516230017962135
0.2017857142857143,0.0,0.0,0.171875,0.06349206349206349,1.0,0.0,1.0,0.0,0.0,0.38268031849431083,0.2474586850165628,0.0
0.0011904761904761906,0.0,0.0,0.0,0.0,0.0,0.0,0.03137254901960784,0.028708133971291863,0.11764705882352941,0.36409660676800104,0.25018443238986143,0.11709176815041666
0.23750000000000002,0.0,0.996078431372549,0.4739583333333333,0.0,0.0,0.0,0.23529411764705882,0.0,0.0,0.38268031849431083,0.23837915264109688,0.06280801564415128
0.4,0.0,0.26666666666666666,0.0,0.615079365079365,0.11372549019607843,0.592156862745098,0.00784313725490196,0.9043062200956937,0.0,0.38268031849431083,0.23785772549492348,0.14662731084794045
0.1904761904761905,0.0,0.0,0.0,0.0,0.0,0.03137254901960784,0.13333333333333333,0.19617224880382775,0.6,0.38268031849431083,0.22922763635157745,0.08220491132789287
0.4190476190476191,0.0,0.0784313725490196,0.0,0.0,0.0,0.0,0.0,0.0,0.0,0.38268031849431083,0.23883964333786606,0.0
0.0011904761904761906,0.0,0.0,0.0,0.0,0.0,0.0,0.03137254901960784,0.06220095693779904,0.8196078431372549,0.36409660676800104,0.2293558319288324,0.1420128540118401
0.18095238095238098,0.0,0.07058823529411765,0.6666666666666666,0.0,1.0,0.3058823529411765,0.5019607843137255,0.03349282296650718,0.9882352941176471,0.36409660676800104,0.15952455822926273,0.12519802548931963
0.36190476190476195,0.0,0.09803921568627451,0.171875,0.13095238095238093,0.18823529411764706,0.03137254901960784,0.5568627450980392,0.5119617224880383,0.2392156862745098,0.38268031849431083,0.23506107635952364,0.21823484314187874
0.6476190476190476,0.0,1.0,0.0,0.0,0.0,1.0,0.4156862745098039,0.043062200956937795,0.0,0.36409660676800104,0.2388957079142658,0.14924239597721506
0.36190476190476195,0.0,0.09803921568627451,0.171875,0.1349206349206349,0.18823529411764706,0.03137254901960784,0.5568627450980392,0.5311004784688995,0.0196078431372549,0.38268031849431083,0.23183247143831573,0.15605469328151925
0.5238095238095238,0.0,0.0,0.16666666666666666,0.0,0.0,0.0,0.0,0.0,0.0,0.34374045372979056,0.22489936386133696,0.0
0.8029761904761905,0.0,0.8470588235294118,0.0,0.0,0.5294117647058824,0.0,0.0,0.0,0.0,0.38268031849431083,0.236283498066828,0.029056529062786718
0.6470238095238096,0.0,0.0,0.3333333333333333,0.38095238095238093,1.0,0.49411764705882355,0.5843137254901961,0.043062200956937795,0.0,0.1956994982468579,0.3527995241207508,0.10490984084021082
0.0,0.0,0.0,0.0,0.0,0.0,0.0,0.0,0.0,0.0,0.4808262924294938,0.1888265360430215,0.0
0.1904761904761905,0.0,0.0,0.0,0.0,0.0,0.023529411764705882,0.2,0.20095693779904306,0.30980392156862746,0.1956994982468579,0.3506151295337178,0.15470722017220073
0.29583333333333334,0.0,0.03137254901960784,0.0,0.0,0.0,0.0,0.0,0.0,0.0,0.23463936301137822,0.30214178576722095,0.0
0.23750000000000002,0.0,0.996078431372549,0.4583333333333333,0.0,0.0,0.0,0.23529411764705882,0.0,0.0,0.36409660676800104,0.23985041332876111,0.062138186467289566
0.1904761904761905,0.0,0.0,0.0,0.0,0.0,0.1411764705882353,0.0,0.21052631578947367,0.15294117647058825,0.38268031849431083,0.24790473355665826,0.2564219607447538
0.0,0.0,0.0,0.0,0.0,0.0,0.0,0.0,0.0,0.0,0.8865706031157584,0.03943467205687737,0.0
0.36190476190476195,0.0,0.09803921568627451,0.171875,0.13095238095238093,0.18823529411764706,0.03137254901960784,0.5568627450980392,0.5215311004784688,0.09803921568627451,0.36409660676800104,0.23994858199073935,0.1582105579249528
0.36190476190476195,0.0,0.09803921568627451,0.17708333333333331,0.1349206349206349,0.18823529411764706,0.03137254901960784,0.5607843137254902,0.5167464114832536,0.09019607843137255,0.29608191096586517,0.24340322318529103,0.12000213669101172
0.5047619047619049,0.0,0.0196078431372549,0.16666666666666666,0.7777777777777777,0.40784313725490196,0.4666666666666667,0.0,0.0,0.996078431372549,0.38268031849431083,0.24041038131363576,0.15218187487480447
0.23750000000000002,0.0,0.996078431372549,0.453125,0.0,0.0,0.0,0.23529411764705882,0.0,0.0,0.38268031849431083,0.23775747272297662,0.077550705938032
0.4,0.0,0.26666666666666666,0.0,0.611111111111111,0.11372549019607843,0.592156862745098,0.00784313725490196,0.9043062200956937,0.0,0.38268031849431083,0.23480759371123638,0.0391451422959784
0.6476190476190476,0.0,1.0,0.0,0.0,0.0,1.0,0.803921568627451,0.03827751196172249,0.0,0.26756254955818887,0.2368022048946196,0.0658053512057129
0.6470238095238096,0.0,0.0,0.3333333333333333,0.38095238095238093,1.0,0.49411764705882355,0.5215686274509804,0.043062200956937795,0.0,0.36409660676800104,0.23875980467097221,0.12257771553312252
0.5047619047619049,0.0,0.0196078431372549,0.16666666666666666,0.9047619047619047,0.40784313725490196,0.4627450980392157,0.0,0.0,0.8745098039215686,0.38268031849431083,0.23932806822598654,0.12717815485255812
0.4190476190476191,0.0,0.0784313725490196,0.0,0.0,0.0,0.0,0.0,0.0,0.0,0.38268031849431083,0.23516407947028753,0.0
0.1904761904761905,0.0,0.0,0.0,0.0,0.0,0.09411764705882353,0.1411764705882353,0.20095693779904306,0.07450980392156863,0.38268031849431083,0.24600410469920914,0.1692326669369475
0.4702380952380953,0.0,0.0196078431372549,0.17708333333333331,0.3968253968253968,0.03529411764705882,0.13333333333333333,0.12941176470588234,0.0,0.43529411764705883,0.36409660676800104,0.23907662419462522,0.11169208403898792
0.18095238095238098,0.0,0.08627450980392157,0.6666666666666666,0.031746031746031744,1.0,0.050980392156862744,0.5019607843137255,0.023923444976076555,0.20392156862745098,0.1480409554829326,0.4096369854750309,0.34783112612370765
0.4190476190476191,0.0,0.0784313725490196,0.0,0.0,0.0,0.0,0.0,0.0,0.0,0.1956994982468579,0.2383509785044793,0.0
0.6470238095238096,0.0,0.0,0.3333333333333333,0.38095238095238093,1.0,0.49411764705882355,0.8196078431372549,0.03827751196172249,0.0,0.36409660676800104,0.23843114549823016,0.0725491091254756
0.4702380952380953,0.0,0.0196078431372549,0.17708333333333331,0.3968253968253968,0.03529411764705882,0.13333333333333333,0.12941176470588234,0.0,0.43137254901960786,0.38268031849431083,0.24423826119212314,0.14818477300361152
0.1904761904761905,0.0,0.0,0.0,0.0,0.0,0.06274509803921569,0.16078431372549018,0.16267942583732056,0.8,0.38268031849431083,0.24738348909271612,0.1547866576166767
0.4702380952380953,0.0,0.0196078431372549,0.17708333333333331,0.2222222222222222,0.0392156862745098,0.13333333333333333,0.12156862745098039,0.0,0.43529411764705883,0.36409660676800104,0.23178386167123613,0.1682172570067037
0.36190476190476195,0.0,0.09411764705882353,0.17708333333333331,0.13095238095238093,0.18823529411764706,0.03137254901960784,0.5607843137254902,0.5406698564593301,0.08235294117647059,0.36409660676800104,0.2395339081206336,0.21000410268838243
0.36190476190476195,0.0,0.10588235294117647,0.18229166666666666,0.1388888888888889,0.18823529411764706,0.03137254901960784,0.5568627450980392,0.5263157894736842,0.20392156862745098,0.38268031849431083,0.2390572560219698,0.2453265391708918
0.5238095238095238,0.0,0.0,0.16666666666666666,0.0,0.0,0.0,0.0,0.0,0.0,0.36409660676800104,0.2386604564425793,0.0
0.5238095238095238,0.0,0.0,0.16666666666666666,0.0,0.0,0.0,0.0,0.0,0.0,0.36409660676800104,0.2388763045174522,0.0
0.6470238095238096,0.0,0.0,0.3333333333333333,0.38095238095238093,1.0,0.49411764705882355,0.4156862745098039,0.043062200956937795,0.0,0.36409660676800104,0.2386777415169797,0.15078932448698065
0.29583333333333334,0.0,0.03137254901960784,0.0,0.0,0.0,0.0,0.0,0.0,0.0,0.26756254955818887,0.30314304103841655,0.0
0.4702380952380953,0.0,0.0196078431372549,0.17708333333333331,0.5079365079365079,0.03529411764705882,0.13333333333333333,0.12941176470588234,0.0,0.43529411764705883,0.38268031849431083,0.2373839064330862,0.1415843019077755
0.5238095238095238,0.0,0.0,0.16666666666666666,0.0,0.0,0.0,0.0,0.0,0.0,0.38268031849431083,0.24053557023491084,0.0
0.23750000000000002,0.0,0.996078431372549,0.4739583333333333,0.0,0.0,0.0,0.23529411764705882,0.0,0.0,0.1956994982468579,0.40906095382310276,0.06280801564415128
0.4190476190476191,0.0,0.0784313725490196,0.0,0.0,0.0,0.0,0.0,0.0,0.0,0.1480409554829326,0.40859301121557784,0.0
0.1904761904761905,0.0,0.0,0.0,0.0,0.0,0.03137254901960784,0.16078431372549018,0.2200956937799043,0.26666666666666666,0.36409660676800104,0.24687542076850638,0.15962031751767158
0.6380952380952382,0.0,0.0,0.0,0.0,0.0,0.0,0.0,0.0,0.0,0.1956994982468579,0.3027112699984104,0.0
0.18095238095238098,0.0,0.054901960784313725,0.6666666666666666,0.0,1.0,0.047058823529411764,0.5019607843137255,0.043062200956937795,0.23137254901960785,0.1480409554829326,0.3012664268314724,0.1373930025825511
0.0,0.0,0.0,0.0,0.0,0.0,0.0,0.0,0.0,0.0,0.8635066109238047,0.03964216567148568,0.0
0.0011904761904761906,0.0,0.0,0.0,0.0,0.0,0.0,0.03137254901960784,0.043062200956937795,0.6470588235294118,0.29608191096586517,0.2285985156432742,0.08407695069203318
0.4190476190476191,0.0,0.0784313725490196,0.0,0.0,0.0,0.0,0.0,0.0,0.0,0.38268031849431083,0.23881375672928648,0.0
0.6476190476190476,0.0,1.0,0.0,0.0,0.0,1.0,0.8509803921568627,0.03827751196172249,0.0,0.08659840752844564,0.33662096810282227,0.0804020636413087
0.4,0.0,0.1411764705882353,0.0,0.611111111111111,0.11372549019607843,0.592156862745098,0.00784313725490196,0.9043062200956937,0.0,0.36409660676800104,0.2399912338498118,0.03903726011546839
0.8029761904761905,0.0,0.8470588235294118,0.4427083333333333,0.0,0.5411764705882353,0.0,0.0,0.0,0.0,0.38268031849431083,0.23814267618859294,0.11676106323010442
0.18095238095238098,0.0,0.06666666666666667,0.6666666666666666,0.0,1.0,1.0,0.4980392156862745,0.06220095693779904,0.9372549019607843,0.36409660676800104,0.22848609510133946,0.2841130815971088
0.18095238095238098,0.0,0.07450980392156863,0.6666666666666666,0.0,1.0,0.07450980392156863,0.5019607843137255,0.0,0.058823529411764705,0.36409660676800104,0.24739140712769156,0.1812199001866828
0.6476190476190476,0.0,1.0,0.0,0.0,0.0,1.0,0.807843137254902,0.03827751196172249,0.0,0.36409660676800104,0.23896897553323057,0.06704149873653936
0.8029761904761905,0.0,0.8470588235294118,0.0,0.0,0.5372549019607843,0.0,0.0,0.0,0.0,0.26756254955818887,0.23632996068698858,0.04906614384407297
0.4,0.0,0.26666666666666666,0.0,0.611111111111111,0.11372549019607843,0.592156862745098,0.00784313725490196,0.9043062200956937,0.0,0.38268031849431083,0.2238117063227247,0.0391451422959784
0.0,0.0,0.0,0.0,0.0,0.0,0.0,0.0,0.0,0.0,0.7824559945919793,0.18565061734769292,0.0
0.8029761904761905,0.0,0.8470588235294118,0.46354166666666663,0.0,0.5254901960784314,0.0,0.0,0.0,0.0,0.38268031849431083,0.23415409465592155,0.10427903444431301
0.8029761904761905,0.0,0.8470588235294118,0.0,0.0,0.5333333333333333,0.0,0.0,0.0,0.0,0.23463936301137822,0.2219201528666982,0.03589768241871075
0.6476190476190476,0.0,1.0,0.0,0.0,0.0,1.0,0.7450980392156863,0.03827751196172249,0.0,0.38268031849431083,0.22980085936357728,0.046808310308333025
0.6476190476190476,0.0,1.0,0.0,0.0,0.0,1.0,0.807843137254902,0.03827751196172249,0.0,0.36409660676800104,0.23412696069267389,0.06704149873653936
0.6476190476190476,0.0,1.0,0.0,0.0,0.0,1.0,0.7725490196078432,0.03827751196172249,0.0,0.34374045372979056,0.23885905387897255,0.055781659064215755
0.2017857142857143,0.0,0.0,0.171875,0.06349206349206349,1.0,0.0,1.0,0.0,0.0,0.36409660676800104,0.24586953139640863,0.0
0.1904761904761905,0.0,0.0,0.0,0.0,0.0,0.10196078431372549,0.0,0.15311004784688995,0.6039215686274509,0.38268031849431083,0.24611243456029655,0.2159577390122336
0.4702380952380953,0.0,0.0196078431372549,0.17708333333333331,0.2222222222222222,0.0392156862745098,0.13333333333333333,0.12156862745098039,0.0,0.43529411764705883,0.36409660676800104,0.23999976202979154,0.1682172570067037
0.18154761904761907,0.0,0.07058823529411765,0.6666666666666666,0.0,0.0,0.06274509803921569,0.4980392156862745,0.0,0.22352941176470587,0.36409660676800104,0.24733398710439058,0.2503838166955987
0.8029761904761905,0.0,0.8470588235294118,0.0,0.0,0.5333333333333333,0.0,0.0,0.0,0.0,0.38268031849431083,0.23937313207542107,0.03589768241871075
0.1904761904761905,0.0,0.0,0.0,0.0,0.0,0.01568627450980392,0.13333333333333333,0.21052631578947367,0.9803921568627451,0.36409660676800104,0.24745077232966564,0.17500071065432204
0.6470238095238096,0.0,0.0,0.3333333333333333,0.38095238095238093,1.0,0.49411764705882355,0.7019607843137254,0.043062200956937795,0.0,0.1956994982468579,0.39110404685339084,0.06961297110598659
0.8029761904761905,0.0,0.8470588235294118,0.0,0.0,0.5098039215686274,0.0,0.0,0.0,0.0,0.36409660676800104,0.20377432964639267,0.09204270661966536
0.4,0.0,0.1411764705882353,0.0,0.611111111111111,0.11372549019607843,0.592156862745098,0.00784313725490196,0.9043062200956937,0.0,0.36409660676800104,0.2396880092893194,0.03903726011546839
0.6470238095238096,0.0,0.0,0.3333333333333333,0.38095238095238093,1.0,0.49411764705882355,0.8352941176470589,0.03827751196172249,0.0,0.36409660676800104,0.2388051263640825,0.07739787962939865
0.0,0.0,0.0,0.0,0.0,0.0,0.0,0.0,0.0,0.0,0.6344150391090467,0.19603346400771163,0.0
0.6476190476190476,0.0,1.0,0.0,0.0,0.0,1.0,0.596078431372549,0.043062200956937795,0.0,0.38268031849431083,0.2386777415169797,0.09982203455030353
0.6476190476190476,0.0,1.0,0.0,0.0,0.0,1.0,0.796078431372549,0.03827751196172249,0.0,0.36409660676800104,0.23874037477184537,0.0633219810935647
0.4702380952380953,0.0,0.0196078431372549,0.171875,0.5396825396825397,0.03529411764705882,0.12941176470588234,0.12941176470588234,0.0,0.43529411764705883,0.38268031849431083,0.2369869614214108,0.19936682516588813
0.4702380952380953,0.0,0.0196078431372549,0.171875,0.42857142857142855,0.03529411764705882,0.12941176470588234,0.12549019607843137,0.0,0.43529411764705883,0.34374045372979056,0.23897543773569235,0.15921116017830791
0.5047619047619049,0.0,0.0196078431372549,0.16666666666666666,0.14285714285714285,0.40784313725490196,0.4627450980392157,0.0,0.0,0.12156862745098039,0.08659840752844564,0.34102554985125144,0.12380365695663546
0.6476190476190476,0.0,1.0,0.0,0.0,0.0,1.0,0.8980392156862745,0.03827751196172249,0.0,0.1480409554829326,0.42346742513274566,0.09450389593907939
0.23750000000000002,0.0,0.996078431372549,0.4375,0.0,0.0,0.0,0.23529411764705882,0.0,0.0,0.1480409554829326,0.2449812185053371,0.12063222939173024
0.4815476190476191,0.0,0.047058823529411764,0.9635416666666666,0.503968253968254,0.0784313725490196,0.06666666666666667,0.12549019607843137,0.0,0.0784313725490196,0.36409660676800104,0.2469927447248873,0.07095072540155607
0.5047619047619049,0.0,0.0196078431372549,0.16666666666666666,0.7777777777777777,0.40784313725490196,0.4549019607843137,0.0,0.0,0.9921568627450981,0.38268031849431083,0.23812312548787437,0.1606139565230767
0.7523809523809525,0.0,0.0,0.0,0.0,0.5019607843137255,0.0,0.4117647058823529,1.0,0.07450980392156863,0.08659840752844564,0.4118218314702876,0.0
0.0011904761904761906,0.0,0.0,0.0,0.0,0.0,0.0,0.023529411764705882,0.04784688995215311,0.42745098039215684,0.0,0.6917990288640474,0.05546104856637936
0.0,0.0,0.0,0.0,0.0,0.0,0.0,0.0,0.0,0.0,0.7078370604977916,0.04057847125969615,0.0
0.1904761904761905,0.0,0.0,0.0,0.0,0.0,0.047058823529411764,0.16078431372549018,0.16746411483253587,0.7647058823529411,0.34374045372979056,0.22850523947804555,0.13022234616682538
0.0,0.0,0.0,0.0,0.0,0.0,0.0,0.0,0.0,0.0,0.5022019125695671,0.28598503739302783,0.0
0.4,0.0,0.1411764705882353,0.0,0.611111111111111,0.11372549019607843,0.592156862745098,0.00784313725490196,0.9043062200956937,0.0,0.36409660676800104,0.23904003670536977,0.03903726011546839
0.7148809523809524,0.0,0.16078431372549018,0.203125,0.15476190476190477,0.13725490196078433,0.0,0.0,0.0,0.6039215686274509,0.26756254955818887,0.30225252063403574,0.0
0.36190476190476195,0.0,0.09411764705882353,0.171875,0.13095238095238093,0.18823529411764706,0.03137254901960784,0.5568627450980392,0.5502392344497608,0.14901960784313725,0.38268031849431083,0.2304060213308947,0.23127249568370778
0.5238095238095238,0.0,0.0,0.16666666666666666,0.0,0.0,0.0,0.0,0.0,0.0,0.34374045372979056,0.21138946398061295,0.0
0.36190476190476195,0.0,0.09803921568627451,0.17708333333333331,0.1349206349206349,0.18823529411764706,0.03137254901960784,0.5607843137254902,0.5215311004784688,0.15294117647058825,0.36409660676800104,0.23672952808147543,0.10862686437824033
0.2017857142857143,0.0,0.0,0.171875,0.06349206349206349,1.0,0.0,1.0,0.0,0.0,0.0,0.5807222980142164,0.0
0.18095238095238098,0.0,0.11764705882352941,0.6666666666666666,0.0,1.0,0.12549019607843137,0.5019607843137255,0.04784688995215311,0.6235294117647059,0.36409660676800104,0.2539316027865778,0.13485114009241794
0.8029761904761905,0.0,0.8470588235294118,0.0,0.0,0.5372549019607843,0.0,0.0,0.0,0.0,0.38268031849431083,0.23684842617347268,0.04906614384407297
0.0,0.0,0.0,0.0,0.0,0.0,0.0,0.0,0.0,0.0,0.8106328090901023,0.18256382214091815,0.0
0.4702380952380953,0.0,0.0196078431372549,0.18229166666666666,0.42857142857142855,0.03529411764705882,0.13725490196078433,0.13333333333333333,0.0,0.42745098039215684,0.38268031849431083,0.23170510979848946,0.30163287551517304
0.8029761904761905,0.0,0.8470588235294118,0.0,0.0,0.5294117647058824,0.0,0.0,0.0,0.0,0.38268031849431083,0.2386410071467822,0.029056529062786718
0.18095238095238098,0.0,0.09019607843137255,0.6666666666666666,0.0,1.0,0.054901960784313725,0.5019607843137255,0.023923444976076555,0.5725490196078431,0.38268031849431083,0.22914683586596196,0.10528507622337416
0.4702380952380953,0.0,0.0196078431372549,0.17708333333333331,0.1746031746031746,0.0392156862745098,0.13333333333333333,0.12156862745098039,0.0,0.43529411764705883,0.36409660676800104,0.23873173804403924,0.17965345636675834
0.0,0.0,0.0,0.0,0.0,0.0,0.0,0.0,0.0,0.0,0.7264207722241013,0.18573153812676974,0.0
0.2017857142857143,0.0,0.0,0.171875,0.06349206349206349,1.0,0.0,1.0,0.0,0.0,0.0,0.46985592853229036,0.0
0.0,0.0,0.0,0.0,0.0,0.0,0.0,0.0,0.0,0.0,0.7878633201785883,0.1837373012503327,0.0
0.5047619047619049,0.0,0.0196078431372549,0.16666666666666666,0.07936507936507936,0.40784313725490196,0.4549019607843137,0.0,0.0,0.1764705882352941,0.38268031849431083,0.2386496517472373,0.15945627399891607
0.0,0.0,0.0,0.0,0.0,0.0,0.0,0.0,0.0,0.0,0.5022019125695671,0.18559172454112297,0.0
0.18154761904761907,0.0,0.0196078431372549,0.6666666666666666,0.0,0.0,0.22745098039215686,0.4980392156862745,0.04784688995215311,0.8901960784313725,0.38268031849431083,0.24747648626351,0.16002649665041846
0.18154761904761907,0.0,0.03529411764705882,0.6666666666666666,0.0,0.0,0.22745098039215686,0.4980392156862745,0.004784688995215311,0.592156862745098,0.38268031849431083,0.2293558319288324,0.1530009709792577
0.7523809523809525,0.0,0.0,0.0,0.0,0.5019607843137255,0.0,0.4117647058823529,1.0,0.07450980392156863,0.26756254955818887,0.303166785090474,0.0
0.6476190476190476,0.0,1.0,0.0,0.0,0.0,1.0,0.788235294117647,0.03827751196172249,0.0,0.36409660676800104,0.23852423152984295,0.060823696400678307
0.4815476190476191,0.0,0.25098039215686274,0.9895833333333333,0.503968253968254,0.0784313725490196,0.06666666666666667,0.12549019607843137,0.0,0.0784313725490196,0.38268031849431083,0.23496693689850956,0.07988344531547721
0.4,0.0,0.39215686274509803,0.0,0.611111111111111,0.11372549019607843,0.592156862745098,0.00784313725490196,0.9043062200956937,0.0,0.0,0.5465467378697705,0.07945982888469613
0.1904761904761905,0.0,0.0,0.0,0.0,0.0,0.00784313725490196,0.07058823529411765,0.21052631578947367,0.24313725490196078,0.36409660676800104,0.2460562782325964,0.16313772908010776
0.0,0.0,0.0,0.0,0.0,0.0,0.0,0.0,0.0,0.0,0.743516129827459,0.03964216567148568,0.0
0.0011904761904761906,0.0,0.0,0.0,0.0,0.0,0.0,0.03137254901960784,0.06698564593301436,0.9647058823529412,0.29608191096586517,0.2563958051335197,0.1677287699804985
0.4702380952380953,0.0,0.0196078431372549,0.171875,0.49206349206349204,0.03529411764705882,0.12941176470588234,0.12941176470588234,0.0,0.43529411764705883,0.38268031849431083,0.23850475560611503,0.18846694393317856
0.2017857142857143,0.0,0.0,0.171875,0.06349206349206349,1.0,0.0,1.0,0.0,0.0,0.38268031849431083,0.23111247711602773,0.0
0.1904761904761905,0.0,0.0,0.0,0.0,0.0,0.1411764705882353,0.0,0.18181818181818182,0.9607843137254902,0.36409660676800104,0.24749032947804292,0.24904008622815715
0.2017857142857143,0.0,0.0,0.171875,0.06349206349206349,1.0,0.0,1.0,0.0,0.0,0.36409660676800104,0.24347942575136283,0.0
0.5238095238095238,0.0,0.0,0.16666666666666666,0.0,0.0,0.0,0.0,0.0,0.0,0.36409660676800104,0.23894743182906383,0.0
0.0,0.0,0.0,0.0,0.0,0.0,0.0,0.0,0.0,0.0,0.4156035050411214,0.24915325660339244,0.0
0.18154761904761907,0.0,0.10588235294117647,0.6666666666666666,0.0,0.0,0.2588235294117647,0.4980392156862745,0.06698564593301436,0.4196078431372549,0.38268031849431083,0.2478141067239454,0.16149600553862262
0.18095238095238098,0.0,0.06274509803921569,0.6666666666666666,0.0,1.0,0.03137254901960784,0.5019607843137255,0.004784688995215311,0.42745098039215684,0.36409660676800104,0.23062176436549137,0.14564688800577402
0.23750000000000002,0.0,0.996078431372549,0.4583333333333333,0.0,0.0,0.0,0.23529411764705882,0.0,0.0,0.38268031849431083,0.23775747272297662,0.062138186467289566
0.0,0.0,0.0,0.0,0.0,0.0,0.0,0.0,0.0,0.0,0.5478166315806011,0.03991285272932955,0.0
0.4,0.0,0.39215686274509803,0.0,0.611111111111111,0.11372549019607843,0.592156862745098,0.00784313725490196,0.9043062200956937,0.0,0.36409660676800104,0.2317560740037989,0.07945982888469613
0.4190476190476191,0.0,0.0784313725490196,0.0,0.0,0.0,0.0,0.0,0.0,0.0,0.38268031849431083,0.2386237156941676,0.0
0.5047619047619049,0.0,0.0196078431372549,0.16666666666666666,0.20634920634920634,0.40784313725490196,0.4627450980392157,0.0,0.0,0.058823529411764705,0.38268031849431083,0.2387770725102441,0.12379150161046855
0.5238095238095238,0.0,0.0,0.16666666666666666,0.0,0.0,0.0,0.0,0.0,0.0,0.38268031849431083,0.23786861645614,0.0
0.18095238095238098,0.0,0.06274509803921569,0.6666666666666666,0.031746031746031744,1.0,0.1843137254901961,0.5019607843137255,0.009569377990430622,0.5294117647058824,0.1480409554829326,0.39206380652690154,0.33715006415472176
0.18154761904761907,0.0,0.984313725490196,0.6614583333333333,0.0,0.0,0.22745098039215686,0.4980392156862745,0.023923444976076555,0.9764705882352941,0.38268031849431083,0.22930599770233917,0.18684843132126835
0.0,0.0,0.0,0.0,0.0,0.0,0.0,0.0,0.0,0.0,0.768306586485387,0.03943467205687737,0.0
0.6476190476190476,0.0,1.0,0.0,0.0,0.0,1.0,0.8470588235294118,0.03827751196172249,0.0,0.36409660676800104,0.23890433043271583,0.07920504439506199
0.6476190476190476,0.0,1.0,0.0,0.0,0.0,1.0,0.7529411764705882,0.03827751196172249,0.0,0.26756254955818887,0.30319052348217784,0.04939193685648734
0.7148809523809524,0.0,0.16078431372549018,0.203125,0.15476190476190477,0.13725490196078433,0.0,0.0,0.0,0.6039215686274509,0.23463936301137822,0.3033373496164497,0.0
0.4,0.0,0.1411764705882353,0.0,0.611111111111111,0.11372549019607843,0.592156862745098,0.00784313725490196,0.9043062200956937,0.0,0.36409660676800104,0.23875116962829712,0.03903726011546839
0.4815476190476191,0.0,0.8627450980392157,0.9635416666666666,0.503968253968254,0.0784313725490196,0.06666666666666667,0.12549019607843137,0.0,0.0784313725490196,0.26756254955818887,0.21106784837197062,0.0803935128757048
0.1904761904761905,0.0,0.0,0.0,0.0,0.0,0.047058823529411764,0.12549019607843137,0.20095693779904306,0.12549019607843137,0.36409660676800104,0.2480877058119706,0.10552859259897389
0.2017857142857143,0.0,0.0,0.171875,0.06349206349206349,1.0,0.0,1.0,0.0,0.0,0.36409660676800104,0.24317839500789265,0.0
0.5047619047619049,0.0,0.0196078431372549,0.16666666666666666,0.6507936507936507,0.40784313725490196,0.4588235294117647,0.0,0.0,0.611764705882353,0.38268031849431083,0.23875980467097221,0.06432241718330932
0.4702380952380953,0.0,0.0196078431372549,0.18229166666666666,0.4444444444444444,0.03529411764705882,0.13725490196078433,0.13333333333333333,0.0,0.43137254901960786,0.36409660676800104,0.23901204896363365,0.2532505400103412
0.8029761904761905,0.0,0.8470588235294118,0.0,0.0,0.5098039215686274,0.0,0.0,0.0,0.0,0.38268031849431083,0.22714161065666533,0.09204270661966536
0.8029761904761905,0.0,0.8470588235294118,0.0,0.0,0.5294117647058824,0.0,0.0,0.0,0.0,0.38268031849431083,0.23845929696506016,0.029056529062786718
0.6476190476190476,0.0,1.0,0.0,0.0,0.0,1.0,0.6705882352941176,0.043062200956937795,0.0,0.1480409554829326,0.37011186858237344,0.07756213372114759
0.2017857142857143,0.0,0.0,0.171875,0.06349206349206349,1.0,0.0,1.0,0.0,0.0,0.38268031849431083,0.24317839500789265,0.0
0.5047619047619049,0.0,0.0196078431372549,0.16666666666666666,0.5873015873015872,0.40784313725490196,0.4588235294117647,0.0,0.0,0.6745098039215687,0.38268031849431083,0.2323656185806648,0.06430839330360202
0.1904761904761905,0.0,0.0,0.0,0.0,0.0,0.00784313725490196,0.07058823529411765,0.16746411483253587,0.5215686274509804,0.1480409554829326,0.33560997023114864,0.13352080757171564
0.0,0.0,0.0,0.0,0.0,0.0,0.0,0.0,0.0,0.0,0.571139192753681,0.06847089906958263,0.0
0.1904761904761905,0.0,0.06274509803921569,0.0,0.0,0.0,0.0784313725490196,0.12549019607843137,0.2248803827751196,0.8941176470588235,0.1956994982468579,0.30159889077395374,0.2347018325747803
0.0,0.0,0.0,0.0,0.0,0.0,0.0,0.0,0.0,0.0,0.7593439587709121,0.04109835372716966,0.0
0.4815476190476191,0.0,0.25098039215686274,0.9739583333333333,0.503968253968254,0.0784313725490196,0.06666666666666667,0.12549019607843137,0.0,0.0784313725490196,0.38268031849431083,0.24207163598300552,0.042146176831969834
0.36190476190476195,0.0,0.10196078431372549,0.18229166666666666,0.1388888888888889,0.18823529411764706,0.03137254901960784,0.5568627450980392,0.5502392344497608,0.12156862745098039,0.36409660676800104,0.2396152690099523,0.22227867628774198
0.5047619047619049,0.0,0.0196078431372549,0.16666666666666666,0.3968253968253968,0.40784313725490196,0.4588235294117647,0.0,0.0,0.3607843137254902,0.38268031849431083,0.23670088325168884,0.06402794978586598
0.2017857142857143,0.0,0.0,0.171875,0.06349206349206349,1.0,0.0,1.0,0.0,0.0,0.36409660676800104,0.243609042038417,0.0
0.2017857142857143,0.0,0.0,0.171875,0.06349206349206349,1.0,0.0,1.0,0.0,0.0,0.38268031849431083,0.22680628491807694,0.0
0.0,0.0,0.0,0.0,0.0,0.0,0.0,0.0,0.0,0.0,0.8653719324077817,0.040499463871658384,0.0
0.5047619047619049,0.0,0.0196078431372549,0.16666666666666666,0.015873015873015872,0.40784313725490196,0.4588235294117647,0.0,0.0,0.23529411764705882,0.34374045372979056,0.2384419739273452,0.13488721794858333
0.0,0.0,0.0,0.0,0.0,0.0,0.0,0.0,0.0,0.0,0.9411780732960947,0.04057847125969615,0.0
0.29583333333333334,0.0,0.03137254901960784,0.0,0.0,0.0,0.0,0.0,0.0,0.0,0.26756254955818887,0.30299592790711055,0.0
0.0,0.0,0.0,0.0,0.0,0.0,0.0,0.0,0.0,0.0,0.8397512675310609,0.04003998071175027,0.0
0.5047619047619049,0.0,0.0196078431372549,0.16666666666666666,0.3333333333333333,0.40784313725490196,0.4588235294117647,0.0,0.0,0.4235294117647059,0.38268031849431083,0.21193638124739825,0.0640419831231318
0.5238095238095238,0.0,0.0,0.16666666666666666,0.0,0.0,0.0,0.0,0.0,0.0,0.23463936301137822,0.30314304103841655,0.0
0.8029761904761905,0.0,0.8470588235294118,0.0,0.0,0.5372549019607843,0.0,0.0,0.0,0.0,0.38268031849431083,0.23119868601867022,0.04906614384407297
0.4,0.0,0.1411764705882353,0.0,0.611111111111111,0.11372549019607843,0.592156862745098,0.00784313725490196,0.9043062200956937,0.0,0.36409660676800104,0.2399571138241943,0.03903726011546839
0.1904761904761905,0.0,0.0,0.0,0.0,0.0,0.10196078431372549,0.2,0.18660287081339713,0.8627450980392157,0.1956994982468579,0.20777261097912095,0.1877524583880605
0.7148809523809524,0.0,0.16078431372549018,0.203125,0.15476190476190477,0.13725490196078433,0.0,0.0,0.0,0.6039215686274509,0.26756254955818887,0.3031385177198473,0.0
0.0,0.0,0.0,0.0,0.0,0.0,0.0,0.0,0.0,0.0,0.687480907459581,0.03937074078611449,0.0
0.6470238095238096,0.0,0.0,0.3333333333333333,0.38095238095238093,1.0,0.49411764705882355,0.6431372549019607,0.043062200956937795,0.0,0.38268031849431083,0.2445198122254558,0.08763567038168737
0.18095238095238098,0.0,0.09803921568627451,0.6666666666666666,0.0,1.0,0.9725490196078431,0.4980392156862745,0.0,0.21176470588235294,0.36409660676800104,0.2475654447953235,0.28590920845622336
0.5238095238095238,0.0,0.0,0.16666666666666666,0.0,0.0,0.0,0.0,0.0,0.0,0.36409660676800104,0.24014250057540004,0.0
0.0,0.0,0.0,0.0,0.0,0.0,0.0,0.0,0.0,0.0,0.4156035050411214,0.2486776118139237,0.0
0.6476190476190476,0.0,1.0,0.0,0.0,0.0,1.0,0.23137254901960785,0.043062200956937795,0.0,0.38268031849431083,0.2548577893132838,0.19431989477986183
1.0,0.0,0.0,0.0,0.003968253968253968,0.0,0.6274509803921569,0.13333333333333333,0.0,0.0,0.0,0.45958911636036376,0.04890888287137467
0.0,0.0,0.0,0.0,0.0,0.0,0.0,0.0,0.0,0.0,0.7228311423096268,0.19537818700235177,0.0
0.2017857142857143,0.0,0.0,0.171875,0.06349206349206349,1.0,0.0,1.0,0.0,0.0,0.38268031849431083,0.24479447442406146,0.0
0.5238095238095238,0.0,0.0,0.16666666666666666,0.0,0.0,0.0,0.0,0.0,0.0,0.38268031849431083,0.23861506884174738,0.0
0.18154761904761907,0.0,0.07058823529411765,0.6666666666666666,0.0,0.0,0.15294117647058825,0.4980392156862745,0.014354066985645932,0.7372549019607844,0.36409660676800104,0.21809480778428056,0.18784155248107953
0.2017857142857143,0.0,0.0,0.171875,0.06349206349206349,1.0,0.0,1.0,0.0,0.0,0.29608191096586517,0.24903845222787677,0.0
0.4190476190476191,0.0,0.0784313725490196,0.0,0.0,0.0,0.0,0.0,0.0,0.0,0.23463936301137822,0.30378664569458425,0.0
0.5047619047619049,0.0,0.0196078431372549,0.16666666666666666,0.5873015873015872,0.40784313725490196,0.4666666666666667,0.0,0.0,0.6823529411764706,0.38268031849431083,0.23724592270821013,0.08449680716021826
0.0,0.0,0.0,0.0,0.0,0.0,0.0,0.0,0.0,0.0,0.6831660545993103,0.03997643700809555,0.0
0.6470238095238096,0.0,0.0,0.3333333333333333,0.38095238095238093,1.0,0.49411764705882355,0.9058823529411765,0.03827751196172249,0.0,0.38268031849431083,0.23903142593033355,0.0985439757767868
0.0011904761904761906,0.0,0.0,0.0,0.0,0.0,0.0,0.00392156862745098,0.03349282296650718,0.08235294117647059,0.38268031849431083,0.22942460964747735,0.12205077457593179
0.0,0.0,0.0,0.0,0.0,0.0,0.0,0.0,0.0,0.0,0.5216314786779912,0.19250720858853496,0.0
0.4702380952380953,0.0,0.0196078431372549,0.17708333333333331,0.1746031746031746,0.0392156862745098,0.13333333333333333,0.12156862745098039,0.0,0.43529411764705883,0.36409660676800104,0.23861290701131685,0.17965345636675834
0.36190476190476195,0.0,0.09803921568627451,0.171875,0.13095238095238093,0.18823529411764706,0.03137254901960784,0.5568627450980392,0.5167464114832536,0.03529411764705882,0.36409660676800104,0.2349198337726585,0.19631584506363262
0.0,0.0,0.0,0.0,0.0,0.0,0.0,0.0,0.0,0.0,0.776908203395359,0.18540377092770002,0.0
0.5047619047619049,0.0,0.0196078431372549,0.16666666666666666,0.20634920634920634,0.40784313725490196,0.4588235294117647,0.0,0.0,0.047058823529411764,0.36409660676800104,0.23986749309305136,0.1348517096987047
0.5238095238095238,0.0,0.0,0.16666666666666666,0.0,0.0,0.0,0.0,0.0,0.0,0.38268031849431083,0.23988456992829213,0.0
0.18095238095238098,0.0,0.07058823529411765,0.6666666666666666,0.0,1.0,0.06274509803921569,0.5019607843137255,0.023923444976076555,0.7176470588235294,0.38268031849431083,0.2292561385235632,0.11935676948484368
0.23750000000000002,0.0,0.996078431372549,0.4739583333333333,0.0,0.0,0.0,0.2549019607843137,0.0,0.0,0.38268031849431083,0.2355192935714884,0.08626978094876307
0.2017857142857143,0.0,0.0,0.171875,0.06349206349206349,1.0,0.0,1.0,0.0,0.0,0.08659840752844564,0.3040357550073494,0.0
0.0,0.0,0.0,0.0,0.0,0.0,0.0,0.0,0.0,0.0,0.8355218629425137,0.04062584562057743,0.0
0.1904761904761905,0.0,0.0,0.0,0.0,0.0,0.07058823529411765,0.14509803921568626,0.18660287081339713,0.8196078431372549,0.29608191096586517,0.2282056872364488,0.11585415305832113
0.0011904761904761906,0.0,0.0,0.0,0.0,0.0,0.0,0.011764705882352941,0.0,0.8705882352941177,0.38268031849431083,0.24724283909923642,0.15000872940733
0.4815476190476191,0.0,0.047058823529411764,0.9739583333333333,0.503968253968254,0.0784313725490196,0.06666666666666667,0.12549019607843137,0.0,0.0784313725490196,0.23463936301137822,0.3701551477766224,0.07232112911621029
0.6476190476190476,0.0,1.0,0.0,0.0,0.0,1.0,0.9490196078431372,0.03827751196172249,0.0,0.38268031849431083,0.23869502359149547,0.10925999239221171
0.8029761904761905,0.0,0.8470588235294118,0.46354166666666663,0.0,0.5254901960784314,0.0,0.0,0.0,0.0,0.36409660676800104,0.24008287353039084,0.10427903444431301
0.23750000000000002,0.0,0.996078431372549,0.46875,0.0,0.0,0.0,0.2549019607843137,0.0,0.0,0.36409660676800104,0.24019783659380856,0.07118281869104108
0.0,0.0,0.0,0.0,0.0,0.0,0.0,0.0,0.0,0.0,0.6649782242696144,0.03997643700809555,0.0
0.6470238095238096,0.0,0.0,0.3333333333333333,0.38095238095238093,1.0,0.49411764705882355,0.792156862745098,0.03827751196172249,0.0,0.38268031849431083,0.23874037477184537,0.06392533861914461
0.8029761904761905,0.0,0.8470588235294118,0.0,0.0,0.5215686274509804,0.0,0.0,0.0,0.0,0.36409660676800104,0.24944647652501548,0.055406020348357995
0.0,0.0,0.0,0.0,0.0,0.0,0.0,0.0,0.0,0.0,0.820022362968138,0.03951452846848716,0.0
0.23750000000000002,0.0,0.996078431372549,0.47916666666666663,0.0,0.0,0.0,0.23529411764705882,0.0,0.0,0.38268031849431083,0.23743642140892565,0.07819619029941431
0.8029761904761905,0.0,0.8470588235294118,0.0,0.0,0.5019607843137255,0.0,0.0,0.0,0.0,0.36409660676800104,0.2332775578331356,0.11478909676375512
0.6476190476190476,0.0,1.0,0.0,0.0,0.0,1.0,0.7843137254901961,0.03827751196172249,0.0,0.36409660676800104,0.2299212427253964,0.05956890489190951
0.0,0.0,0.0,0.0,0.0,0.0,0.0,0.0,0.0,0.0,0.9488523582494733,0.039769639480624175,0.0
0.5047619047619049,0.0,0.0196078431372549,0.16666666666666666,0.9682539682539681,0.40784313725490196,0.4549019607843137,0.0,0.0,0.803921568627451,0.36409660676800104,0.2393001613339128,0.1606473324982674
0.4702380952380953,0.0,0.0196078431372549,0.171875,0.8253968253968254,0.03529411764705882,0.12941176470588234,0.12156862745098039,0.0,0.43529411764705883,0.1956994982468579,0.3333698408317855,0.26694879427694135
0.36190476190476195,0.0,0.09803921568627451,0.17708333333333331,0.1349206349206349,0.18823529411764706,0.03137254901960784,0.5568627450980392,0.5406698564593301,0.011764705882352941,0.36409660676800104,0.2395082013911492,0.1538902487617903
0.4815476190476191,0.0,0.25098039215686274,0.9375,0.503968253968254,0.0784313725490196,0.06666666666666667,0.12549019607843137,0.0,0.0784313725490196,0.38268031849431083,0.2386690993548302,0.10199260984626406
0.6380952380952382,0.0,0.0,0.0,0.0,0.0,0.0,0.0,0.0,0.0,0.23463936301137822,0.3025248378683559,0.0
0.0,0.0,0.0,0.0,0.0,0.0,0.0,0.0,0.0,0.0,0.5921638219317304,0.04023036888906695,0.0
0.23750000000000002,0.0,0.996078431372549,0.4583333333333333,0.0,0.0,0.0,0.2549019607843137,0.0,0.0,0.38268031849431083,0.23402061475574296,0.08563671315738511
0.0,0.0,0.0,0.0,0.0,0.0,0.0,0.0,0.0,0.0,0.7039180890341347,0.04030958998714853,0.0
0.18154761904761907,0.0,0.9333333333333333,0.6614583333333333,0.0,0.0,0.18823529411764706,0.4980392156862745,0.009569377990430622,0.1568627450980392,0.36409660676800104,0.24758322696905335,0.20641160193754668
0.09523809523809525,0.0,0.37254901960784315,0.703125,0.3968253968253968,0.03529411764705882,0.0,0.12156862745098039,0.009569377990430622,0.0,0.0,0.5277108057989369,0.1719522951433462
0.4,0.0,0.26666666666666666,0.0,0.611111111111111,0.11372549019607843,0.592156862745098,0.00784313725490196,0.9043062200956937,0.0,0.38268031849431083,0.23741891949403804,0.0391451422959784
0.5047619047619049,0.0,0.0196078431372549,0.16666666666666666,0.4603174603174603,0.40784313725490196,0.4549019607843137,0.0,0.0,0.30196078431372547,0.38268031849431083,0.23907447236146478,0.09300418798911333
0.5238095238095238,0.0,0.0,0.16666666666666666,0.0,0.0,0.0,0.0,0.0,0.0,0.36409660676800104,0.23826857760010695,0.0
0.4190476190476191,0.0,0.0784313725490196,0.0,0.0,0.0,0.0,0.0,0.0,0.0,0.38268031849431083,0.24398868904805487,0.0
0.18095238095238098,0.0,0.09411764705882353,0.6666666666666666,0.0,1.0,0.03529411764705882,0.5019607843137255,0.0,0.1764705882352941,0.36409660676800104,0.2478239614629708,0.1834087576705239
0.7523809523809525,0.0,0.0,0.0,0.0,0.5019607843137255,0.0,0.4117647058823529,1.0,0.07450980392156863,0.23463936301137822,0.30338473951893713,0.0
0.6470238095238096,0.0,0.0,0.3333333333333333,0.38095238095238093,1.0,0.49411764705882355,0.803921568627451,0.03827751196172249,0.0,0.36409660676800104,0.2385307226580224,0.06764315302754252
0.2017857142857143,0.0,0.0,0.171875,0.06349206349206349,1.0,0.0,1.0,0.0,0.0,0.38268031849431083,0.24333520950063367,0.0
0.2017857142857143,0.0,0.0,0.171875,0.06349206349206349,1.0,0.0,1.0,0.0,0.0,0.34374045372979056,0.23185329693376555,0.0
0.5238095238095238,0.0,0.0,0.16666666666666666,0.0,0.0,0.0,0.0,0.0,0.0,0.38268031849431083,0.23920350011625713,0.0
0.1904761904761905,0.0,0.0,0.0,0.0,0.0,0.0392156862745098,0.0,0.21531100478468898,0.011764705882352941,0.36409660676800104,0.20900258591791335,0.20404205283419996
0.0011904761904761906,0.0,0.0,0.0,0.0,0.0,0.0,0.011764705882352941,0.009569377990430622,0.8941176470588235,0.38268031849431083,0.2547126048159102,0.13702245682710154
0.2017857142857143,0.0,0.0,0.171875,0.06349206349206349,1.0,0.0,1.0,0.0,0.0,0.38268031849431083,0.24304821658430112,0.0
0.6470238095238096,0.0,0.0,0.3333333333333333,0.38095238095238093,1.0,0.49411764705882355,0.6431372549019607,0.043062200956937795,0.0,0.38268031849431083,0.23870366350412195,0.08763567038168737
0.1904761904761905,0.0,0.0,0.0,0.0,0.0,0.09411764705882353,0.0,0.17224880382775118,0.9294117647058824,0.36409660676800104,0.27626982579358517,0.2165260369033374
0.8029761904761905,0.0,0.8470588235294118,0.0,0.0,0.5411764705882353,0.0,0.0,0.0,0.0,0.38268031849431083,0.2453213283896025,0.061830499129058164
0.4702380952380953,0.0,0.0196078431372549,0.17708333333333331,0.49206349206349204,0.03529411764705882,0.13333333333333333,0.13333333333333333,0.0,0.43137254901960786,0.29608191096586517,0.24471723868202863,0.19470615635198735
0.0,0.0,0.0,0.0,0.0,0.0,0.0,0.0,0.0,0.0,0.8312070100822431,0.038970237714408267,0.0
0.29583333333333334,0.0,0.03137254901960784,0.0,0.0,0.0,0.0,0.0,0.0,0.0,0.26756254955818887,0.3031045862795834,0.0
0.5047619047619049,0.0,0.0196078431372549,0.16666666666666666,0.5873015873015872,0.40784313725490196,0.4627450980392157,0.0,0.0,0.6862745098039216,0.36409660676800104,0.2423864339201568,0.05488571148054228
0.7523809523809525,0.0,0.0,0.0,0.0,0.5019607843137255,0.0,0.4117647058823529,1.0,0.07450980392156863,0.26756254955818887,0.3026351478181834,0.0
0.0,0.0,0.0,0.0,0.0,0.0,0.0,0.0,0.0,0.0,0.8333753327907575,0.04003998071175027,0.0
0.4,0.0,0.1411764705882353,0.0,0.611111111111111,0.11372549019607843,0.592156862745098,0.00784313725490196,0.9043062200956937,0.0,0.36409660676800104,0.23321139136002617,0.03903726011546839
0.18095238095238098,0.0,0.050980392156862744,0.6666666666666666,0.0,1.0,0.00784313725490196,0.5019607843137255,0.04784688995215311,0.9490196078431372,0.38268031849431083,0.24791457933130331,0.17560883130439556
0.2017857142857143,0.0,0.0,0.171875,0.06349206349206349,1.0,0.0,1.0,0.0,0.0,0.38268031849431083,0.24301305989656932,0.0
0.5047619047619049,0.0,0.0196078431372549,0.16666666666666666,0.7777777777777777,0.40784313725490196,0.47058823529411764,0.0,0.0,0.9450980392156862,0.08659840752844564,0.36974120633129737,0.17022184965539877
0.5238095238095238,0.0,0.0,0.16666666666666666,0.0,0.0,0.0,0.0,0.0,0.0,0.36409660676800104,0.23861506884174738,0.0
0.4190476190476191,0.0,0.0784313725490196,0.0,0.0,0.0,0.0,0.0,0.0,0.0,0.38268031849431083,0.2367845911434521,0.0
0.0,0.0,0.0,0.0,0.0,0.0,0.0,0.0,0.0,0.0,0.6601785177338662,0.21376764312524263,0.0
0.6476190476190476,0.0,1.0,0.0,0.0,0.0,1.0,0.8313725490196078,0.03827751196172249,0.0,0.36409660676800104,0.23713408138635497,0.0743822219531151
0.18095238095238098,0.0,0.06274509803921569,0.6666666666666666,0.0,1.0,0.027450980392156862,0.5019607843137255,0.05263157894736842,0.22352941176470587,0.38268031849431083,0.21963163848427442,0.14823194860970762
0.36190476190476195,0.0,0.09411764705882353,0.171875,0.13095238095238093,0.18823529411764706,0.03137254901960784,0.5607843137254902,0.5311004784688995,0.22352941176470587,0.38268031849431083,0.23660828206152532,0.2402716023096975
0.4702380952380953,0.0,0.0196078431372549,0.171875,0.4444444444444444,0.03529411764705882,0.12941176470588234,0.12941176470588234,0.0,0.43529411764705883,0.38268031849431083,0.23730946277662562,0.17727375220711925
0.6476190476190476,0.0,1.0,0.0,0.0,0.0,1.0,0.8941176470588235,0.03827751196172249,0.0,0.36409660676800104,0.23882238634656536,0.09334683128222719
0.4190476190476191,0.0,0.0784313725490196,0.0,0.0,0.0,0.0,0.0,0.0,0.0,0.08659840752844564,0.3696751403655921,0.0
0.4702380952380953,0.0,0.0196078431372549,0.171875,0.4603174603174603,0.03529411764705882,0.12941176470588234,0.12941176470588234,0.0,0.43529411764705883,0.1480409554829326,0.36983501420867665,0.18103838056061586
0.6380952380952382,0.0,0.0,0.0,0.0,0.0,0.0,0.0,0.0,0.0,0.26756254955818887,0.3031475641515236,0.0
0.4815476190476191,0.0,0.8627450980392157,0.9791666666666666,0.503968253968254,0.0784313725490196,0.06666666666666667,0.12549019607843137,0.0,0.0784313725490196,0.38268031849431083,0.24080239704784345,0.09353619008892736
0.18154761904761907,0.0,0.984313725490196,0.6614583333333333,0.0,0.0,0.13725490196078433,0.4980392156862745,0.05263157894736842,0.7686274509803921,0.38268031849431083,0.21929362264289337,0.21078449869797974
0.2017857142857143,0.0,0.0,0.171875,0.06349206349206349,1.0,0.0,1.0,0.0,0.0,0.38268031849431083,0.24309989505777302,0.0
0.0,0.0,0.0,0.0,0.0,0.0,0.0,0.0,0.0,0.0,0.6398223646956558,0.18798540562895372,0.0
0.0011904761904761906,0.0,0.0,0.0,0.0,0.0,0.0,0.03137254901960784,0.019138755980861243,0.1411764705882353,0.1480409554829326,0.40926528141468344,0.13070507327225028
0.0,0.0,0.0,0.0,0.0,0.0,0.0,0.0,0.0,0.0,0.8397512675310609,0.0402462181515586,0.0
0.23750000000000002,0.0,0.996078431372549,0.4583333333333333,0.0,0.0,0.0,0.2549019607843137,0.0,0.0,0.36409660676800104,0.23879433735561018,0.08563671315738511
0.23750000000000002,0.0,0.996078431372549,0.46875,0.0,0.0,0.0,0.2549019607843137,0.0,0.0,0.36409660676800104,0.2388310152160487,0.07118281869104108
0.8029761904761905,0.0,0.8470588235294118,0.0,0.0,0.5411764705882353,0.0,0.0,0.0,0.0,0.36409660676800104,0.23993791617083784,0.061830499129058164
0.8029761904761905,0.0,0.8470588235294118,0.0,0.0,0.5215686274509804,0.0,0.0,0.0,0.0,0.36409660676800104,0.237482349305082,0.055406020348357995
0.23750000000000002,0.0,0.996078431372549,0.453125,0.0,0.0,0.0,0.23529411764705882,0.0,0.0,0.38268031849431083,0.23896682137254638,0.077550705938032
0.4702380952380953,0.0,0.0196078431372549,0.17708333333333331,0.42857142857142855,0.03529411764705882,0.13333333333333333,0.12941176470588234,0.0,0.43529411764705883,0.38268031849431083,0.2373839064330862,0.12045413370535346
0.0011904761904761906,0.0,0.0,0.0,0.0,0.0,0.0,0.03137254901960784,0.06220095693779904,0.8196078431372549,0.36409660676800104,0.21413044150636928,0.1420128540118401
0.0011904761904761906,0.0,0.0,0.0,0.0,0.0,0.0,0.03529411764705882,0.004784688995215311,0.00392156862745098,0.36409660676800104,0.22445176990872437,0.1817425273206338
0.23750000000000002,0.0,0.996078431372549,0.453125,0.0,0.0,0.0,0.23529411764705882,0.0,0.0,0.36409660676800104,0.23990377786805936,0.077550705938032
0.6476190476190476,0.0,1.0,0.0,0.0,0.0,1.0,0.5254901960784314,0.043062200956937795,0.0,0.38268031849431083,0.23930874890296766,0.11986533090373575
0.0,0.0,0.0,0.0,0.0,0.0,0.0,0.0,0.0,0.0,0.8008114027665407,0.03964216567148568,0.0
0.23750000000000002,0.0,0.996078431372549,0.4895833333333333,0.0,0.0,0.0,0.23529411764705882,0.0,0.0,0.36409660676800104,0.2391927541866922,0.1073633717342716
0.4190476190476191,0.0,0.0784313725490196,0.0,0.0,0.0,0.0,0.0,0.0,0.0,0.38268031849431083,0.2386064212384114,0.0
0.0,0.0,0.0,0.0,0.0,0.0,0.0,0.0,0.0,0.0,0.8223066409172028,0.040704752837647844,0.0
0.18095238095238098,0.0,0.07450980392156863,0.6666666666666666,0.0,1.0,0.2,0.5019607843137255,0.0,0.24705882352941178,0.36409660676800104,0.24750614793851586,0.14471548076818874
0.5238095238095238,0.0,0.0,0.16666666666666666,0.0,0.0,0.0,0.0,0.0,0.0,0.38268031849431083,0.22716344055310347,0.0
0.7523809523809525,0.0,0.0,0.0,0.0,0.5019607843137255,0.0,0.4117647058823529,1.0,0.07450980392156863,0.0,0.5660907638542385,0.0
0.8029761904761905,0.0,0.8470588235294118,0.0,0.0,0.5411764705882353,0.0,0.0,0.0,0.0,0.38268031849431083,0.2370967730138306,0.061830499129058164
0.18154761904761907,0.0,0.0,0.6666666666666666,0.0,0.0,0.27058823529411763,0.4980392156862745,0.004784688995215311,0.8392156862745098,0.36409660676800104,0.2299802010634931,0.20475125751819262
0.0,0.0,0.0,0.0,0.0,0.0,0.0,0.0,0.0,0.0,0.7878633201785883,0.040436212796012436,0.0
0.6380952380952382,0.0,0.0,0.0,0.0,0.0,0.0,0.0,0.0,0.0,0.26756254955818887,0.3031045862795834,0.0
0.1904761904761905,0.0,0.0,0.0,0.0,0.0,0.06274509803921569,0.15294117647058825,0.20095693779904306,0.796078431372549,0.1480409554829326,0.24878502534476268,0.12543942507577896
0.6470238095238096,0.0,0.0,0.3333333333333333,0.38095238095238093,1.0,0.49411764705882355,0.4117647058823529,0.043062200956937795,0.0,0.38268031849431083,0.23870366350412195,0.15179833035776022
0.4190476190476191,0.0,0.0784313725490196,0.0,0.0,0.0,0.0,0.0,0.0,0.0,0.36409660676800104,0.2386777415169797,0.0
0.1904761904761905,0.0,0.0,0.0,0.0,0.0,0.03137254901960784,0.0196078431372549,0.21531100478468898,0.3803921568627451,0.36409660676800104,0.230680309513551,0.1584690272035365
0.36190476190476195,0.0,0.09411764705882353,0.17708333333333331,0.1349206349206349,0.18823529411764706,0.03137254901960784,0.5607843137254902,0.5502392344497608,0.07058823529411765,0.1956994982468579,0.3018157164970894,0.1974528233992754
0.4815476190476191,0.0,0.047058823529411764,0.9791666666666666,0.503968253968254,0.0784313725490196,0.06666666666666667,0.12549019607843137,0.0,0.0784313725490196,0.38268031849431083,0.23864316836725258,0.08439033079876414
0.5238095238095238,0.0,0.0,0.16666666666666666,0.0,0.0,0.0,0.0,0.0,0.0,0.29608191096586517,0.3031385177198473,0.0
0.4,0.0,0.39215686274509803,0.0,0.611111111111111,0.11372549019607843,0.592156862745098,0.00784313725490196,0.9043062200956937,0.0,0.38268031849431083,0.2382859308263342,0.07945982888469613
0.5238095238095238,0.0,0.0,0.16666666666666666,0.0,0.0,0.0,0.0,0.0,0.0,0.38268031849431083,0.239488916987976,0.0
0.23750000000000002,0.0,0.996078431372549,0.47916666666666663,0.0,0.0,0.0,0.23529411764705882,0.0,0.0,0.36409660676800104,0.24143063295197437,0.07819619029941431
0.8029761904761905,0.0,0.8470588235294118,0.0,0.0,0.5019607843137255,0.0,0.0,0.0,0.0,0.38268031849431083,0.2386042592202315,0.11478909676375512
0.5047619047619049,0.0,0.0196078431372549,0.16666666666666666,0.5873015873015872,0.40784313725490196,0.4549019607843137,0.0,0.0,0.6784313725490196,0.38268031849431083,0.2385134120424911,0.09440120960765004
0.0,0.0,0.0,0.0,0.0,0.0,0.0,0.0,0.0,0.0,0.617319681505689,0.1859298835047703,0.0
0.18095238095238098,0.0,0.03529411764705882,0.6666666666666666,0.0,1.0,0.023529411764705882,0.5019607843137255,0.009569377990430622,0.4588235294117647,0.38268031849431083,0.2474072413090599,0.16343835443576768
0.6476190476190476,0.0,1.0,0.0,0.0,0.0,1.0,0.3529411764705882,0.043062200956937795,0.0,0.36409660676800104,0.24520201733699665,0.165142462717798
0.36190476190476195,0.0,0.09803921568627451,0.17708333333333331,0.1349206349206349,0.18823529411764706,0.03137254901960784,0.5568627450980392,0.5215311004784688,0.1568627450980392,0.36409660676800104,0.24376518034561917,0.09338267527045822
0.23750000000000002,0.0,0.996078431372549,0.44791666666666663,0.0,0.0,0.0,0.23529411764705882,0.0,0.0,0.1956994982468579,0.40907383416021437,0.09241251950922756
0.18154761904761907,0.0,0.984313725490196,0.6614583333333333,0.0,0.0,0.2549019607843137,0.4980392156862745,0.014354066985645932,0.4980392156862745,0.38268031849431083,0.22784021341259134,0.1585911694828575
0.23750000000000002,0.0,0.996078431372549,0.453125,0.0,0.0,0.0,0.23529411764705882,0.0,0.0,0.36409660676800104,0.23957031463096115,0.077550705938032
0.5238095238095238,0.0,0.0,0.16666666666666666,0.0,0.0,0.0,0.0,0.0,0.0,0.38268031849431083,0.239381713354071,0.0
0.23750000000000002,0.0,0.996078431372549,0.46354166666666663,0.0,0.0,0.0,0.2549019607843137,0.0,0.0,0.38268031849431083,0.242994442506197,0.07052635064924392
0.0,0.0,0.0,0.0,0.0,0.0,0.0,0.0,0.0,0.0,0.38268031849431083,0.03951452846848716,0.0
0.23750000000000002,0.0,0.996078431372549,0.44791666666666663,0.0,0.0,0.0,0.23529411764705882,0.0,0.0,0.38268031849431083,0.24199225832759963,0.09241251950922756
0.18095238095238098,0.0,0.06666666666666667,0.6666666666666666,0.0,1.0,0.12549019607843137,0.5019607843137255,0.03349282296650718,0.2588235294117647,0.38268031849431083,0.22955491981066678,0.10225246087321328
0.0,0.0,0.0,0.0,0.0,0.0,0.0,0.0,0.0,0.0,0.8333753327907575,0.040972570631572516,0.0
0.0,0.0,0.0,0.0,0.0,0.0,0.0,0.0,0.0,0.0,0.8797355253416076,0.039450648463288183,0.0
0.6476190476190476,0.0,1.0,0.0,0.0,0.0,1.0,0.7176470588235294,0.03827751196172249,0.0,0.38268031849431083,0.24380007253827457,0.039668271880846005
0.36190476190476195,0.0,0.09803921568627451,0.17708333333333331,0.1349206349206349,0.18823529411764706,0.03137254901960784,0.5568627450980392,0.5358851674641149,0.21568627450980393,0.1480409554829326,0.3375385845184687,0.13558737126151701
0.4702380952380953,0.0,0.0196078431372549,0.17708333333333331,0.47619047619047616,0.03529411764705882,0.13333333333333333,0.13333333333333333,0.0,0.43137254901960786,0.38268031849431083,0.23915620934958529,0.1910637456634393
0.23750000000000002,0.0,0.996078431372549,0.47916666666666663,0.0,0.0,0.0,0.23529411764705882,0.0,0.0,0.38268031849431083,0.23241164451630053,0.07819619029941431
0.18095238095238098,0.0,0.11764705882352941,0.6666666666666666,0.0,1.0,0.0196078431372549,0.5019607843137255,0.023923444976076555,0.615686274509804,0.36409660676800104,0.22922763635157745,0.14584437023747096
0.8029761904761905,0.0,0.8470588235294118,0.0,0.0,0.5372549019607843,0.0,0.0,0.0,0.0,0.36409660676800104,0.24017017242842617,0.04906614384407297
0.2017857142857143,0.0,0.0,0.171875,0.06349206349206349,1.0,0.0,1.0,0.0,0.0,0.36409660676800104,0.2412876257344972,0.0
0.4,0.0,0.1411764705882353,0.0,0.611111111111111,0.11372549019607843,0.592156862745098,0.00784313725490196,0.9043062200956937,0.0,0.36409660676800104,0.23858696138469385,0.03903726011546839
0.18095238095238098,0.0,0.09803921568627451,0.6666666666666666,0.0,1.0,0.10588235294117647,0.5019607843137255,0.009569377990430622,0.3176470588235294,0.38268031849431083,0.23875116962829712,0.147579255771669
0.4815476190476191,0.0,0.8627450980392157,0.9583333333333333,0.503968253968254,0.0784313725490196,0.06666666666666667,0.12549019607843137,0.0,0.0784313725490196,0.36409660676800104,0.2550980727312638,0.09223403150485196
0.5047619047619049,0.0,0.0196078431372549,0.16666666666666666,0.3968253968253968,0.40784313725490196,0.4588235294117647,0.0,0.0,0.3607843137254902,0.36409660676800104,0.23825122134924043,0.06402794978586598
0.8029761904761905,0.0,0.8470588235294118,0.0,0.0,0.5215686274509804,0.0,0.0,0.0,0.0,0.38268031849431083,0.23784901186823432,0.055406020348357995
0.4815476190476191,0.0,0.047058823529411764,0.9739583333333333,0.503968253968254,0.0784313725490196,0.06666666666666667,0.12549019607843137,0.0,0.0784313725490196,0.36409660676800104,0.24072200074204508,0.07232112911621029
0.8029761904761905,0.0,0.8470588235294118,0.0,0.0,0.5137254901960784,0.0,0.0,0.0,0.0,0.38268031849431083,0.2368572277946077,0.08018541678821776
0.0,0.0,0.0,0.0,0.0,0.0,0.0,0.0,0.0,0.0,0.8635066109238047,0.0404520293318796,0.0
0.4815476190476191,0.0,0.25098039215686274,0.953125,0.503968253968254,0.0784313725490196,0.06666666666666667,0.12549019607843137,0.0,0.0784313725490196,0.1480409554829326,0.3025726159406425,0.06629502159788453
0.4190476190476191,0.0,0.0784313725490196,0.0,0.0,0.0,0.0,0.0,0.0,0.0,0.38268031849431083,0.2387144623408223,0.0
0.23750000000000002,0.0,0.996078431372549,0.46875,0.0,0.0,0.0,0.2549019607843137,0.0,0.0,0.36409660676800104,0.2395617495906474,0.07118281869104108
0.6476190476190476,0.0,1.0,0.0,0.0,0.0,1.0,0.8431372549019608,0.03827751196172249,0.0,0.36409660676800104,0.2453879994029539,0.07800457068648094
0.23750000000000002,0.0,0.996078431372549,0.47916666666666663,0.0,0.0,0.0,0.23529411764705882,0.0,0.0,0.38268031849431083,0.23019922012437025,0.07819619029941431
0.5238095238095238,0.0,0.0,0.16666666666666666,0.0,0.0,0.0,0.0,0.0,0.0,0.08659840752844564,0.44036456572799726,0.0
0.2017857142857143,0.0,0.0,0.171875,0.06349206349206349,1.0,0.0,1.0,0.0,0.0,0.36409660676800104,0.24311849274466996,0.0
0.4702380952380953,0.0,0.0196078431372549,0.171875,0.4126984126984127,0.03529411764705882,0.12941176470588234,0.12549019607843137,0.0,0.43529411764705883,0.36409660676800104,0.24062459197220012,0.15524275074909208
0.18095238095238098,0.0,0.06666666666666667,0.6666666666666666,0.0,1.0,0.11372549019607843,0.5019607843137255,0.028708133971291863,0.9490196078431372,0.36409660676800104,0.2559917371300059,0.13981780562374116
0.5047619047619049,0.0,0.0196078431372549,0.16666666666666666,0.3968253968253968,0.40784313725490196,0.4627450980392157,0.0,0.0,0.37254901960784315,0.38268031849431083,0.23874253383675612,0.050882105429266
0.4702380952380953,0.0,0.0196078431372549,0.171875,0.5079365079365079,0.03529411764705882,0.12941176470588234,0.12941176470588234,0.0,0.43529411764705883,0.36409660676800104,0.25011126763693625,0.19213206364711788
0.0,0.0,0.0,0.0,0.0,0.0,0.0,0.0,0.0,0.0,0.6113030032879794,0.1853262750302906,0.0
0.36190476190476195,0.0,0.09803921568627451,0.171875,0.1349206349206349,0.18823529411764706,0.03137254901960784,0.5568627450980392,0.5215311004784688,0.22745098039215686,0.38268031849431083,0.2379600535338834,0.15768522264844406
0.6470238095238096,0.0,0.0,0.3333333333333333,0.38095238095238093,1.0,0.49411764705882355,0.8313725490196078,0.03827751196172249,0.0,0.36409660676800104,0.24553129194014006,0.07619097529964376
0.5238095238095238,0.0,0.0,0.16666666666666666,0.0,0.0,0.0,0.0,0.0,0.0,0.38268031849431083,0.23872310056707488,0.0
0.29583333333333334,0.0,0.03137254901960784,0.0,0.0,0.0,0.0,0.0,0.0,0.0,0.08659840752844564,0.409096858490378,0.0
0.18095238095238098,0.0,0.058823529411764705,0.6666666666666666,0.0,1.0,0.14901960784313725,0.5019607843137255,0.03827751196172249,0.26666666666666666,0.36409660676800104,0.2461565351831399,0.10761922312430754
0.0,0.0,0.0,0.0,0.0,0.0,0.0,0.0,0.0,0.0,0.5853829999567598,0.19052983128653345,0.0
0.8029761904761905,0.0,0.8470588235294118,0.0,0.0,0.5372549019607843,0.0,0.0,0.0,0.0,0.38268031849431083,0.23852423152984295,0.04906614384407297
0.0,0.0,0.0,0.0,0.0,0.0,0.0,0.0,0.0,0.0,0.46927872602275644,0.1851563110717301,0.0
0.18154761904761907,0.0,0.9137254901960784,0.6614583333333333,0.0,0.0,0.2392156862745098,0.4980392156862745,0.06698564593301436,0.7490196078431373,0.38268031849431083,0.24738348909271612,0.1899231416001915
0.8029761904761905,0.0,0.8470588235294118,0.0,0.0,0.5372549019607843,0.0,0.0,0.0,0.0,0.36409660676800104,0.23976710749994717,0.04906614384407297
0.36190476190476195,0.0,0.10588235294117647,0.18229166666666666,0.1388888888888889,0.18823529411764706,0.03137254901960784,0.5568627450980392,0.5215311004784688,0.1411764705882353,0.38268031849431083,0.2378773283675597,0.22880420416625621
0.18154761904761907,0.0,0.9490196078431372,0.6614583333333333,0.0,0.0,0.16078431372549018,0.4980392156862745,0.057416267942583726,0.09019607843137255,0.1480409554829326,0.3695562271400183,0.2198792148801129
0.4,0.0,0.39215686274509803,0.0,0.611111111111111,0.11372549019607843,0.592156862745098,0.00784313725490196,0.9043062200956937,0.0,0.38268031849431083,0.23940745275387942,0.07945982888469613
0.0011904761904761906,0.0,0.0,0.0,0.0,0.0,0.0,0.011764705882352941,0.057416267942583726,0.2588235294117647,0.38268031849431083,0.2550522618619165,0.1083028929388387
0.6470238095238096,0.0,0.0,0.3333333333333333,0.38095238095238093,1.0,0.49411764705882355,0.8352941176470589,0.03827751196172249,0.0,0.38268031849431083,0.2438493112993957,0.07739787962939865
0.0,0.0,0.0,0.0,0.0,0.0,0.0,0.0,0.0,0.0,0.7299510666881809,0.19969189245172958,0.0
0.5238095238095238,0.0,0.0,0.16666666666666666,0.0,0.0,0.0,0.0,0.0,0.0,0.38268031849431083,0.23861290701131685,0.0
0.4702380952380953,0.0,0.0196078431372549,0.171875,0.23809523809523808,0.0392156862745098,0.12941176470588234,0.11764705882352941,0.0,0.43529411764705883,0.0,0.5104255706703285,0.23314365173541068
0.4702380952380953,0.0,0.0196078431372549,0.17708333333333331,0.3968253968253968,0.03529411764705882,0.13333333333333333,0.12941176470588234,0.0,0.43529411764705883,0.38268031849431083,0.2380774922531408,0.11169208403898792
0.23750000000000002,0.0,0.996078431372549,0.4583333333333333,0.0,0.0,0.0,0.23529411764705882,0.0,0.0,0.38268031849431083,0.2369495978770182,0.062138186467289566
0.36190476190476195,0.0,0.09411764705882353,0.171875,0.1349206349206349,0.18823529411764706,0.03137254901960784,0.5607843137254902,0.5311004784688995,0.2196078431372549,0.3212377705398239,0.2379034595296008,0.20479589335623147
0.18154761904761907,0.0,0.9686274509803922,0.6614583333333333,0.0,0.0,0.2784313725490196,0.4980392156862745,0.009569377990430622,0.8627450980392157,0.38268031849431083,0.24856225743189575,0.21674619227079792
0.0,0.0,0.0,0.0,0.0,0.0,0.0,0.0,0.0,0.0,0.7334239554396924,0.03997643700809555,0.0
0.0,0.0,0.0,0.0,0.0,0.0,0.0,0.0,0.0,0.0,0.743516129827459,0.03949856230861062,0.0
0.6476190476190476,0.0,1.0,0.0,0.0,0.0,1.0,0.8196078431372549,0.03827751196172249,0.0,0.36409660676800104,0.23868638292915811,0.07072805264146069
0.2017857142857143,0.0,0.0,0.171875,0.06349206349206349,1.0,0.0,1.0,0.0,0.0,0.36409660676800104,0.23285699555187797,0.0
0.6380952380952382,0.0,0.0,0.0,0.0,0.0,0.0,0.0,0.0,0.0,0.23463936301137822,0.3032379832953153,0.0
0.8029761904761905,0.0,0.8470588235294118,0.5,0.0,0.5058823529411764,0.0,0.0,0.0,0.0,0.36409660676800104,0.23960670783561752,0.1642584264447584
0.4,0.0,0.01568627450980392,0.0,0.611111111111111,0.11372549019607843,0.592156862745098,0.00784313725490196,0.9043062200956937,0.0,0.38268031849431083,0.2352289614981601,0.07936191258484337
0.18095238095238098,0.0,0.03529411764705882,0.6666666666666666,0.0,1.0,0.9411764705882353,0.4980392156862745,0.023923444976076555,0.9176470588235294,0.38268031849431083,0.2275265693693079,0.28424113961622993
0.8029761904761905,0.0,0.8470588235294118,0.0,0.0,0.5333333333333333,0.0,0.0,0.0,0.0,0.38268031849431083,0.24529505178994504,0.03589768241871075
0.4702380952380953,0.0,0.0196078431372549,0.18229166666666666,0.4126984126984127,0.03529411764705882,0.13725490196078433,0.13333333333333333,0.0,0.43137254901960786,0.38268031849431083,0.2386237156941676,0.24690151268639154
0.23750000000000002,0.0,0.996078431372549,0.44791666666666663,0.0,0.0,0.0,0.23529411764705882,0.0,0.0,0.38268031849431083,0.23666341219059622,0.09241251950922756
0.0,0.0,0.0,0.0,0.0,0.0,0.0,0.0,0.0,0.0,0.9970128470783314,0.027570800294726194,0.0
0.8029761904761905,0.0,0.8470588235294118,0.0,0.0,0.5372549019607843,0.0,0.0,0.0,0.0,0.38268031849431083,0.2341156526921118,0.04906614384407297
0.7148809523809524,0.0,0.16078431372549018,0.203125,0.15476190476190477,0.13725490196078433,0.0,0.0,0.0,0.6039215686274509,0.23463936301137822,0.3037293297455727,0.0
0.4,0.0,0.26666666666666666,0.0,0.611111111111111,0.11372549019607843,0.592156862745098,0.00784313725490196,0.9043062200956937,0.0,0.38268031849431083,0.23742767083600153,0.0391451422959784
0.7523809523809525,0.0,0.0,0.0,0.0,0.5019607843137255,0.0,0.4117647058823529,1.0,0.07450980392156863,0.26756254955818887,0.3021669116911777,0.0
0.0,0.0,0.0,0.0,0.0,0.0,0.0,0.0,0.0,0.0,0.6231714983085562,0.040372921518221534,0.0
0.0,0.0,0.0,0.0,0.0,0.0,0.0,0.0,0.0,0.0,0.7368412755809454,0.04003998071175027,0.0
0.18095238095238098,0.0,0.12549019607843137,0.6666666666666666,0.0,1.0,0.15294117647058825,0.5019607843137255,0.014354066985645932,0.21568627450980393,0.36409660676800104,0.2299212427253964,0.17529680120974458
0.4190476190476191,0.0,0.0784313725490196,0.0,0.0,0.0,0.0,0.0,0.0,0.0,0.38268031849431083,0.23870582336515153,0.0
0.8029761904761905,0.0,0.8470588235294118,0.0,0.0,0.5294117647058824,0.0,0.0,0.0,0.0,0.36409660676800104,0.2396516457916128,0.029056529062786718
0.0,0.0,0.0,0.0,0.0,0.0,0.0,0.0,0.0,0.0,0.9645904296995592,0.03978556223896158,0.0
0.6470238095238096,0.0,0.0,0.3333333333333333,0.38095238095238093,1.0,0.49411764705882355,0.8117647058823529,0.03827751196172249,0.0,0.38268031849431083,0.23879433735561018,0.07010336345566635
0.8029761904761905,0.0,0.8470588235294118,0.0,0.0,0.5411764705882353,0.0,0.0,0.0,0.0,0.0,0.5541133918650823,0.061830499129058164
0.0011904761904761906,0.0,0.0,0.0,0.0,0.0,0.0,0.03529411764705882,0.057416267942583726,0.5019607843137255,0.36409660676800104,0.2584450685694914,0.10298055314052416
0.6470238095238096,0.0,0.0,0.3333333333333333,0.38095238095238093,1.0,0.49411764705882355,0.8705882352941177,0.03827751196172249,0.0,0.38268031849431083,0.23874253383675612,0.08810528152873025
0.0,0.0,0.0,0.0,0.0,0.0,0.0,0.0,0.0,0.0,0.5478166315806011,0.0688283513645962,0.0
0.09523809523809525,0.0,0.36470588235294116,0.6979166666666666,0.4126984126984127,0.03529411764705882,0.0,0.12156862745098039,0.009569377990430622,0.0,0.08659840752844564,0.45939787691297257,0.12769102343648606
0.5047619047619049,0.0,0.0196078431372549,0.16666666666666666,0.9682539682539681,0.40784313725490196,0.4627450980392157,0.0,0.0,0.8117647058823529,0.36409660676800104,0.22696922903010272,0.12719021164081873
0.6470238095238096,0.0,0.0,0.3333333333333333,0.38095238095238093,1.0,0.49411764705882355,0.807843137254902,0.03827751196172249,0.0,0.1956994982468579,0.23900343576797337,0.0688750770220025
0.8029761904761905,0.0,0.8470588235294118,0.0,0.0,0.5411764705882353,0.0,0.0,0.0,0.0,0.0,0.5896455175409663,0.061830499129058164
0.2017857142857143,0.0,0.0,0.171875,0.06349206349206349,1.0,0.0,1.0,0.0,0.0,0.36409660676800104,0.234172179857993,0.0
0.4,0.0,0.1411764705882353,0.0,0.611111111111111,0.11372549019607843,0.592156862745098,0.00784313725490196,0.9043062200956937,0.0,0.3212377705398239,0.31084774675122095,0.03903726011546839
0.5238095238095238,0.0,0.0,0.16666666666666666,0.0,0.0,0.0,0.0,0.0,0.0,0.38268031849431083,0.23864316836725258,0.0
0.18154761904761907,0.0,0.07058823529411765,0.6666666666666666,0.0,0.0,0.26666666666666666,0.4980392156862745,0.07177033492822966,0.9882352941176471,0.36409660676800104,0.2292775098000228,0.22100723542421974
0.6470238095238096,0.0,0.0,0.3333333333333333,0.38095238095238093,1.0,0.49411764705882355,0.580392156862745,0.043062200956937795,0.0,0.36409660676800104,0.23471995855383254,0.10603634198508582
0.0,0.0,0.0,0.0,0.0,0.0,0.0,0.0,0.0,0.0,0.6051119045196828,0.18543696500157167,0.0
0.2017857142857143,0.0,0.0,0.171875,0.06349206349206349,1.0,0.0,1.0,0.0,0.0,0.38268031849431083,0.23419252178495714,0.0
0.0,0.0,0.0,0.0,0.0,0.0,0.0,0.0,0.0,0.0,0.38268031849431083,0.029795676092086016,0.0
0.5238095238095238,0.0,0.0,0.16666666666666666,0.0,0.0,0.0,0.0,0.0,0.0,0.38268031849431083,0.24380007253827457,0.0
0.4,0.0,0.01568627450980392,0.0,0.611111111111111,0.11372549019607843,0.592156862745098,0.00784313725490196,0.9043062200956937,0.0,0.38268031849431083,0.2393902938932791,0.07936191258484337
0.5238095238095238,0.0,0.0,0.16666666666666666,0.0,0.0,0.0,0.0,0.0,0.0,0.38268031849431083,0.23869502359149547,0.0
0.0,0.0,0.0,0.0,0.0,0.0,0.0,0.0,0.0,0.0,0.6288672479124264,0.18558804258396844,0.0
0.0,0.0,0.0,0.0,0.0,0.0,0.0,0.0,0.0,0.0,0.3997756760976685,0.040436212796012436,0.0
0.4190476190476191,0.0,0.0784313725490196,0.0,0.0,0.0,0.0,0.0,0.0,0.0,0.36409660676800104,0.24218432707263043,0.0
0.8571428571428572,0.0,0.0,0.0,0.0,0.0,0.0,0.0,0.0,0.0,0.0,0.7566873044026788,0.0
0.4815476190476191,0.0,0.25098039215686274,0.9895833333333333,0.503968253968254,0.0784313725490196,0.06666666666666667,0.12549019607843137,0.0,0.0784313725490196,0.38268031849431083,0.2370879925414352,0.07988344531547721
0.4,0.0,0.1411764705882353,0.0,0.611111111111111,0.11372549019607843,0.592156862745098,0.00784313725490196,0.9043062200956937,0.0,0.36409660676800104,0.24003812980380088,0.03903726011546839
0.09523809523809525,0.0,0.3529411764705882,0.6614583333333333,0.25396825396825395,0.0392156862745098,0.0,0.12156862745098039,0.009569377990430622,0.0,0.08659840752844564,0.4593554863704225,0.1831854492055148
0.23750000000000002,0.0,0.996078431372549,0.4583333333333333,0.0,0.0,0.0,0.2549019607843137,0.0,0.0,0.38268031849431083,0.23858696138469385,0.08563671315738511
0.18154761904761907,0.0,0.9137254901960784,0.6614583333333333,0.0,0.0,0.2392156862745098,0.4980392156862745,0.04784688995215311,0.796078431372549,0.38268031849431083,0.24737557042807967,0.1660217531791438
0.2017857142857143,0.0,0.0,0.171875,0.06349206349206349,1.0,0.0,1.0,0.0,0.0,0.38268031849431083,0.23416539829212593,0.0
0.0,0.0,0.0,0.0,0.0,0.0,0.0,0.0,0.0,0.0,0.9748441404260412,0.04010348389204519,0.0
0.5047619047619049,0.0,0.0196078431372549,0.16666666666666666,0.20634920634920634,0.40784313725490196,0.4549019607843137,0.0,0.0,0.050980392156862744,0.38268031849431083,0.23890433043271583,0.15943395984498007
0.18095238095238098,0.0,0.043137254901960784,0.6666666666666666,0.0,1.0,0.12156862745098039,0.5019607843137255,0.057416267942583726,0.9490196078431372,0.36409660676800104,0.24717739887897677,0.18599169285690986
0.4190476190476191,0.0,0.0784313725490196,0.0,0.0,0.0,0.0,0.0,0.0,0.0,0.36409660676800104,0.23868638292915811,0.0
0.18095238095238098,0.0,0.0392156862745098,0.6666666666666666,0.0,1.0,0.0196078431372549,0.5019607843137255,0.014354066985645932,0.011764705882352941,0.38268031849431083,0.22907548683147871,0.20434257983620752
0.5047619047619049,0.0,0.0196078431372549,0.16666666666666666,0.7777777777777777,0.40784313725490196,0.47058823529411764,0.0,0.0,0.9450980392156862,0.29608191096586517,0.3031283395017483,0.17022184965539877
0.18095238095238098,0.0,0.058823529411764705,0.6666666666666666,0.0,1.0,0.01568627450980392,0.5019607843137255,0.03349282296650718,0.8,0.36409660676800104,0.23099352615789964,0.1323495447300106
0.18095238095238098,0.0,0.06666666666666667,0.6666666666666666,0.0,1.0,0.9803921568627451,0.4980392156862745,0.05263157894736842,0.1568627450980392,0.38268031849431083,0.2174926170352448,0.2621265771151609
0.6476190476190476,0.0,1.0,0.0,0.0,0.0,1.0,0.6039215686274509,0.043062200956937795,0.0,0.1956994982468579,0.23873173804403924,0.09753419677344065
0.36190476190476195,0.0,0.10196078431372549,0.17708333333333331,0.1388888888888889,0.18823529411764706,0.03137254901960784,0.5607843137254902,0.5263157894736842,0.20784313725490194,0.38268031849431083,0.23812312548787437,0.19205108531269918
0.0,0.0,0.0,0.0,0.0,0.0,0.0,0.0,0.0,0.0,0.6051119045196828,0.04056267479619917,0.0
0.4,0.0,0.01568627450980392,0.0,0.611111111111111,0.11372549019607843,0.592156862745098,0.00784313725490196,0.9043062200956937,0.0,0.36409660676800104,0.2390206614143416,0.07936191258484337
0.1904761904761905,0.0,0.0,0.0,0.0,0.0,0.01568627450980392,0.058823529411764705,0.2248803827751196,0.5764705882352941,0.23463936301137822,0.3048038347324173,0.16258288588671388
0.5238095238095238,0.0,0.0,0.16666666666666666,0.0,0.0,0.0,0.0,0.0,0.0,0.08659840752844564,0.40863731737090886,0.0
0.6476190476190476,0.0,1.0,0.0,0.0,0.0,1.0,0.8392156862745098,0.03827751196172249,0.0,0.36409660676800104,0.24416059265737827,0.076800622519469
0.5047619047619049,0.0,0.0196078431372549,0.16666666666666666,0.7777777777777777,0.40784313725490196,0.4627450980392157,0.0,0.0,1.0,0.38268031849431083,0.23859561067806734,0.1271540402276252
0.4,0.0,0.39215686274509803,0.0,0.611111111111111,0.11372549019607843,0.592156862745098,0.00784313725490196,0.9043062200956937,0.0,0.08659840752844564,0.4378351363127575,0.07945982888469613
0.0,0.0,0.0,0.0,0.0,0.0,0.0,0.0,0.0,0.0,0.7878633201785883,0.040055860303869616,0.0
0.5047619047619049,0.0,0.0196078431372549,0.16666666666666666,0.14285714285714285,0.40784313725490196,0.4627450980392157,0.0,0.0,0.12156862745098039,0.36409660676800104,0.23901204896363365,0.12380365695663546
0.4702380952380953,0.0,0.0196078431372549,0.17708333333333331,0.4444444444444444,0.03529411764705882,0.13333333333333333,0.12941176470588234,0.0,0.43529411764705883,0.36409660676800104,0.2395531838135608,0.12476690651649039
0.5238095238095238,0.0,0.0,0.16666666666666666,0.0,0.0,0.0,0.0,0.0,0.0,0.36409660676800104,0.24080239704784345,0.0
0.18154761904761907,0.0,0.9686274509803922,0.6614583333333333,0.0,0.0,0.19607843137254902,0.4980392156862745,0.07177033492822966,0.611764705882353,0.36409660676800104,0.22328356497618607,0.19391360362152585
0.4815476190476191,0.0,0.25098039215686274,0.9375,0.503968253968254,0.0784313725490196,0.06666666666666667,0.12549019607843137,0.0,0.0784313725490196,0.38268031849431083,0.23907447236146478,0.10199260984626406
0.5238095238095238,0.0,0.0,0.16666666666666666,0.0,0.0,0.0,0.0,0.0,0.0,0.36409660676800104,0.23898405335333808,0.0
0.0011904761904761906,0.0,0.0,0.0,0.0,0.0,0.0,0.011764705882352941,0.07177033492822966,0.396078431372549,0.38268031849431083,0.22955491981066678,0.11533927567591062
0.6470238095238096,0.0,0.0,0.3333333333333333,0.38095238095238093,1.0,0.49411764705882355,0.8235294117647058,0.03827751196172249,0.0,0.36409660676800104,0.2437918637104641,0.0737666106347252
0.4702380952380953,0.0,0.0196078431372549,0.17708333333333331,0.38095238095238093,0.03529411764705882,0.13333333333333333,0.12941176470588234,0.0,0.43137254901960786,0.38268031849431083,0.2387770725102441,0.14410924276847475
0.18095238095238098,0.0,0.07058823529411765,0.6666666666666666,0.0,1.0,0.07058823529411765,0.5019607843137255,0.07177033492822966,0.4,0.1956994982468579,0.20595271781202007,0.14445092220497324
0.4702380952380953,0.0,0.0196078431372549,0.17708333333333331,0.4444444444444444,0.03529411764705882,0.13333333333333333,0.12941176470588234,0.0,0.43137254901960786,0.38268031849431083,0.2452262955754494,0.16017712698819545
0.0,0.0,0.0,0.0,0.0,0.0,0.0,0.0,0.0,0.0,0.5636444605240541,0.028858392025351856,0.0
0.0011904761904761906,0.0,0.0,0.0,0.0,0.0,0.0,0.011764705882352941,0.014354066985645932,0.9764705882352941,0.36409660676800104,0.22481745544001244,0.13953273147287815
0.4190476190476191,0.0,0.0784313725490196,0.0,0.0,0.0,0.0,0.0,0.0,0.0,0.38268031849431083,0.2392808365953285,0.0
0.0,0.0,0.0,0.0,0.0,0.0,0.0,0.0,0.0,0.0,0.768306586485387,0.039578367520394175,0.0
0.6380952380952382,0.0,0.0,0.0,0.0,0.0,0.0,0.0,0.0,0.0,0.23463936301137822,0.3030151781350097,0.0
0.23750000000000002,0.0,0.996078431372549,0.484375,0.0,0.0,0.0,0.23529411764705882,0.0,0.0,0.38268031849431083,0.22911592422754853,0.09303536661017572
0.4815476190476191,0.0,0.047058823529411764,0.96875,0.503968253968254,0.0784313725490196,0.06666666666666667,0.12549019607843137,0.0,0.0784313725490196,0.36409660676800104,0.23941817554047504,0.05989126348824796
0.2017857142857143,0.0,0.0,0.171875,0.06349206349206349,1.0,0.0,1.0,0.0,0.0,0.38268031849431083,0.24321142911374694,0.0
0.7523809523809525,0.0,0.0,0.0,0.0,0.5019607843137255,0.0,0.4117647058823529,1.0,0.07450980392156863,0.26756254955818887,0.3026726481046749,0.0
0.4,0.0,0.39215686274509803,0.0,0.611111111111111,0.11372549019607843,0.592156862745098,0.00784313725490196,0.9043062200956937,0.0,0.38268031849431083,0.23618164698558364,0.07945982888469613
0.8029761904761905,0.0,0.8470588235294118,0.0,0.0,0.4980392156862745,0.0,0.0,0.0,0.0,0.38268031849431083,0.23264604644581863,0.1257122543712978
0.0,0.0,0.0,0.0,0.0,0.0,0.0,0.0,0.0,0.0,0.6398223646956558,0.028466724661153017,0.0
0.2017857142857143,0.0,0.0,0.171875,0.06349206349206349,1.0,0.0,1.0,0.0,0.0,0.36409660676800104,0.2512678861935721,0.0
0.2017857142857143,0.0,0.0,0.171875,0.06349206349206349,1.0,0.0,1.0,0.0,0.0,0.34374045372979056,0.24754173028966203,0.0
0.5238095238095238,0.0,0.0,0.16666666666666666,0.0,0.0,0.0,0.0,0.0,0.0,0.36409660676800104,0.23891295220460004,0.0
0.0,0.0,0.0,0.0,0.0,0.0,0.0,0.0,0.0,0.0,0.7562708416893695,0.0402462181515586,0.0
0.4815476190476191,0.0,0.8627450980392157,0.9895833333333333,0.503968253968254,0.0784313725490196,0.06666666666666667,0.12549019607843137,0.0,0.0784313725490196,0.36409660676800104,0.2396238294483058,0.11618261537475522
0.23750000000000002,0.0,0.996078431372549,0.46875,0.0,0.0,0.0,0.2549019607843137,0.0,0.0,0.08659840752844564,0.36883039612571866,0.07118281869104108
0.29583333333333334,0.0,0.03137254901960784,0.0,0.0,0.0,0.0,0.0,0.0,0.0,0.23463936301137822,0.3031769593798657,0.0
0.8029761904761905,0.0,0.8470588235294118,0.0,0.0,0.5019607843137255,0.0,0.0,0.0,0.0,0.38268031849431083,0.23177459997698396,0.11478909676375512
0.4702380952380953,0.0,0.0196078431372549,0.19791666666666666,0.7777777777777777,0.03529411764705882,0.14901960784313725,0.13333333333333333,0.0,0.43137254901960786,0.38268031849431083,0.23744735854382507,0.45420099100747346
0.0,0.0,0.0,0.0,0.0,0.0,0.0,0.0,0.0,0.0,0.6552684635065269,0.04003998071175027,0.0
0.29583333333333334,0.0,0.03137254901960784,0.0,0.0,0.0,0.0,0.0,0.0,0.0,0.26756254955818887,0.303067248336049,0.0
0.0,0.0,0.0,0.0,0.0,0.0,0.0,0.0,0.0,0.0,0.4808262924294938,0.028840622344286356,0.0
0.6476190476190476,0.0,1.0,0.0,0.0,0.0,1.0,0.580392156862745,0.043062200956937795,0.0,0.38268031849431083,0.23875980467097221,0.10436030427939513
0.18095238095238098,0.0,0.07450980392156863,0.6666666666666666,0.0,1.0,0.19215686274509802,0.5019607843137255,0.07177033492822966,0.5294117647058824,0.36409660676800104,0.23010743206389667,0.11638709768059989
0.6470238095238096,0.0,0.0,0.3333333333333333,0.38095238095238093,1.0,0.49411764705882355,0.8,0.03827751196172249,0.0,0.38268031849431083,0.23514393506970574,0.06640756986305858
0.4,0.0,0.26666666666666666,0.0,0.611111111111111,0.11372549019607843,0.592156862745098,0.00784313725490196,0.9043062200956937,0.0,0.38268031849431083,0.2372985104846107,0.0391451422959784
0.2017857142857143,0.0,0.0,0.171875,0.06349206349206349,1.0,0.0,1.0,0.0,0.0,0.36409660676800104,0.2450136600175234,0.0
0.23750000000000002,0.0,0.996078431372549,0.44791666666666663,0.0,0.0,0.0,0.23529411764705882,0.0,0.0,0.36409660676800104,0.2341066053669973,0.09241251950922756
0.0,0.0,0.0,0.0,0.0,0.0,0.0,0.0,0.0,0.0,0.6344150391090467,0.04010348389204519,0.0
0.23750000000000002,0.0,0.996078431372549,0.46354166666666663,0.0,0.0,0.0,0.23529411764705882,0.0,0.0,0.38268031849431083,0.2390572560219698,0.04613257242799378
0.0,0.0,0.0,0.0,0.0,0.0,0.0,0.0,0.0,0.0,0.8268031849431087,0.040972570631572516,0.0
0.0,0.0,0.0,0.0,0.0,0.0,0.0,0.0,0.0,0.0,0.4808262924294938,0.040182805960119077,0.0
0.0,0.0,0.0,0.0,0.0,0.0,0.0,0.0,0.0,0.0,0.5121375622509337,0.18681758085103017,0.0
0.4,0.0,0.26666666666666666,0.0,0.615079365079365,0.11372549019607843,0.592156862745098,0.00784313725490196,0.9043062200956937,0.0,0.38268031849431083,0.2367273249255528,0.14662731084794045
0.7148809523809524,0.0,0.16078431372549018,0.203125,0.15476190476190477,0.13725490196078433,0.0,0.0,0.0,0.6039215686274509,0.23463936301137822,0.29749943241893584,0.0
0.8029761904761905,0.0,0.8470588235294118,0.0,0.0,0.5019607843137255,0.0,0.0,0.0,0.0,0.38268031849431083,0.23767457901936498,0.11478909676375512
0.18154761904761907,0.0,0.9137254901960784,0.6614583333333333,0.0,0.0,0.16078431372549018,0.4980392156862745,0.05263157894736842,0.7843137254901961,0.38268031849431083,0.22934634161781203,0.19708285216583374
0.0,0.0,0.0,0.0,0.0,0.0,0.0,0.0,0.0,0.0,0.4808262924294938,0.0290713812270777,0.0
0.5238095238095238,0.0,0.0,0.16666666666666666,0.0,0.0,0.0,0.0,0.0,0.0,0.29608191096586517,0.23903142593033355,0.0
0.1904761904761905,0.0,0.0,0.0,0.0,0.0,0.03137254901960784,0.0196078431372549,0.18660287081339713,0.7019607843137254,0.08659840752844564,0.36996631255370444,0.12892939687067284
0.7523809523809525,0.0,0.0,0.0,0.0,0.5019607843137255,0.0,0.4117647058823529,1.0,0.07450980392156863,0.23463936301137822,0.3026340112253772,0.0
0.4815476190476191,0.0,0.8627450980392157,0.9583333333333333,0.503968253968254,0.0784313725490196,0.06666666666666667,0.12549019607843137,0.0,0.0784313725490196,0.36409660676800104,0.24763260524119687,0.09223403150485196
0.0,0.0,0.0,0.0,0.0,0.0,0.0,0.0,0.0,0.0,0.6649782242696144,0.04057847125969615,0.0
0.5047619047619049,0.0,0.0196078431372549,0.16666666666666666,0.6507936507936507,0.40784313725490196,0.4549019607843137,0.0,0.0,0.615686274509804,0.1480409554829326,0.40921930527591505,0.09441425481695417
0.0,0.0,0.0,0.0,0.0,0.0,0.0,0.0,0.0,0.0,0.5921638219317304,0.040704752837647844,0.0
0.2017857142857143,0.0,0.0,0.171875,0.06349206349206349,1.0,0.0,1.0,0.0,0.0,0.38268031849431083,0.24286402322089043,0.0
0.1904761904761905,0.0,0.0,0.0,0.0,0.0,0.03137254901960784,0.14509803921568626,0.2248803827751196,0.1803921568627451,0.36409660676800104,0.22960462964943618,0.16865269268321273
0.5047619047619049,0.0,0.0196078431372549,0.16666666666666666,0.4603174603174603,0.40784313725490196,0.4588235294117647,0.0,0.0,0.2980392156862745,0.38268031849431083,0.24205493015518018,0.06401391597516236
0.0,0.0,0.0,0.0,0.0,0.0,0.0,0.0,0.0,0.0,0.7039180890341347,0.03924275497658138,0.0
0.1904761904761905,0.0,0.0,0.0,0.0,0.0,0.00784313725490196,0.12549019607843137,0.2248803827751196,0.25098039215686274,0.08659840752844564,0.3353738136027189,0.17367164303972926
0.23750000000000002,0.0,0.996078431372549,0.484375,0.0,0.0,0.0,0.23529411764705882,0.0,0.0,0.38268031849431083,0.23878570530710044,0.09303536661017572
0.0011904761904761906,0.0,0.0,0.0,0.0,0.0,0.0,0.03137254901960784,0.043062200956937795,0.6470588235294118,0.36409660676800104,0.22953360799513695,0.08407695069203318
0.23750000000000002,0.0,0.996078431372549,0.453125,0.0,0.0,0.0,0.23529411764705882,0.0,0.0,0.26756254955818887,0.24775692999715077,0.077550705938032
0.0,0.0,0.0,0.0,0.0,0.0,0.0,0.0,0.0,0.0,0.9692085112876837,0.03924275497658138,0.0
0.4190476190476191,0.0,0.0784313725490196,0.0,0.0,0.0,0.0,0.0,0.0,0.0,0.38268031849431083,0.23868638292915811,0.0
0.09523809523809525,0.0,0.37254901960784315,0.703125,0.4444444444444444,0.03529411764705882,0.0,0.12156862745098039,0.009569377990430622,0.0,0.08659840752844564,0.4595131820471121,0.18328294839943332
0.1904761904761905,0.0,0.0,0.0,0.0,0.0,0.0392156862745098,0.0,0.16267942583732056,0.7215686274509804,0.36409660676800104,0.2630896437735556,0.17359951382468164
0.18154761904761907,0.0,0.07058823529411765,0.6666666666666666,0.0,0.0,0.19215686274509802,0.4980392156862745,0.028708133971291863,0.7843137254901961,0.23463936301137822,0.2879603296998778,0.15209300154980906
0.7523809523809525,0.0,0.0,0.0,0.0,0.5019607843137255,0.0,0.4117647058823529,1.0,0.07450980392156863,0.08659840752844564,0.3025532799585772,0.0
0.18154761904761907,0.0,0.0196078431372549,0.6666666666666666,0.0,0.0,0.14901960784313725,0.4980392156862745,0.04784688995215311,0.9450980392156862,0.36409660676800104,0.24751603320040894,0.20255737537969876
0.18154761904761907,0.0,0.9137254901960784,0.6614583333333333,0.0,0.0,0.2196078431372549,0.4980392156862745,0.06698564593301436,0.21176470588235294,0.36409660676800104,0.24780622223046586,0.19188644559512053
0.2017857142857143,0.0,0.0,0.171875,0.06349206349206349,1.0,0.0,1.0,0.0,0.0,0.38268031849431083,0.23422189723406706,0.0
0.4815476190476191,0.0,0.5254901960784314,0.9479166666666666,0.503968253968254,0.0784313725490196,0.06666666666666667,0.12549019607843137,0.0,0.0784313725490196,0.36409660676800104,0.24033179263250687,0.06905989193304861
0.6476190476190476,0.0,1.0,0.0,0.0,0.0,1.0,0.807843137254902,0.03827751196172249,0.0,0.38268031849431083,0.23181164158655412,0.06704149873653936
0.4815476190476191,0.0,0.8627450980392157,0.953125,0.503968253968254,0.0784313725490196,0.06666666666666667,0.12549019607843137,0.0,0.0784313725490196,0.38268031849431083,0.23958958327849778,0.10374682751238988
0.4815476190476191,0.0,0.8627450980392157,0.9375,0.503968253968254,0.0784313725490196,0.06666666666666667,0.12549019607843137,0.0,0.0784313725490196,0.1480409554829326,0.42432802611641723,0.13648861532405887
0.23750000000000002,0.0,0.996078431372549,0.44791666666666663,0.0,0.0,0.0,0.23529411764705882,0.0,0.0,0.36409660676800104,0.23962596944291187,0.09241251950922756
0.5238095238095238,0.0,0.0,0.16666666666666666,0.0,0.0,0.0,0.0,0.0,0.0,0.38268031849431083,0.23878570530710044,0.0
0.6476190476190476,0.0,1.0,0.0,0.0,0.0,1.0,0.8352941176470589,0.03827751196172249,0.0,0.08659840752844564,0.4278531873961171,0.0755931797238049
0.5238095238095238,0.0,0.0,0.16666666666666666,0.0,0.0,0.0,0.0,0.0,0.0,0.0,0.49298842391768105,0.0
0.5238095238095238,0.0,0.0,0.16666666666666666,0.0,0.0,0.0,0.0,0.0,0.0,0.38268031849431083,0.23832496453196703,0.0
0.8029761904761905,0.0,0.8470588235294118,0.0,0.0,0.5411764705882353,0.0,0.0,0.0,0.0,0.38268031849431083,0.23846795735394885,0.061830499129058164
0.4702380952380953,0.0,0.0196078431372549,0.17708333333333331,0.20634920634920634,0.0392156862745098,0.13333333333333333,0.12156862745098039,0.0,0.43529411764705883,0.36409660676800104,0.24389237525199114,0.17206436335014264
0.6476190476190476,0.0,1.0,0.0,0.0,0.0,1.0,0.6431372549019607,0.043062200956937795,0.0,0.38268031849431083,0.23446785873262715,0.08590237165082776
0.29583333333333334,0.0,0.03137254901960784,0.0,0.0,0.0,0.0,0.0,0.0,0.0,0.1480409554829326,0.3697238248000601,0.0
0.23750000000000002,0.0,0.996078431372549,0.4583333333333333,0.0,0.0,0.0,0.2549019607843137,0.0,0.0,0.38268031849431083,0.23935596729928585,0.08563671315738511
0.09523809523809525,0.0,0.3529411764705882,0.6666666666666666,0.19047619047619047,0.0392156862745098,0.0,0.12156862745098039,0.009569377990430622,0.0,0.0,0.4595853562711308,0.18552104766739064
0.18095238095238098,0.0,0.08627450980392157,0.6666666666666666,0.0,1.0,0.23137254901960785,0.5019607843137255,0.004784688995215311,0.10196078431372549,0.36409660676800104,0.21945622308363624,0.15589323273444544
0.4190476190476191,0.0,0.0784313725490196,0.0,0.0,0.0,0.0,0.0,0.0,0.0,0.3212377705398239,0.3039651251325525,0.0
0.1904761904761905,0.0,0.0,0.0,0.0,0.0,0.01568627450980392,0.011764705882352941,0.19617224880382775,0.6666666666666666,0.38268031849431083,0.2285769981280991,0.15476790393089454
0.23750000000000002,0.0,0.996078431372549,0.4583333333333333,0.0,0.0,0.0,0.23529411764705882,0.0,0.0,0.08659840752844564,0.39184225080413126,0.062138186467289566
0.4815476190476191,0.0,0.047058823529411764,0.9583333333333333,0.503968253968254,0.0784313725490196,0.06666666666666667,0.12549019607843137,0.0,0.0784313725490196,0.08659840752844564,0.23329808331952667,0.08305917923702291
0.0,0.0,0.0,0.0,0.0,0.0,0.0,0.0,0.0,0.0,0.7191801482366135,0.04051527036496808,0.0
0.18154761904761907,0.0,0.0,0.6666666666666666,0.0,0.0,0.2784313725490196,0.4980392156862745,0.057416267942583726,0.32941176470588235,0.38268031849431083,0.24701857719205733,0.17486061992476473
0.29583333333333334,0.0,0.03137254901960784,0.0,0.0,0.0,0.0,0.0,0.0,0.0,0.26756254955818887,0.3028247770603404,0.0
0.18095238095238098,0.0,0.06274509803921569,0.6666666666666666,0.0,1.0,0.996078431372549,0.4980392156862745,0.023923444976076555,0.8352941176470589,0.38268031849431083,0.21984068574963023,0.25961368018420505
0.5047619047619049,0.0,0.0196078431372549,0.16666666666666666,0.015873015873015872,0.40784313725490196,0.4549019607843137,0.0,0.0,0.2392156862745098,0.38268031849431083,0.23875116962829712,0.15946743062703225
0.4702380952380953,0.0,0.0196078431372549,0.171875,0.30158730158730157,0.0392156862745098,0.12941176470588234,0.12156862745098039,0.0,0.43529411764705883,0.36409660676800104,0.2395339081206336,0.19819945948059728
0.2017857142857143,0.0,0.0,0.171875,0.06349206349206349,1.0,0.0,1.0,0.0,0.0,0.36409660676800104,0.2433764354608709,0.0
0.4190476190476191,0.0,0.0784313725490196,0.0,0.0,0.0,0.0,0.0,0.0,0.0,0.08659840752844564,0.42639327419629824,0.0
0.0,0.0,0.0,0.0,0.0,0.0,0.0,0.0,0.0,0.0,0.8082194732167989,0.040055860303869616,0.0
0.7148809523809524,0.0,0.16078431372549018,0.203125,0.15476190476190477,0.13725490196078433,0.0,0.0,0.0,0.6039215686274509,0.08659840752844564,0.3689455070197692,0.0
0.0,0.0,0.0,0.0,0.0,0.0,0.0,0.0,0.0,0.0,0.6051119045196828,0.18559172454112297,0.0
0.4815476190476191,0.0,0.5254901960784314,0.9479166666666666,0.503968253968254,0.0784313725490196,0.06666666666666667,0.12549019607843137,0.0,0.0784313725490196,0.36409660676800104,0.235857688732208,0.06905989193304861
0.4190476190476191,0.0,0.0784313725490196,0.0,0.0,0.0,0.0,0.0,0.0,0.0,0.08659840752844564,0.40928631426472367,0.0
0.0,0.0,0.0,0.0,0.0,0.0,0.0,0.0,0.0,0.0,0.6999258615408371,0.18569476410624722,0.0
0.4,0.0,0.39215686274509803,0.0,0.611111111111111,0.11372549019607843,0.592156862745098,0.00784313725490196,0.9043062200956937,0.0,0.38268031849431083,0.23762000603127176,0.07945982888469613
0.29583333333333334,0.0,0.03137254901960784,0.0,0.0,0.0,0.0,0.0,0.0,0.0,0.08659840752844564,0.4371115056045123,0.0
0.8029761904761905,0.0,0.8470588235294118,0.0,0.0,0.5372549019607843,0.0,0.0,0.0,0.0,0.36409660676800104,0.23963452896146667,0.04906614384407297
0.4702380952380953,0.0,0.0196078431372549,0.17708333333333331,0.15873015873015872,0.0392156862745098,0.13333333333333333,0.12156862745098039,0.0,0.43529411764705883,0.23463936301137822,0.23214209050060203,0.183396706218259
0.6476190476190476,0.0,1.0,0.0,0.0,0.0,1.0,0.7686274509803921,0.03827751196172249,0.0,0.36409660676800104,0.23885042743892992,0.05451154250728422
0.1904761904761905,0.0,0.0,0.0,0.0,0.0,0.023529411764705882,0.12941176470588234,0.16746411483253587,0.5882352941176471,0.1956994982468579,0.22956675773759486,0.11425015680751574
0.7523809523809525,0.0,0.0,0.0,0.0,0.5019607843137255,0.0,0.4117647058823529,1.0,0.07450980392156863,0.26756254955818887,0.3054644504111591,0.0
0.1904761904761905,0.0,0.0,0.0,0.0,0.0,0.00784313725490196,0.12549019607843137,0.20574162679425836,0.20392156862745098,0.36409660676800104,0.22849566774976884,0.14878445427855286
0.18154761904761907,0.0,0.8784313725490196,0.6614583333333333,0.0,0.0,0.18823529411764706,0.4980392156862745,0.028708133971291863,0.36470588235294116,0.36409660676800104,0.2461725669320758,0.14857782551345214
0.5047619047619049,0.0,0.0196078431372549,0.16666666666666666,0.3968253968253968,0.40784313725490196,0.4588235294117647,0.0,0.0,0.3607843137254902,0.38268031849431083,0.2391648093414697,0.06402794978586598
0.18154761904761907,0.0,0.03529411764705882,0.6666666666666666,0.0,0.0,0.27450980392156865,0.4980392156862745,0.043062200956937795,0.2392156862745098,0.38268031849431083,0.2291349479098358,0.15840167897630333
0.6476190476190476,0.0,1.0,0.0,0.0,0.0,1.0,0.5058823529411764,0.043062200956937795,0.0,0.36409660676800104,0.23886767957177016,0.12526570320364885
0.0,0.0,0.0,0.0,0.0,0.0,0.0,0.0,0.0,0.0,0.6601785177338662,0.04003998071175027,0.0
0.23750000000000002,0.0,0.996078431372549,0.47916666666666663,0.0,0.0,0.0,0.23529411764705882,0.0,0.0,0.38268031849431083,0.23366909235868155,0.07819619029941431
0.4190476190476191,0.0,0.0784313725490196,0.0,0.0,0.0,0.0,0.0,0.0,0.0,0.0,0.517738502371405,0.0
0.2017857142857143,0.0,0.0,0.171875,0.06349206349206349,1.0,0.0,1.0,0.0,0.0,0.38268031849431083,0.25628181747036316,0.0
0.4702380952380953,0.0,0.0196078431372549,0.17708333333333331,0.2222222222222222,0.0392156862745098,0.13333333333333333,0.11764705882352941,0.0,0.43529411764705883,0.34374045372979056,0.253056577440728,0.1912842602921432
0.6380952380952382,0.0,0.0,0.0,0.0,0.0,0.0,0.0,0.0,0.0,0.26756254955818887,0.3032232957701499,0.0
0.5238095238095238,0.0,0.0,0.16666666666666666,0.0,0.0,0.0,0.0,0.0,0.0,0.38268031849431083,0.23895820426377093,0.0
0.0,0.0,0.0,0.0,0.0,0.0,0.0,0.0,0.0,0.0,0.6502428680524998,0.03983331524312109,0.0
0.36190476190476195,0.0,0.09803921568627451,0.171875,0.13095238095238093,0.18823529411764706,0.03137254901960784,0.5607843137254902,0.5023923444976076,0.043137254901960784,0.38268031849431083,0.23890433043271583,0.23240241537951398
0.29583333333333334,0.0,0.03137254901960784,0.0,0.0,0.0,0.0,0.0,0.0,0.0,0.26756254955818887,0.30320069534652977,0.0
0.5047619047619049,0.0,0.0196078431372549,0.16666666666666666,0.9047619047619047,0.40784313725490196,0.4666666666666667,0.0,0.0,0.8705882352941177,0.38268031849431083,0.23779671408969147,0.15220458144681948
0.2017857142857143,0.0,0.0,0.171875,0.06349206349206349,1.0,0.0,1.0,0.0,0.0,0.38268031849431083,0.23418348144154746,0.0
0.18095238095238098,0.0,0.054901960784313725,0.6666666666666666,0.0,1.0,0.10588235294117647,0.5019607843137255,0.014354066985645932,0.4823529411764706,0.38268031849431083,0.22928700667304752,0.12203118724650056
0.0,0.0,0.0,0.0,0.0,0.0,0.0,0.0,0.0,0.0,0.7931371178131621,0.03978556223896158,0.0
0.4190476190476191,0.0,0.0784313725490196,0.0,0.0,0.0,0.0,0.0,0.0,0.0,0.38268031849431083,0.23863236179580238,0.0
0.2017857142857143,0.0,0.0,0.171875,0.06349206349206349,1.0,0.0,1.0,0.0,0.0,0.38268031849431083,0.23414505082300693,0.0
0.4190476190476191,0.0,0.0784313725490196,0.0,0.0,0.0,0.0,0.0,0.0,0.0,0.38268031849431083,0.2392013510231138,0.0
0.8029761904761905,0.0,0.8470588235294118,0.0,0.0,0.5058823529411764,0.0,0.0,0.0,0.0,0.36409660676800104,0.22798463967723898,0.1035713576084955
0.1904761904761905,0.0,0.0,0.0,0.0,0.0,0.023529411764705882,0.15294117647058825,0.21052631578947367,0.596078431372549,0.38268031849431083,0.24744088058676747,0.13030151288233185
0.5238095238095238,0.0,0.0,0.16666666666666666,0.0,0.0,0.0,0.0,0.0,0.0,0.1480409554829326,0.303782151518115,0.0
0.0,0.0,0.0,0.0,0.0,0.0,0.0,0.0,0.0,0.0,0.8578108613199343,0.040436212796012436,0.0
0.23750000000000002,0.0,0.996078431372549,0.47916666666666663,0.0,0.0,0.0,0.23529411764705882,0.0,0.0,0.38268031849431083,0.2374386089320101,0.07819619029941431
0.6380952380952382,0.0,0.0,0.0,0.0,0.0,0.0,0.0,0.0,0.0,0.26756254955818887,0.3033091306297596,0.0
0.4702380952380953,0.0,0.0196078431372549,0.17708333333333331,0.36507936507936506,0.03529411764705882,0.13333333333333333,0.12941176470588234,0.0,0.43529411764705883,0.38268031849431083,0.2376854900288956,0.10274149586583048
0.36190476190476195,0.0,0.10588235294117647,0.18229166666666666,0.1388888888888889,0.18823529411764706,0.03137254901960784,0.5568627450980392,0.5119617224880383,0.08235294117647059,0.38268031849431083,0.23806662411425802,0.2530298779654216
0.7148809523809524,0.0,0.16078431372549018,0.203125,0.15476190476190477,0.13725490196078433,0.0,0.0,0.0,0.6039215686274509,0.26756254955818887,0.3022764779548739,0.0
0.8029761904761905,0.0,0.8470588235294118,0.46354166666666663,0.0,0.5372549019607843,0.0,0.0,0.0,0.0,0.38268031849431083,0.23630341327298987,0.10999623439982627
0.8029761904761905,0.0,0.8470588235294118,0.49479166666666663,0.0,0.5411764705882353,0.0,0.0,0.0,0.0,0.38268031849431083,0.23886767957177016,0.1273876004252187
0.0,0.0,0.0,0.0,0.0,0.0,0.0,0.0,0.0,0.0,0.6649782242696144,0.0402462181515586,0.0
0.0,0.0,0.0,0.0,0.0,0.0,0.0,0.0,0.0,0.0,0.762373484066953,0.03937074078611449,0.0
0.1904761904761905,0.0,0.0,0.0,0.0,0.0,0.07058823529411765,0.13725490196078433,0.15311004784688995,0.21568627450980393,0.38268031849431083,0.2552664754788628,0.1630000319719492
0.0,0.0,0.0,0.0,0.0,0.0,0.0,0.0,0.0,0.0,0.6742656854342702,0.02855587534237711,0.0
0.4,0.0,0.01568627450980392,0.0,0.611111111111111,0.11372549019607843,0.592156862745098,0.00784313725490196,0.9043062200956937,0.0,0.29608191096586517,0.24826053181640154,0.07936191258484337
0.18095238095238098,0.0,0.06666666666666667,0.6666666666666666,0.0,1.0,0.03529411764705882,0.5019607843137255,0.028708133971291863,0.9254901960784314,0.38268031849431083,0.24701062945436125,0.14579999821281756
0.0,0.0,0.0,0.0,0.0,0.0,0.0,0.0,0.0,0.0,0.6288672479124264,0.03970592297413732,0.0
0.0,0.0,0.0,0.0,0.0,0.0,0.0,0.0,0.0,0.0,0.8418349713984037,0.040499463871658384,0.0
0.0,0.0,0.0,0.0,0.0,0.0,0.0,0.0,0.0,0.0,0.6398223646956558,0.1969903061578112,0.0
0.18154761904761907,0.0,0.0196078431372549,0.6666666666666666,0.0,0.0,0.03529411764705882,0.4980392156862745,0.019138755980861243,0.8823529411764706,0.38268031849431083,0.24746659707474924,0.25029727349126635
0.2017857142857143,0.0,0.0,0.171875,0.06349206349206349,1.0,0.0,1.0,0.0,0.0,0.36409660676800104,0.23055380884345664,0.0
0.7523809523809525,0.0,0.0,0.0,0.0,0.5019607843137255,0.0,0.4117647058823529,1.0,0.07450980392156863,0.23463936301137822,0.3040447202967125,0.0
0.0,0.0,0.0,0.0,0.0,0.0,0.0,0.0,0.0,0.0,0.7078370604977916,0.18780552134729947,0.0
0.18154761904761907,0.0,0.0196078431372549,0.6666666666666666,0.0,0.0,0.10980392156862745,0.4980392156862745,0.043062200956937795,0.9450980392156862,0.36409660676800104,0.2294080124780492,0.21295833230730823
0.5238095238095238,0.0,0.0,0.16666666666666666,0.0,0.0,0.0,0.0,0.0,0.0,0.36409660676800104,0.23855019350414355,0.0
0.6470238095238096,0.0,0.0,0.3333333333333333,0.38095238095238093,1.0,0.49411764705882355,0.8156862745098039,0.03827751196172249,0.0,0.38268031849431083,0.2377661943631954,0.07132803374690547
0.23750000000000002,0.0,0.996078431372549,0.4739583333333333,0.0,0.0,0.0,0.2549019607843137,0.0,0.0,0.34374045372979056,0.23688582769162908,0.08626978094876307
0.0011904761904761906,0.0,0.0,0.0,0.0,0.0,0.0,0.00784313725490196,0.05263157894736842,0.36470588235294116,0.38268031849431083,0.228636757526697,0.0970444919937194
0.0,0.0,0.0,0.0,0.0,0.0,0.0,0.0,0.0,0.0,0.5307212739772434,0.18510822515462463,0.0
0.4,0.0,0.26666666666666666,0.0,0.611111111111111,0.11372549019607843,0.592156862745098,0.00784313725490196,0.9043062200956937,0.0,0.38268031849431083,0.23230575304253132,0.0391451422959784
0.8029761904761905,0.0,0.8470588235294118,0.4739583333333333,0.0,0.5411764705882353,0.0,0.0,0.0,0.0,0.38268031849431083,0.2369957508065546,0.12316950479827662
0.5047619047619049,0.0,0.0196078431372549,0.16666666666666666,0.9047619047619047,0.40784313725490196,0.4588235294117647,0.0,0.0,0.8627450980392157,0.23463936301137822,0.2392013510231138,0.13511192072082245
0.0011904761904761906,0.0,0.0,0.0,0.0,0.0,0.0,0.03529411764705882,0.028708133971291863,0.32156862745098036,0.36409660676800104,0.2509952623404331,0.10114888742862885
0.0,0.0,0.0,0.0,0.0,0.0,0.0,0.0,0.0,0.0,0.7191801482366135,0.03991285272932955,0.0
0.8029761904761905,0.0,0.8470588235294118,0.0,0.0,0.5372549019607843,0.0,0.0,0.0,0.0,0.34374045372979056,0.30278733403154273,0.04906614384407297
0.8029761904761905,0.0,0.8470588235294118,0.0,0.0,0.5411764705882353,0.0,0.0,0.0,0.0,0.1956994982468579,0.3038428057931435,0.061830499129058164
0.0,0.0,0.0,0.0,0.0,0.0,0.0,0.0,0.0,0.0,0.7931371178131621,0.028627138464811894,0.0
0.0,0.0,0.0,0.0,0.0,0.0,0.0,0.0,0.0,0.0,0.8008114027665407,0.04011935336139914,0.0
0.0,0.0,0.0,0.0,0.0,0.0,0.0,0.0,0.0,0.0,0.8268031849431087,0.039578367520394175,0.0
0.0,0.0,0.0,0.0,0.0,0.0,0.0,0.0,0.0,0.0,0.5921638219317304,0.187166106938443,0.0
0.0011904761904761906,0.0,0.0,0.0,0.0,0.0,0.0,0.00392156862745098,0.004784688995215311,0.3568627450980392,0.36409660676800104,0.22941749691359808,0.13556009384370332
0.4702380952380953,0.0,0.0196078431372549,0.16666666666666666,0.30158730158730157,0.0392156862745098,0.12549019607843137,0.11764705882352941,0.0,0.43529411764705883,0.26756254955818887,0.22843582359381284,0.28392359513179893
0.29583333333333334,0.0,0.03137254901960784,0.0,0.0,0.0,0.0,0.0,0.0,0.0,0.23463936301137822,0.3032199060335919,0.0
0.18095238095238098,0.0,0.12941176470588234,0.6666666666666666,0.0,1.0,0.08627450980392157,0.5019607843137255,0.023923444976076555,0.5137254901960784,0.38268031849431083,0.22911592422754853,0.13781168311258016
0.0011904761904761906,0.0,0.0,0.0,0.0,0.0,0.0,0.03137254901960784,0.03349282296650718,0.011764705882352941,0.36409660676800104,0.22951466032920287,0.12287965033138243
0.2017857142857143,0.0,0.0,0.171875,0.06349206349206349,1.0,0.0,1.0,0.0,0.0,0.36409660676800104,0.23423093409066353,0.0
0.8029761904761905,0.0,0.8470588235294118,0.0,0.0,0.5058823529411764,0.0,0.0,0.0,0.0,0.38268031849431083,0.23294170793731692,0.1035713576084955
0.18154761904761907,0.0,0.07058823529411765,0.6666666666666666,0.0,0.0,0.24705882352941178,0.4980392156862745,0.03349282296650718,0.8627450980392157,0.38268031849431083,0.22920625436750441,0.1467130791132131
0.4190476190476191,0.0,0.0784313725490196,0.0,0.0,0.0,0.0,0.0,0.0,0.0,0.36409660676800104,0.2351551269064664,0.0
0.36190476190476195,0.0,0.09803921568627451,0.171875,0.1349206349206349,0.18823529411764706,0.03137254901960784,0.5607843137254902,0.507177033492823,0.10196078431372549,0.38268031849431083,0.242280222698011,0.1618308464656515
0.6476190476190476,0.0,1.0,0.0,0.0,0.0,1.0,0.8431372549019608,0.03827751196172249,0.0,0.08659840752844564,0.25085771415506114,0.07800457068648094
0.1904761904761905,0.0,0.0,0.0,0.0,0.0,0.054901960784313725,0.2,0.21052631578947367,0.050980392156862744,0.38268031849431083,0.2625199315053324,0.17929903774213052
0.0,0.0,0.0,0.0,0.0,0.0,0.0,0.0,0.0,0.0,0.8106328090901023,0.04003998071175027,0.0
0.1904761904761905,0.0,0.0,0.0,0.0,0.0,0.047058823529411764,0.19607843137254902,0.15789473684210525,0.7647058823529411,0.36409660676800104,0.22955491981066678,0.16700568437593966
0.23750000000000002,0.0,0.996078431372549,0.4739583333333333,0.0,0.0,0.0,0.2549019607843137,0.0,0.0,0.38268031849431083,0.2345692255535445,0.08626978094876307
0.6470238095238096,0.0,0.0,0.3333333333333333,0.38095238095238093,1.0,0.49411764705882355,0.5294117647058824,0.043062200956937795,0.0,0.38268031849431083,0.24754963575241262,0.12040983528784105
0.0011904761904761906,0.0,0.0,0.0,0.0,0.0,0.0,0.03137254901960784,0.014354066985645932,0.4666666666666667,0.38268031849431083,0.2273040074278269,0.09476919491846855
0.1904761904761905,0.0,0.0,0.0,0.0,0.0,0.06274509803921569,0.16078431372549018,0.18660287081339713,0.6470588235294118,0.36409660676800104,0.22931549185895148,0.09258006862818544
0.4190476190476191,0.0,0.0784313725490196,0.0,0.0,0.0,0.0,0.0,0.0,0.0,0.36409660676800104,0.23881375672928648,0.0
0.4,0.0,0.39215686274509803,0.0,0.611111111111111,0.11372549019607843,0.592156862745098,0.00784313725490196,0.9043062200956937,0.0,0.38268031849431083,0.2386604564425793,0.07945982888469613
0.5238095238095238,0.0,0.0,0.16666666666666666,0.0,0.0,0.0,0.0,0.0,0.0,0.38268031849431083,0.23631890012459322,0.0
0.23750000000000002,0.0,0.996078431372549,0.4375,0.0,0.0,0.0,0.23529411764705882,0.0,0.0,0.38268031849431083,0.23637640163798102,0.12063222939173024
0.4815476190476191,0.0,0.5254901960784314,0.9427083333333333,0.503968253968254,0.0784313725490196,0.06666666666666667,0.12549019607843137,0.0,0.0784313725490196,0.38268031849431083,0.23271258951624785,0.08122271108860214
0.6380952380952382,0.0,0.0,0.0,0.0,0.0,0.0,0.0,0.0,0.0,0.26756254955818887,0.3033226767413845,0.0
0.6476190476190476,0.0,1.0,0.0,0.0,0.0,1.0,0.8,0.03827751196172249,0.0,0.38268031849431083,0.24042099665015848,0.06456551933406972
0.23750000000000002,0.0,0.996078431372549,0.47916666666666663,0.0,0.0,0.0,0.2549019607843137,0.0,0.0,0.38268031849431083,0.23725468926644722,0.10082866035314096
0.1904761904761905,0.0,0.0,0.0,0.0,0.0,0.023529411764705882,0.19607843137254902,0.20574162679425836,0.11764705882352941,0.26756254955818887,0.3031102423226216,0.18296052486612885
0.4190476190476191,0.0,0.0784313725490196,0.0,0.0,0.0,0.0,0.0,0.0,0.0,0.38268031849431083,0.23861506884174738,0.0
0.18095238095238098,0.0,0.07058823529411765,0.6666666666666666,0.0,1.0,0.0196078431372549,0.5019607843137255,0.014354066985645932,0.40784313725490196,0.38268031849431083,0.21986156635909704,0.12471791230454689
0.4815476190476191,0.0,0.047058823529411764,0.9895833333333333,0.503968253968254,0.0784313725490196,0.06666666666666667,0.12549019607843137,0.0,0.0784313725490196,0.36409660676800104,0.2465505681511528,0.10752643321777919
0.5047619047619049,0.0,0.0196078431372549,0.16666666666666666,0.07936507936507936,0.40784313725490196,0.4627450980392157,0.0,0.0,0.1843137254901961,0.38268031849431083,0.2386777415169797,0.1238158119476225
0.36190476190476195,0.0,0.10196078431372549,0.18229166666666666,0.1388888888888889,0.18823529411764706,0.03137254901960784,0.5568627450980392,0.5263157894736842,0.1411764705882353,0.36409660676800104,0.2400359986485889,0.18581690163665746
0.0,0.0,0.0,0.0,0.0,0.0,0.0,0.0,0.0,0.0,0.6288672479124264,0.039578367520394175,0.0
0.23750000000000002,0.0,0.996078431372549,0.47916666666666663,0.0,0.0,0.0,0.23529411764705882,0.0,0.0,0.38268031849431083,0.23895820426377093,0.07819619029941431
0.6470238095238096,0.0,0.0,0.3333333333333333,0.38095238095238093,1.0,0.49411764705882355,0.796078431372549,0.03827751196172249,0.0,0.36409660676800104,0.2508997629287469,0.06516830572619194
0.7148809523809524,0.0,0.16078431372549018,0.203125,0.15476190476190477,0.13725490196078433,0.0,0.0,0.0,0.6039215686274509,0.23463936301137822,0.3031385177198473,0.0
0.0011904761904761906,0.0,0.0,0.0,0.0,0.0,0.0,0.00392156862745098,0.03827751196172249,0.6823529411764706,0.36409660676800104,0.247292386408405,0.08944294314907603
0.6380952380952382,0.0,0.0,0.0,0.0,0.0,0.0,0.0,0.0,0.0,0.1480409554829326,0.30310571751389254,0.0
0.5047619047619049,0.0,0.0196078431372549,0.16666666666666666,0.9682539682539681,0.40784313725490196,0.47058823529411764,0.0,0.0,0.7568627450980392,0.38268031849431083,0.23781197044589528,0.17025446361177674
0.0,0.0,0.0,0.0,0.0,0.0,0.0,0.0,0.0,0.0,0.7499886843171251,0.0398492278236016,0.0
0.6476190476190476,0.0,1.0,0.0,0.0,0.0,1.0,0.8117647058823529,0.03827751196172249,0.0,0.36409660676800104,0.22965431468513772,0.06827398375879708
0.7523809523809525,0.0,0.0,0.0,0.0,0.5019607843137255,0.0,0.4117647058823529,1.0,0.07450980392156863,0.26756254955818887,0.3031577404048898,0.0
0.18154761904761907,0.0,0.9686274509803922,0.6614583333333333,0.0,0.0,0.14901960784313725,0.4980392156862745,0.07177033492822966,0.5098039215686274,0.38268031849431083,0.21935921928556948,0.20372429802370742
0.29583333333333334,0.0,0.03137254901960784,0.0,0.0,0.0,0.0,0.0,0.0,0.0,0.26756254955818887,0.3031385177198473,0.0
0.6380952380952382,0.0,0.0,0.0,0.0,0.0,0.0,0.0,0.0,0.0,0.26756254955818887,0.3032617047221393,0.0
0.23750000000000002,0.0,0.996078431372549,0.44791666666666663,0.0,0.0,0.0,0.23529411764705882,0.0,0.0,0.38268031849431083,0.23900343576797337,0.09241251950922756
0.8029761904761905,0.0,0.8470588235294118,0.453125,0.0,0.5450980392156862,0.0,0.0,0.0,0.0,0.1956994982468579,0.36977190629038154,0.1297251146851302
0.18154761904761907,0.0,0.10588235294117647,0.6666666666666666,0.0,0.0,0.2196078431372549,0.4980392156862745,0.0,0.5411764705882353,0.36409660676800104,0.2478810997248593,0.1521745826622576
0.6476190476190476,0.0,1.0,0.0,0.0,0.0,1.0,0.6745098039215687,0.043062200956937795,0.0,0.36409660676800104,0.23885905387897255,0.0763569024974483
0.0,0.0,0.0,0.0,0.0,0.0,0.0,0.0,0.0,0.0,0.6051119045196828,0.18545171437225105,0.0
0.4815476190476191,0.0,0.25098039215686274,0.96875,0.503968253968254,0.0784313725490196,0.06666666666666667,0.12549019607843137,0.0,0.0784313725490196,0.36409660676800104,0.2399101796913829,0.028765953692440067
0.0,0.0,0.0,0.0,0.0,0.0,0.0,0.0,0.0,0.0,0.8558780159807243,0.03983331524312109,0.0
0.36190476190476195,0.0,0.09411764705882353,0.17708333333333331,0.1349206349206349,0.18823529411764706,0.03137254901960784,0.5568627450980392,0.5741626794258373,0.18823529411764706,0.38268031849431083,0.2386237156941676,0.23392461894976707
0.6470238095238096,0.0,0.0,0.3333333333333333,0.38095238095238093,1.0,0.49411764705882355,0.5372549019607843,0.043062200956937795,0.0,0.36409660676800104,0.2390206614143416,0.11823059794955779
0.4702380952380953,0.0,0.0196078431372549,0.171875,0.15873015873015872,0.0392156862745098,0.12941176470588234,0.11764705882352941,0.0,0.43529411764705883,0.36409660676800104,0.24347942575136283,0.24935573563183897
0.5238095238095238,0.0,0.0,0.16666666666666666,0.0,0.0,0.0,0.0,0.0,0.0,0.38268031849431083,0.23891295220460004,0.0
0.18095238095238098,0.0,0.11372549019607843,0.6666666666666666,0.0,1.0,0.12156862745098039,0.5019607843137255,0.06698564593301436,0.6352941176470588,0.38268031849431083,0.25505776027914556,0.16410957095411158
0.18154761904761907,0.0,0.03529411764705882,0.6666666666666666,0.0,0.0,0.23137254901960785,0.4980392156862745,0.004784688995215311,0.09411764705882353,0.38268031849431083,0.22792448752180583,0.1918796486350113
0.6476190476190476,0.0,1.0,0.0,0.0,0.0,1.0,0.45098039215686275,0.043062200956937795,0.0,0.38268031849431083,0.23874037477184537,0.1400240899166376
0.8029761904761905,0.0,0.8470588235294118,0.49479166666666663,0.0,0.5176470588235293,0.0,0.0,0.0,0.0,0.36409660676800104,0.24066060196664993,0.13264628336922415
0.4815476190476191,0.0,0.047058823529411764,0.9583333333333333,0.503968253968254,0.0784313725490196,0.06666666666666667,0.12549019607843137,0.0,0.0784313725490196,0.38268031849431083,0.23741016738290005,0.08305917923702291
0.23750000000000002,0.0,0.996078431372549,0.43229166666666663,0.0,0.0,0.0,0.2549019607843137,0.0,0.0,0.38268031849431083,0.23883964333786606,0.15391048269352528
0.1904761904761905,0.0,0.0,0.0,0.0,0.0,0.11764705882352941,0.050980392156862744,0.21052631578947367,0.23137254901960785,0.36409660676800104,0.24636474686579643,0.2020693191823437
0.0,0.0,0.0,0.0,0.0,0.0,0.0,0.0,0.0,0.0,0.8438985425464663,0.029000435433061893,0.0
0.4190476190476191,0.0,0.0784313725490196,0.0,0.0,0.0,0.0,0.0,0.0,0.0,0.38268031849431083,0.23863236179580238,0.0
0.6476190476190476,0.0,1.0,0.0,0.0,0.0,1.0,0.5843137254901961,0.043062200956937795,0.0,0.0,0.4986235236806161,0.10323037011414557
0.5047619047619049,0.0,0.0196078431372549,0.16666666666666666,0.2698412698412698,0.40784313725490196,0.4666666666666667,0.0,0.0,0.49411764705882355,0.36409660676800104,0.23178386167123613,0.08195298434869935
0.5238095238095238,0.0,0.0,0.16666666666666666,0.0,0.0,0.0,0.0,0.0,0.0,0.36409660676800104,0.23907662419462522,0.0
0.4190476190476191,0.0,0.0784313725490196,0.0,0.0,0.0,0.0,0.0,0.0,0.0,0.38268031849431083,0.23914760861490234,0.0
0.0,0.0,0.0,0.0,0.0,0.0,0.0,0.0,0.0,0.0,0.8479668170237696,0.04072052678053876,0.0
0.4815476190476191,0.0,0.047058823529411764,0.9947916666666666,0.503968253968254,0.0784313725490196,0.06666666666666667,0.12549019607843137,0.0,0.0784313725490196,0.36409660676800104,0.2399912338498118,0.11862917377081146
0.8029761904761905,0.0,0.8470588235294118,0.0,0.0,0.5372549019607843,0.0,0.0,0.0,0.0,0.38268031849431083,0.2396858706275907,0.04906614384407297
0.4,0.0,0.01568627450980392,0.0,0.611111111111111,0.11372549019607843,0.592156862745098,0.00784313725490196,0.9043062200956937,0.0,0.1480409554829326,0.36973309532761445,0.07936191258484337
0.0,0.0,0.0,0.0,0.0,0.0,0.0,0.0,0.0,0.0,0.6288672479124264,0.03943467205687737,0.0
0.6476190476190476,0.0,1.0,0.0,0.0,0.0,1.0,0.5882352941176471,0.043062200956937795,0.0,0.29608191096586517,0.30318600232003173,0.1020973583344762
0.36190476190476195,0.0,0.10196078431372549,0.18229166666666666,0.1388888888888889,0.18823529411764706,0.03137254901960784,0.5568627450980392,0.5167464114832536,0.08235294117647059,0.36409660676800104,0.24031479232711417,0.21259678672507104
0.4702380952380953,0.0,0.0196078431372549,0.171875,0.5873015873015872,0.03529411764705882,0.12941176470588234,0.12941176470588234,0.0,0.43529411764705883,0.1480409554829326,0.43739882882885606,0.2099883762217877
0.4702380952380953,0.0,0.0196078431372549,0.18229166666666666,0.47619047619047616,0.03529411764705882,0.13725490196078433,0.13333333333333333,0.0,0.43529411764705883,0.36409660676800104,0.238658295597298,0.23187162866546093
0.4190476190476191,0.0,0.0784313725490196,0.0,0.0,0.0,0.0,0.0,0.0,0.0,0.36409660676800104,0.23872310056707488,0.0
0.0,0.0,0.0,0.0,0.0,0.0,0.0,0.0,0.0,0.0,0.571139192753681,0.04011935336139914,0.0
0.1904761904761905,0.0,0.0,0.0,0.0,0.0,0.00784313725490196,0.12941176470588234,0.20095693779904306,0.396078431372549,0.38268031849431083,0.2473082363419477,0.11802029070702363
0.0,0.0,0.0,0.0,0.0,0.0,0.0,0.0,0.0,0.0,0.6450961623302295,0.03943467205687737,0.0
0.5047619047619049,0.0,0.0196078431372549,0.16666666666666666,0.5873015873015872,0.40784313725490196,0.4549019607843137,0.0,0.0,0.6784313725490196,0.38268031849431083,0.24073046656841562,0.09440120960765004
0.09583333333333334,0.0,0.4980392156862745,0.7135416666666666,0.0,0.0,0.14509803921568626,0.0,0.0,0.0,0.08659840752844564,0.4593623171774325,0.1096843093990713
0.36190476190476195,0.0,0.09411764705882353,0.171875,0.13095238095238093,0.18823529411764706,0.03137254901960784,0.5607843137254902,0.507177033492823,0.1764705882352941,0.38268031849431083,0.22768110220426127,0.2463589805020045
0.8029761904761905,0.0,0.8470588235294118,0.0,0.0,0.5372549019607843,0.0,0.0,0.0,0.0,0.38268031849431083,0.23915620934958529,0.04906614384407297
0.0,0.0,0.0,0.0,0.0,0.0,0.0,0.0,0.0,0.0,0.4808262924294938,0.18813625770451026,0.0
0.23750000000000002,0.0,0.996078431372549,0.46875,0.0,0.0,0.0,0.2549019607843137,0.0,0.0,0.1480409554829326,0.24919408725911954,0.07118281869104108
0.4815476190476191,0.0,0.25098039215686274,0.9791666666666666,0.503968253968254,0.0784313725490196,0.06666666666666667,0.12549019607843137,0.0,0.0784313725490196,0.1956994982468579,0.3022764779548739,0.05510939722770839
0.4702380952380953,0.0,0.0196078431372549,0.17708333333333331,0.4603174603174603,0.03529411764705882,0.13333333333333333,0.13333333333333333,0.0,0.43137254901960786,0.36409660676800104,0.23982905950289163,0.18738915938372347
0.7523809523809525,0.0,0.0,0.0,0.0,0.5019607843137255,0.0,0.4117647058823529,1.0,0.07450980392156863,0.26756254955818887,0.30182144622194446,0.0
0.18095238095238098,0.0,0.09019607843137255,0.6666666666666666,0.0,1.0,0.01568627450980392,0.5019607843137255,0.03827751196172249,0.10980392156862745,0.0,0.4698809389066269,0.1361454404759631
0.5047619047619049,0.0,0.0196078431372549,0.16666666666666666,0.5873015873015872,0.40784313725490196,0.4627450980392157,0.0,0.0,0.6862745098039216,0.38268031849431083,0.23971366964795743,0.05488571148054228
0.0,0.0,0.0,0.0,0.0,0.0,0.0,0.0,0.0,0.0,0.5987359697793793,0.040436212796012436,0.0
0.0011904761904761906,0.0,0.0,0.0,0.0,0.0,0.0,0.0,0.043062200956937795,1.0,0.38268031849431083,0.2232633898123003,0.15232131956765754
0.29583333333333334,0.0,0.03137254901960784,0.0,0.0,0.0,0.0,0.0,0.0,0.0,0.23463936301137822,0.3036314792744837,0.0
0.0,0.0,0.0,0.0,0.0,0.0,0.0,0.0,0.0,0.0,0.687480907459581,0.039769639480624175,0.0
0.0,0.0,0.0,0.0,0.0,0.0,0.0,0.0,0.0,0.0,0.44412286644879784,0.03916268023079068,0.0
0.4702380952380953,0.0,0.0196078431372549,0.18229166666666666,0.3968253968253968,0.03529411764705882,0.13725490196078433,0.13333333333333333,0.0,0.42745098039215684,0.36409660676800104,0.22814566850173956,0.29598572523674516
0.2017857142857143,0.0,0.0,0.171875,0.06349206349206349,1.0,0.0,1.0,0.0,0.0,0.34374045372979056,0.24548086033798788,0.0
0.0,0.0,0.0,0.0,0.0,0.0,0.0,0.0,0.0,0.0,0.3997756760976685,0.18583810605209417,0.0
0.0,0.0,0.0,0.0,0.0,0.0,0.0,0.0,0.0,0.0,0.6552684635065269,0.0398492278236016,0.0
0.36190476190476195,0.0,0.10588235294117647,0.18229166666666666,0.1388888888888889,0.18823529411764706,0.03137254901960784,0.5568627450980392,0.5119617224880383,0.08235294117647059,0.36409660676800104,0.23243234924882866,0.2530298779654216
0.0,0.0,0.0,0.0,0.0,0.0,0.0,0.0,0.0,0.0,0.5921638219317304,0.19947754567317705,0.0
0.23750000000000002,0.0,0.996078431372549,0.4739583333333333,0.0,0.0,0.0,0.23529411764705882,0.0,0.0,0.38268031849431083,0.23897759170998942,0.06280801564415128
0.5238095238095238,0.0,0.0,0.16666666666666666,0.0,0.0,0.0,0.0,0.0,0.0,0.36409660676800104,0.24203613274818989,0.0
0.2017857142857143,0.0,0.0,0.171875,0.06349206349206349,1.0,0.0,1.0,0.0,0.0,0.36409660676800104,0.24965760328420472,0.0
0.2017857142857143,0.0,0.0,0.171875,0.06349206349206349,1.0,0.0,1.0,0.0,0.0,0.36409660676800104,0.23422189723406706,0.0
0.6470238095238096,0.0,0.0,0.3333333333333333,0.38095238095238093,1.0,0.49411764705882355,0.7098039215686275,0.043062200956937795,0.0,0.38268031849431083,0.23879433735561018,0.0671498500629878
0.0,0.0,0.0,0.0,0.0,0.0,0.0,0.0,0.0,0.0,0.5921638219317304,0.03924275497658138,0.0
0.18154761904761907,0.0,0.0196078431372549,0.6666666666666666,0.0,0.0,0.30196078431372547,0.4980392156862745,0.004784688995215311,0.9333333333333333,0.36409660676800104,0.23062176436549137,0.22697289817349567
0.4702380952380953,0.0,0.0196078431372549,0.171875,0.4444444444444444,0.03529411764705882,0.12941176470588234,0.12941176470588234,0.0,0.43529411764705883,0.36409660676800104,0.2390572560219698,0.17727375220711925
0.1904761904761905,0.0,0.3137254901960784,0.0,0.0,0.0,0.023529411764705882,0.00784313725490196,0.15311004784688995,0.4666666666666667,0.1480409554829326,0.18383103459100006,0.4242469157518832
0.09523809523809525,0.0,0.3686274509803922,0.6979166666666666,0.4444444444444444,0.03529411764705882,0.0,0.12156862745098039,0.009569377990430622,0.0,0.08659840752844564,0.4595606771617038,0.15368041413983213
0.2017857142857143,0.0,0.0,0.171875,0.06349206349206349,1.0,0.0,1.0,0.0,0.0,0.38268031849431083,0.24329809153776133,0.0
0.8029761904761905,0.0,0.8470588235294118,0.46875,0.0,0.5372549019607843,0.0,0.0,0.0,0.0,0.38268031849431083,0.23775747272297662,0.11108878850595943
0.6476190476190476,0.0,1.0,0.0,0.0,0.0,1.0,0.7803921568627451,0.03827751196172249,0.0,0.0,0.45980391057613884,0.058310316896628286
0.1904761904761905,0.0,0.0,0.0,0.0,0.0,0.054901960784313725,0.13725490196078433,0.1770334928229665,0.2980392156862745,0.36409660676800104,0.229784324792584,0.09264399149836615
0.0011904761904761906,0.0,0.0,0.0,0.0,0.0,0.0,0.03137254901960784,0.06698564593301436,0.9647058823529412,0.38268031849431083,0.2464586998872713,0.1677287699804985
0.6470238095238096,0.0,0.0,0.3333333333333333,0.38095238095238093,1.0,0.49411764705882355,0.7686274509803921,0.03827751196172249,0.0,0.36409660676800104,0.24262343840061326,0.05638851650315033
0.6476190476190476,0.0,1.0,0.0,0.0,0.0,1.0,0.615686274509804,0.043062200956937795,0.0,0.38268031849431083,0.23665459342077752,0.09407867296482397
0.5047619047619049,0.0,0.0196078431372549,0.16666666666666666,0.2698412698412698,0.40784313725490196,0.4549019607843137,0.0,0.0,0.49019607843137253,0.38268031849431083,0.238296775057245,0.09304345403260701
0.7148809523809524,0.0,0.16078431372549018,0.203125,0.15476190476190477,0.13725490196078433,0.0,0.0,0.0,0.6039215686274509,0.0,0.4776373811539379,0.0
0.6470238095238096,0.0,0.0,0.3333333333333333,0.38095238095238093,1.0,0.49411764705882355,0.5725490196078431,0.043062200956937795,0.0,0.38268031849431083,0.2377487503187957,0.1082802334830449
0.18095238095238098,0.0,0.07058823529411765,0.6666666666666666,0.0,1.0,0.0196078431372549,0.5019607843137255,0.03827751196172249,0.6549019607843137,0.1480409554829326,0.3486176609927727,0.09891655927939974
0.4702380952380953,0.0,0.0196078431372549,0.171875,0.23809523809523808,0.0392156862745098,0.12941176470588234,0.11764705882352941,0.0,0.43529411764705883,0.38268031849431083,0.238658295597298,0.23314365173541068
0.4190476190476191,0.0,0.0784313725490196,0.0,0.0,0.0,0.0,0.0,0.0,0.0,0.36409660676800104,0.2386690993548302,0.0
0.0011904761904761906,0.0,0.0,0.0,0.0,0.0,0.0,0.03529411764705882,0.019138755980861243,0.40784313725490196,0.36409660676800104,0.24739140712769156,0.1066609588116174
0.2017857142857143,0.0,0.0,0.171875,0.06349206349206349,1.0,0.0,1.0,0.0,0.0,0.36409660676800104,0.2433249003431696,0.0
0.7148809523809524,0.0,0.16078431372549018,0.203125,0.15476190476190477,0.13725490196078433,0.0,0.0,0.0,0.6039215686274509,0.26756254955818887,0.30256351712267066,0.0
0.5047619047619049,0.0,0.0196078431372549,0.16666666666666666,0.5873015873015872,0.40784313725490196,0.4588235294117647,0.0,0.0,0.6745098039215687,0.36409660676800104,0.23813398746215964,0.06430839330360202
0.4702380952380953,0.0,0.0196078431372549,0.171875,0.2222222222222222,0.0392156862745098,0.12941176470588234,0.11764705882352941,0.0,0.43529411764705883,0.38268031849431083,0.23857831133998053,0.23643700958079378
0.0011904761904761906,0.0,0.0,0.0,0.0,0.0,0.0,0.00392156862745098,0.03349282296650718,0.08235294117647059,0.36409660676800104,0.22946490554568671,0.12205077457593179
0.0,0.0,0.0,0.0,0.0,0.0,0.0,0.0,0.0,0.0,0.7931371178131621,0.0398492278236016,0.0
0.0,0.0,0.0,0.0,0.0,0.0,0.0,0.0,0.0,0.0,0.8539275188416505,0.04076783362241803,0.0
0.18154761904761907,0.0,0.0,0.6666666666666666,0.0,0.0,0.09411764705882353,0.4980392156862745,0.03349282296650718,0.396078431372549,0.08659840752844564,0.4202379622591694,0.1759294014054149
0.1904761904761905,0.0,0.0,0.0,0.0,0.0,0.03137254901960784,0.12549019607843137,0.16746411483253587,0.8274509803921568,0.38268031849431083,0.2305936504635046,0.13446366383889388
0.18154761904761907,0.0,0.9686274509803922,0.6614583333333333,0.0,0.0,0.1803921568627451,0.4980392156862745,0.03827751196172249,0.8666666666666667,0.38268031849431083,0.2473676511336821,0.17995662917503485
0.4,0.0,0.1411764705882353,0.0,0.615079365079365,0.11372549019607843,0.592156862745098,0.00784313725490196,0.9043062200956937,0.0,0.36409660676800104,0.2452262955754494,0.14654399590989647
0.4702380952380953,0.0,0.0196078431372549,0.17708333333333331,0.14285714285714285,0.0392156862745098,0.13333333333333333,0.11764705882352941,0.0,0.43529411764705883,0.38268031849431083,0.24719921706450004,0.20917623024765325
0.6470238095238096,0.0,0.0,0.3333333333333333,0.38095238095238093,1.0,0.49411764705882355,0.5764705882352941,0.043062200956937795,0.0,0.36409660676800104,0.23884180025151275,0.1071598007362928
0.8029761904761905,0.0,0.8470588235294118,0.0,0.0,0.5411764705882353,0.0,0.0,0.0,0.0,0.38268031849431083,0.23732698393864068,0.061830499129058164
0.4702380952380953,0.0,0.0196078431372549,0.18229166666666666,0.38095238095238093,0.03529411764705882,0.13725490196078433,0.13333333333333333,0.0,0.42745098039215684,0.38268031849431083,0.23911965109567943,0.29313313888517434
0.0,0.0,0.0,0.0,0.0,0.0,0.0,0.0,0.0,0.0,0.3997756760976685,0.02869835062407463,0.0
0.0,0.0,0.0,0.0,0.0,0.0,0.0,0.0,0.0,0.0,0.762373484066953,0.0398492278236016,0.0
0.36190476190476195,0.0,0.09803921568627451,0.171875,0.13095238095238093,0.18823529411764706,0.03137254901960784,0.5568627450980392,0.5358851674641149,0.023529411764705882,0.08659840752844564,0.4095002850619572,0.2013850099321452
0.2017857142857143,0.0,0.0,0.171875,0.06349206349206349,1.0,0.0,1.0,0.0,0.0,0.38268031849431083,0.23416539829212593,0.0
0.6476190476190476,0.0,1.0,0.0,0.0,0.0,1.0,0.796078431372549,0.03827751196172249,0.0,0.38268031849431083,0.23887846063715107,0.0633219810935647
0.0011904761904761906,0.0,0.0,0.0,0.0,0.0,0.0,0.03137254901960784,0.019138755980861243,0.1411764705882353,0.38268031849431083,0.2565457804397627,0.13070507327225028
0.4702380952380953,0.0,0.0196078431372549,0.171875,0.4603174603174603,0.03529411764705882,0.12941176470588234,0.12941176470588234,0.0,0.43529411764705883,0.23463936301137822,0.34465796615829347,0.18103838056061586
0.1904761904761905,0.0,0.0,0.0,0.0,0.0,0.0392156862745098,0.14901960784313725,0.1770334928229665,0.16862745098039217,0.36409660676800104,0.23028857333713487,0.12411029831604428
0.6380952380952382,0.0,0.0,0.0,0.0,0.0,0.0,0.0,0.0,0.0,0.23463936301137822,0.30318600232003173,0.0
0.2017857142857143,0.0,0.0,0.171875,0.06349206349206349,1.0,0.0,1.0,0.0,0.0,0.38268031849431083,0.24328159022319557,0.0
0.6476190476190476,0.0,1.0,0.0,0.0,0.0,1.0,0.7098039215686275,0.03827751196172249,0.0,0.38268031849431083,0.2393645500572018,0.04229648642144472
0.0,0.0,0.0,0.0,0.0,0.0,0.0,0.0,0.0,0.0,0.8915570853103917,0.04051527036496808,0.0
0.1904761904761905,0.0,0.0,0.0,0.0,0.0,0.06274509803921569,0.1568627450980392,0.15311004784688995,0.7294117647058823,0.38268031849431083,0.24740922040470684,0.15928369621867589
0.0,0.0,0.0,0.0,0.0,0.0,0.0,0.0,0.0,0.0,0.46927872602275644,0.04030958998714853,0.0
0.18154761904761907,0.0,0.0196078431372549,0.6666666666666666,0.0,0.0,0.16862745098039217,0.4980392156862745,0.023923444976076555,0.8117647058823529,0.0,0.4785133652714305,0.17838428935571307
0.2017857142857143,0.0,0.0,0.171875,0.06349206349206349,1.0,0.0,1.0,0.0,0.0,0.1480409554829326,0.39355179647938043,0.0
0.4815476190476191,0.0,0.5254901960784314,0.984375,0.503968253968254,0.0784313725490196,0.06666666666666667,0.12549019607843137,0.0,0.0784313725490196,0.34374045372979056,0.23661710493352406,0.05794936615441648
0.4702380952380953,0.0,0.0196078431372549,0.17708333333333331,0.3968253968253968,0.03529411764705882,0.13333333333333333,0.12941176470588234,0.0,0.43529411764705883,0.38268031849431083,0.234325771603701,0.11169208403898792
0.23750000000000002,0.0,0.996078431372549,0.46354166666666663,0.0,0.0,0.0,0.2549019607843137,0.0,0.0,0.1480409554829326,0.3901207842472915,0.07052635064924392
0.18095238095238098,0.0,0.09803921568627451,0.6666666666666666,0.0,1.0,0.25098039215686274,0.5019607843137255,0.04784688995215311,0.2549019607843137,0.38268031849431083,0.2469669055545218,0.11675507833669775
0.2017857142857143,0.0,0.0,0.171875,0.06349206349206349,1.0,0.0,1.0,0.0,0.0,0.08659840752844564,0.39037210322644744,0.0
0.8029761904761905,0.0,0.8470588235294118,0.0,0.0,0.5411764705882353,0.0,0.0,0.0,0.0,0.34374045372979056,0.23570644355968326,0.061830499129058164
0.7148809523809524,0.0,0.16078431372549018,0.203125,0.15476190476190477,0.13725490196078433,0.0,0.0,0.0,0.6039215686274509,0.23463936301137822,0.3086198985073764,0.0
0.4702380952380953,0.0,0.0196078431372549,0.18229166666666666,0.42857142857142855,0.03529411764705882,0.13725490196078433,0.13333333333333333,0.0,0.43529411764705883,0.36409660676800104,0.25272691940271946,0.22180103964504827
0.4702380952380953,0.0,0.0196078431372549,0.17708333333333331,0.12698412698412698,0.0392156862745098,0.13333333333333333,0.11764705882352941,0.0,0.43529411764705883,0.36409660676800104,0.2492174115477282,0.21266409650549314
0.0,0.0,0.0,0.0,0.0,0.0,0.0,0.0,0.0,0.0,0.5121375622509337,0.03970592297413732,0.0
0.0011904761904761906,0.0,0.0,0.0,0.0,0.0,0.0,0.03529411764705882,0.05263157894736842,0.8274509803921568,0.38268031849431083,0.2293866691945808,0.13824296213635298
0.18095238095238098,0.0,0.06274509803921569,0.6666666666666666,0.0,1.0,0.3333333333333333,0.5019607843137255,0.023923444976076555,0.8941176470588235,0.36409660676800104,0.23096551703484083,0.14111596200565985
0.0011904761904761906,0.0,0.0,0.0,0.0,0.0,0.0,0.01568627450980392,0.004784688995215311,0.22745098039215686,0.36409660676800104,0.22482490444482123,0.11756823026372416
0.4702380952380953,0.0,0.0196078431372549,0.17708333333333331,0.38095238095238093,0.03529411764705882,0.13333333333333333,0.12941176470588234,0.0,0.43137254901960786,0.36409660676800104,0.23979488385392125,0.14410924276847475
0.18095238095238098,0.0,0.08235294117647059,0.6666666666666666,0.0,1.0,0.15294117647058825,0.5019607843137255,0.04784688995215311,0.12549019607843137,0.36409660676800104,0.24748241930538944,0.1257411910017355
0.1904761904761905,0.0,0.0,0.0,0.0,0.0,0.00784313725490196,0.15294117647058825,0.18181818181818182,0.2980392156862745,0.3212377705398239,0.26088090328791547,0.1373127848008649
0.6470238095238096,0.0,0.0,0.3333333333333333,0.38095238095238093,1.0,0.49411764705882355,0.7450980392156863,0.03827751196172249,0.0,0.1480409554829326,0.38730872801317234,0.04871261716413473
0.23750000000000002,0.0,0.996078431372549,0.484375,0.0,0.0,0.0,0.23529411764705882,0.0,0.0,0.38268031849431083,0.2366810473875664,0.09303536661017572
0.4815476190476191,0.0,0.047058823529411764,0.9583333333333333,0.503968253968254,0.0784313725490196,0.06666666666666667,0.12549019607843137,0.0,0.0784313725490196,0.23463936301137822,0.369925264273573,0.08305917923702291
0.2017857142857143,0.0,0.0,0.171875,0.06349206349206349,1.0,0.0,1.0,0.0,0.0,0.38268031849431083,0.234172179857993,0.0
0.6476190476190476,0.0,1.0,0.0,0.0,0.0,1.0,0.6470588235294118,0.043062200956937795,0.0,0.38268031849431083,0.23881375672928648,0.08472109815063157
0.5238095238095238,0.0,0.0,0.16666666666666666,0.0,0.0,0.0,0.0,0.0,0.0,0.38268031849431083,0.240810856042194,0.0
0.1904761904761905,0.0,0.0,0.0,0.0,0.0,0.0392156862745098,0.12549019607843137,0.1770334928229665,0.6196078431372549,0.36409660676800104,0.22800388069530003,0.07866714401948745
0.7523809523809525,0.0,0.0,0.0,0.0,0.5019607843137255,0.0,0.4117647058823529,1.0,0.07450980392156863,0.26756254955818887,0.30364948198052466,0.0
0.8029761904761905,0.0,0.8470588235294118,0.0,0.0,0.5372549019607843,0.0,0.0,0.0,0.0,0.26756254955818887,0.23985681858368169,0.04906614384407297
0.4702380952380953,0.0,0.0196078431372549,0.171875,0.2698412698412698,0.0392156862745098,0.12941176470588234,0.12156862745098039,0.0,0.43529411764705883,0.08659840752844564,0.44766430566583837,0.20533035519801
0.36190476190476195,0.0,0.09803921568627451,0.171875,0.13095238095238093,0.18823529411764706,0.03137254901960784,0.5607843137254902,0.5119617224880383,0.03529411764705882,0.38268031849431083,0.23883964333786606,0.2186311904614231
0.0,0.0,0.0,0.0,0.0,0.0,0.0,0.0,0.0,0.0,0.29608191096586517,0.18595923443361004,0.0
0.4190476190476191,0.0,0.0784313725490196,0.0,0.0,0.0,0.0,0.0,0.0,0.0,0.38268031849431083,0.23325930940386772,0.0
0.4702380952380953,0.0,0.0196078431372549,0.171875,0.6031746031746031,0.03529411764705882,0.12941176470588234,0.12941176470588234,0.0,0.43529411764705883,0.36409660676800104,0.24035728764991438,0.21346946792868732
0.4,0.0,0.39215686274509803,0.0,0.611111111111111,0.11372549019607843,0.592156862745098,0.00784313725490196,0.9043062200956937,0.0,0.38268031849431083,0.23911104720267076,0.07945982888469613
0.5238095238095238,0.0,0.0,0.16666666666666666,0.0,0.0,0.0,0.0,0.0,0.0,0.36409660676800104,0.2386496517472373,0.0
0.5238095238095238,0.0,0.0,0.16666666666666666,0.0,0.0,0.0,0.0,0.0,0.0,0.0,0.5059481181808291,0.0
0.0,0.0,0.0,0.0,0.0,0.0,0.0,0.0,0.0,0.0,0.743516129827459,0.039769639480624175,0.0
0.0,0.0,0.0,0.0,0.0,0.0,0.0,0.0,0.0,0.0,0.6649782242696144,0.040182805960119077,0.0
0.18154761904761907,0.0,0.0,0.6666666666666666,0.0,0.0,0.21568627450980393,0.4980392156862745,0.06220095693779904,0.00392156862745098,0.36409660676800104,0.2272046617493488,0.2005353680800228
0.0011904761904761906,0.0,0.0,0.0,0.0,0.0,0.0,0.0,0.06220095693779904,0.5450980392156862,0.38268031849431083,0.21990592312161134,0.12619330292049072
0.0,0.0,0.0,0.0,0.0,0.0,0.0,0.0,0.0,0.0,0.45707094903675016,0.1883442022511625,0.0
0.4,0.0,0.39215686274509803,0.0,0.611111111111111,0.11372549019607843,0.592156862745098,0.00784313725490196,0.9043062200956937,0.0,0.1480409554829326,0.4089934023567227,0.07945982888469613
0.2017857142857143,0.0,0.0,0.171875,0.06349206349206349,1.0,0.0,1.0,0.0,0.0,0.38268031849431083,0.2563958051335197,0.0
0.1904761904761905,0.0,0.0,0.0,0.0,0.0,0.06274509803921569,0.15294117647058825,0.15311004784688995,0.09803921568627451,0.0,0.5524392367550254,0.1777018770912971
0.4702380952380953,0.0,0.0196078431372549,0.171875,0.4444444444444444,0.03529411764705882,0.12941176470588234,0.12941176470588234,0.0,0.43529411764705883,0.38268031849431083,0.23788603951685422,0.17727375220711925
0.6380952380952382,0.0,0.0,0.0,0.0,0.0,0.0,0.0,0.0,0.0,0.23463936301137822,0.30325718679077557,0.0
0.4,0.0,0.1411764705882353,0.0,0.611111111111111,0.11372549019607843,0.592156862745098,0.00784313725490196,0.9043062200956937,0.0,0.36409660676800104,0.24001042122776894,0.03903726011546839
0.2017857142857143,0.0,0.0,0.171875,0.06349206349206349,1.0,0.0,1.0,0.0,0.0,0.38268031849431083,0.24324651584778617,0.0
0.4,0.0,0.1411764705882353,0.0,0.611111111111111,0.11372549019607843,0.592156862745098,0.00784313725490196,0.9043062200956937,0.0,0.36409660676800104,0.2396687596799838,0.03903726011546839
0.6476190476190476,0.0,1.0,0.0,0.0,0.0,1.0,0.5372549019607843,0.043062200956937795,0.0,0.38268031849431083,0.23240474198200622,0.11659113159338572
0.4190476190476191,0.0,0.0784313725490196,0.0,0.0,0.0,0.0,0.0,0.0,0.0,0.36409660676800104,0.23579099123677996,0.0
0.7523809523809525,0.0,0.0,0.0,0.0,0.5019607843137255,0.0,0.4117647058823529,1.0,0.07450980392156863,0.26756254955818887,0.3029290894078442,0.0
0.6476190476190476,0.0,1.0,0.0,0.0,0.0,1.0,0.6039215686274509,0.043062200956937795,0.0,0.36409660676800104,0.23848744047548792,0.09753419677344065
0.0,0.0,0.0,0.0,0.0,0.0,0.0,0.0,0.0,0.0,0.7824559945919793,0.028769511893004935,0.0
0.4815476190476191,0.0,0.047058823529411764,0.9375,0.503968253968254,0.0784313725490196,0.06666666666666667,0.12549019607843137,0.0,0.0784313725490196,0.36409660676800104,0.23901204896363365,0.12824894688168853
0.36190476190476195,0.0,0.09803921568627451,0.171875,0.1349206349206349,0.18823529411764706,0.03137254901960784,0.5607843137254902,0.5119617224880383,0.16470588235294117,0.38268031849431083,0.23997417529839307,0.16281171541367537
0.1904761904761905,0.0,0.0,0.0,0.0,0.0,0.023529411764705882,0.00784313725490196,0.21052631578947367,0.5490196078431373,0.3212377705398239,0.2544971950891189,0.15735578570902636
0.0,0.0,0.0,0.0,0.0,0.0,0.0,0.0,0.0,0.0,0.38268031849431083,0.25013437810390493,0.0
0.5238095238095238,0.0,0.0,0.16666666666666666,0.0,0.0,0.0,0.0,0.0,0.0,0.36409660676800104,0.2398824354840351,0.0
0.6470238095238096,0.0,0.0,0.3333333333333333,0.38095238095238093,1.0,0.49411764705882355,0.7725490196078432,0.03827751196172249,0.0,0.36409660676800104,0.23882238634656536,0.05765417462933457
0.4815476190476191,0.0,0.047058823529411764,0.9947916666666666,0.503968253968254,0.0784313725490196,0.06666666666666667,0.12549019607843137,0.0,0.0784313725490196,0.38268031849431083,0.23885042743892992,0.11862917377081146
0.6476190476190476,0.0,1.0,0.0,0.0,0.0,1.0,0.9019607843137255,0.03827751196172249,0.0,0.1480409554829326,0.30367760469454547,0.09565775110921564
0.6476190476190476,0.0,1.0,0.0,0.0,0.0,1.0,0.8509803921568627,0.03827751196172249,0.0,0.0,0.46909392378933934,0.0804020636413087
0.4,0.0,0.01568627450980392,0.0,0.611111111111111,0.11372549019607843,0.592156862745098,0.00784313725490196,0.9043062200956937,0.0,0.1956994982468579,0.30236655152301056,0.07936191258484337
0.4815476190476191,0.0,0.25098039215686274,0.984375,0.503968253968254,0.0784313725490196,0.06666666666666667,0.12549019607843137,0.0,0.0784313725490196,0.38268031849431083,0.23999336596328102,0.06768082350120767
0.0,0.0,0.0,0.0,0.0,0.0,0.0,0.0,0.0,0.0,0.36409660676800104,0.1856837292513475,0.0
0.4,0.0,0.1411764705882353,0.0,0.615079365079365,0.11372549019607843,0.592156862745098,0.00784313725490196,0.9043062200956937,0.0,0.36409660676800104,0.24032116778176124,0.14654399590989647
0.0011904761904761906,0.0,0.0,0.0,0.0,0.0,0.0,0.0,0.023923444976076555,0.38823529411764707,0.36409660676800104,0.22947438456417688,0.10958745068934658
0.18095238095238098,0.0,0.09019607843137255,0.6666666666666666,0.0,1.0,0.07058823529411765,0.5019607843137255,0.05263157894736842,0.14901960784313725,0.36409660676800104,0.2200050021443075,0.14886972848033114
0.1904761904761905,0.0,0.0,0.0,0.0,0.0,0.01568627450980392,0.0,0.18181818181818182,0.7725490196078432,0.36409660676800104,0.24741713639397542,0.17422527708189114
0.09583333333333334,0.0,0.49019607843137253,0.7135416666666666,0.0,0.0,0.13725490196078433,0.0,0.0,0.0,0.08659840752844564,0.45952305913453056,0.09428008365335709
0.6380952380952382,0.0,0.0,0.0,0.0,0.0,0.0,0.0,0.0,0.0,0.1956994982468579,0.3696339718570315,0.0
0.29583333333333334,0.0,0.03137254901960784,0.0,0.0,0.0,0.0,0.0,0.0,0.0,0.26756254955818887,0.3031577404048898,0.0
0.5238095238095238,0.0,0.0,0.16666666666666666,0.0,0.0,0.0,0.0,0.0,0.0,0.36409660676800104,0.23885042743892992,0.0
0.4702380952380953,0.0,0.0196078431372549,0.171875,0.49206349206349204,0.03529411764705882,0.12941176470588234,0.12941176470588234,0.0,0.43529411764705883,0.36409660676800104,0.2399656449267038,0.18846694393317856
0.0,0.0,0.0,0.0,0.0,0.0,0.0,0.0,0.0,0.0,0.555877133551202,0.03903442655222662,0.0
0.2017857142857143,0.0,0.0,0.171875,0.06349206349206349,1.0,0.0,1.0,0.0,0.0,0.0,0.5317069665590654,0.0
0.2017857142857143,0.0,0.0,0.171875,0.06349206349206349,1.0,0.0,1.0,0.0,0.0,0.08659840752844564,0.39461750720702454,0.0
0.5047619047619049,0.0,0.0196078431372549,0.16666666666666666,0.8412698412698412,0.40784313725490196,0.4549019607843137,0.0,0.0,0.9294117647058824,0.38268031849431083,0.23909383718610724,0.16062508214568733
0.36190476190476195,0.0,0.10588235294117647,0.18229166666666666,0.1388888888888889,0.18823529411764706,0.03137254901960784,0.5568627450980392,0.5167464114832536,0.0784313725490196,0.36409660676800104,0.24005304661331922,0.2465341998665473
0.8029761904761905,0.0,0.8470588235294118,0.0,0.0,0.5372549019607843,0.0,0.0,0.0,0.0,0.1480409554829326,0.37034880799928244,0.04906614384407297
0.8029761904761905,0.0,0.8470588235294118,0.0,0.0,0.5372549019607843,0.0,0.0,0.0,0.0,0.38268031849431083,0.23405004095371887,0.04906614384407297
0.6470238095238096,0.0,0.0,0.3333333333333333,0.38095238095238093,1.0,0.49411764705882355,0.8352941176470589,0.03827751196172249,0.0,0.38268031849431083,0.238658295597298,0.07739787962939865
0.4815476190476191,0.0,0.5254901960784314,0.984375,0.503968253968254,0.0784313725490196,0.06666666666666667,0.12549019607843137,0.0,0.0784313725490196,0.38268031849431083,0.23899482182723183,0.05794936615441648
0.8029761904761905,0.0,0.8470588235294118,0.0,0.0,0.5411764705882353,0.0,0.0,0.0,0.0,0.38268031849431083,0.23896682137254638,0.061830499129058164
0.2017857142857143,0.0,0.0,0.171875,0.06349206349206349,1.0,0.0,1.0,0.0,0.0,0.38268031849431083,0.24328159022319557,0.0
0.36190476190476195,0.0,0.10588235294117647,0.18229166666666666,0.1388888888888889,0.18823529411764706,0.03137254901960784,0.5568627450980392,0.507177033492823,0.08627450980392157,0.36409660676800104,0.23987603187674011,0.2594256815507898
0.1904761904761905,0.0,0.0,0.0,0.0,0.0,0.00784313725490196,0.07058823529411765,0.16267942583732056,0.596078431372549,0.23463936301137822,0.30425629080490585,0.15102387567742107
0.2017857142857143,0.0,0.0,0.171875,0.06349206349206349,1.0,0.0,1.0,0.0,0.0,0.38268031849431083,0.23397306175151134,0.0
0.29583333333333334,0.0,0.03137254901960784,0.0,0.0,0.0,0.0,0.0,0.0,0.0,0.23463936301137822,0.30327073996996606,0.0
0.23750000000000002,0.0,0.996078431372549,0.453125,0.0,0.0,0.0,0.23529411764705882,0.0,0.0,0.38268031849431083,0.23980342886584577,0.077550705938032
0.2017857142857143,0.0,0.0,0.171875,0.06349206349206349,1.0,0.0,1.0,0.0,0.0,0.38268031849431083,0.24180819308968637,0.0
0.5238095238095238,0.0,0.0,0.16666666666666666,0.0,0.0,0.0,0.0,0.0,0.0,0.29608191096586517,0.2386237156941676,0.0
0.8029761904761905,0.0,0.8470588235294118,0.4583333333333333,0.0,0.5411764705882353,0.0,0.0,0.0,0.0,0.38268031849431083,0.2369232151670147,0.11997762463337679
0.4,0.0,0.1411764705882353,0.0,0.611111111111111,0.11372549019607843,0.592156862745098,0.00784313725490196,0.9043062200956937,0.0,0.36409660676800104,0.23901204896363365,0.03903726011546839
0.23750000000000002,0.0,0.996078431372549,0.44791666666666663,0.0,0.0,0.0,0.23529411764705882,0.0,0.0,0.38268031849431083,0.23661710493352406,0.09241251950922756
0.18095238095238098,0.0,0.058823529411764705,0.6666666666666666,0.0,1.0,0.0,0.5019607843137255,0.03827751196172249,0.44313725490196076,0.1480409554829326,0.30168613671581157,0.10169061076916372
0.4190476190476191,0.0,0.0784313725490196,0.0,0.0,0.0,0.0,0.0,0.0,0.0,0.36409660676800104,0.23741891949403804,0.0
0.4190476190476191,0.0,0.0784313725490196,0.0,0.0,0.0,0.0,0.0,0.0,0.0,0.38268031849431083,0.23714505177742135,0.0
0.0,0.0,0.0,0.0,0.0,0.0,0.0,0.0,0.0,0.0,0.8312070100822431,0.04011935336139914,0.0
0.6470238095238096,0.0,0.0,0.3333333333333333,0.38095238095238093,1.0,0.49411764705882355,0.8235294117647058,0.03827751196172249,0.0,0.36409660676800104,0.2390206614143416,0.0737666106347252
0.4815476190476191,0.0,0.8627450980392157,0.9479166666666666,0.503968253968254,0.0784313725490196,0.06666666666666667,0.12549019607843137,0.0,0.0784313725490196,0.26756254955818887,0.36882045645856903,0.11494955482310489
0.23750000000000002,0.0,0.996078431372549,0.47916666666666663,0.0,0.0,0.0,0.23529411764705882,0.0,0.0,0.38268031849431083,0.23842464787550638,0.07819619029941431
0.4702380952380953,0.0,0.0196078431372549,0.171875,0.5714285714285714,0.03529411764705882,0.12941176470588234,0.12941176470588234,0.0,0.43529411764705883,0.38268031849431083,0.23901204896363365,0.20647790737450009
0.0,0.0,0.0,0.0,0.0,0.0,0.0,0.0,0.0,0.0,0.7264207722241013,0.03964216567148568,0.0
0.4702380952380953,0.0,0.0196078431372549,0.17708333333333331,0.047619047619047616,0.0392156862745098,0.13333333333333333,0.11764705882352941,0.0,0.43529411764705883,0.38268031849431083,0.23722619512988657,0.22967779613765094
0.09583333333333334,0.0,0.4980392156862745,0.7135416666666666,0.0,0.0,0.13725490196078433,0.0,0.0,0.0,0.08659840752844564,0.45925155321133526,0.04406441699878728
0.4702380952380953,0.0,0.0196078431372549,0.17708333333333331,0.1746031746031746,0.0392156862745098,0.13333333333333333,0.12156862745098039,0.0,0.43529411764705883,0.36409660676800104,0.23981410909969642,0.17965345636675834
0.4815476190476191,0.0,0.047058823529411764,0.984375,0.503968253968254,0.0784313725490196,0.06666666666666667,0.12549019607843137,0.0,0.0784313725490196,0.38268031849431083,0.23706823364728857,0.09611920969509093
0.4815476190476191,0.0,0.5254901960784314,0.9739583333333333,0.503968253968254,0.0784313725490196,0.06666666666666667,0.12549019607843137,0.0,0.0784313725490196,0.38268031849431083,0.2329623027605062,0.031790916962537
0.6476190476190476,0.0,1.0,0.0,0.0,0.0,1.0,0.8156862745098039,0.03827751196172249,0.0,0.23463936301137822,0.2266942582680278,0.06950282791125065
0.5047619047619049,0.0,0.0196078431372549,0.16666666666666666,0.6507936507936507,0.40784313725490196,0.4627450980392157,0.0,0.0,0.6235294117647059,0.38268031849431083,0.2382143292685864,0.054900056644643744
0.6470238095238096,0.0,0.0,0.3333333333333333,0.38095238095238093,1.0,0.49411764705882355,0.803921568627451,0.03827751196172249,0.0,0.38268031849431083,0.23882238634656536,0.06764315302754252
0.4702380952380953,0.0,0.0196078431372549,0.171875,0.47619047619047616,0.03529411764705882,0.12941176470588234,0.12941176470588234,0.0,0.43529411764705883,0.38268031849431083,0.23735544925324845,0.18476924437563144
0.6380952380952382,0.0,0.0,0.0,0.0,0.0,0.0,0.0,0.0,0.0,0.08659840752844564,0.40929799726207167,0.0
0.2017857142857143,0.0,0.0,0.171875,0.06349206349206349,1.0,0.0,1.0,0.0,0.0,0.36409660676800104,0.22452401836418823,0.0
0.1904761904761905,0.0,0.0,0.0,0.0,0.0,0.03137254901960784,0.16078431372549018,0.16746411483253587,0.7725490196078432,0.36409660676800104,0.22781371252695753,0.14882717408216634
0.4702380952380953,0.0,0.0196078431372549,0.17708333333333331,0.4126984126984127,0.03529411764705882,0.13333333333333333,0.12941176470588234,0.0,0.43529411764705883,0.36409660676800104,0.2395082013911492,0.11609617845709573
0.4815476190476191,0.0,0.5254901960784314,0.96875,0.503968253968254,0.0784313725490196,0.06666666666666667,0.12549019607843137,0.0,0.0784313725490196,0.38268031849431083,0.24929317777694068,0.018067807738882797
0.0011904761904761906,0.0,0.0,0.0,0.0,0.0,0.0,0.00392156862745098,0.04784688995215311,0.580392156862745,0.38268031849431083,0.24730031169053326,0.09286532998396073
0.8029761904761905,0.0,0.8470588235294118,0.44791666666666663,0.0,0.5411764705882353,0.0,0.0,0.0,0.0,0.36409660676800104,0.23933665338879792,0.11783601628574274
0.0,0.0,0.0,0.0,0.0,0.0,0.0,0.0,0.0,0.0,0.8223066409172028,0.040704752837647844,0.0
0.4190476190476191,0.0,0.0784313725490196,0.0,0.0,0.0,0.0,0.0,0.0,0.0,0.36409660676800104,0.2387684389649113,0.0
0.8029761904761905,0.0,0.8470588235294118,0.0,0.0,0.5333333333333333,0.0,0.0,0.0,0.0,0.38268031849431083,0.23837698568280694,0.03589768241871075
0.4190476190476191,0.0,0.0784313725490196,0.0,0.0,0.0,0.0,0.0,0.0,0.0,0.38268031849431083,0.23879433735561018,0.0
0.0011904761904761906,0.0,0.0,0.0,0.0,0.0,0.0,0.0,0.023923444976076555,0.38823529411764707,0.38268031849431083,0.22941512588939938,0.10958745068934658
0.0,0.0,0.0,0.0,0.0,0.0,0.0,0.0,0.0,0.0,0.8106328090901023,0.03937074078611449,0.0
0.1904761904761905,0.0,0.0,0.0,0.0,0.0,0.023529411764705882,0.12941176470588234,0.15789473684210525,0.6745098039215687,0.36409660676800104,0.15902100443507833,0.14218804212383235
0.0,0.0,0.0,0.0,0.0,0.0,0.0,0.0,0.0,0.0,0.7334239554396924,0.04051527036496808,0.0
0.5047619047619049,0.0,0.0196078431372549,0.16666666666666666,0.2698412698412698,0.40784313725490196,0.47058823529411764,0.0,0.0,0.44313725490196076,0.38268031849431083,0.23875764598050256,0.11725325522686911
0.0,0.0,0.0,0.0,0.0,0.0,0.0,0.0,0.0,0.0,0.8008114027665407,0.040436212796012436,0.0
0.5047619047619049,0.0,0.0196078431372549,0.16666666666666666,0.3333333333333333,0.40784313725490196,0.4666666666666667,0.0,0.0,0.43137254901960786,0.36409660676800104,0.2387684389649113,0.08193954243415257
0.6470238095238096,0.0,0.0,0.3333333333333333,0.38095238095238093,1.0,0.49411764705882355,0.8196078431372549,0.03827751196172249,0.0,0.36409660676800104,0.2386410071467822,0.0725491091254756
0.36190476190476195,0.0,0.09803921568627451,0.171875,0.13095238095238093,0.18823529411764706,0.03137254901960784,0.5568627450980392,0.507177033492823,0.1764705882352941,0.36409660676800104,0.2411043606346959,0.2005767153362652
0.4702380952380953,0.0,0.0196078431372549,0.17708333333333331,0.20634920634920634,0.0392156862745098,0.13333333333333333,0.12156862745098039,0.0,0.43529411764705883,0.38268031849431083,0.24129814796939023,0.17206436335014264
0.1904761904761905,0.0,0.0,0.0,0.0,0.0,0.00784313725490196,0.12549019607843137,0.18181818181818182,0.7098039215686275,0.36409660676800104,0.25389266957627626,0.12121594927792435
0.0,0.0,0.0,0.0,0.0,0.0,0.0,0.0,0.0,0.0,0.6601785177338662,0.028538051590222,0.0
0.0,0.0,0.0,0.0,0.0,0.0,0.0,0.0,0.0,0.0,0.771212453791489,0.03951452846848716,0.0
0.18095238095238098,0.0,0.09019607843137255,0.6666666666666666,0.0,1.0,0.054901960784313725,0.5019607843137255,0.06220095693779904,0.4784313725490196,0.38268031849431083,0.2273451704881246,0.12436348795427438
0.8029761904761905,0.0,0.8470588235294118,0.0,0.0,0.5372549019607843,0.0,0.0,0.0,0.0,0.38268031849431083,0.23672952808147543,0.04906614384407297
0.6380952380952382,0.0,0.0,0.0,0.0,0.0,0.0,0.0,0.0,0.0,0.08659840752844564,0.40802233005750854,0.0
0.5047619047619049,0.0,0.0196078431372549,0.16666666666666666,0.20634920634920634,0.40784313725490196,0.4666666666666667,0.0,0.0,0.054901960784313725,0.38268031849431083,0.23939243891255826,0.14999821056552268
0.5238095238095238,0.0,0.0,0.16666666666666666,0.0,0.0,0.0,0.0,0.0,0.0,0.36409660676800104,0.23869502359149547,0.0
0.8029761904761905,0.0,0.8470588235294118,0.49479166666666663,0.0,0.5098039215686274,0.0,0.0,0.0,0.0,0.38268031849431083,0.23855019350414355,0.15332901896808762
0.5238095238095238,0.0,0.0,0.16666666666666666,0.0,0.0,0.0,0.0,0.0,0.0,0.3212377705398239,0.24013611367097562,0.0
0.0011904761904761906,0.0,0.0,0.0,0.0,0.0,0.0,0.00392156862745098,0.04784688995215311,0.580392156862745,0.38268031849431083,0.24925044494063203,0.09286532998396073
0.1904761904761905,0.0,0.0,0.0,0.0,0.0,0.06274509803921569,0.15294117647058825,0.2200956937799043,0.7490196078431373,0.36409660676800104,0.25461140186982095,0.15171876517291424
0.4815476190476191,0.0,0.8627450980392157,0.9739583333333333,0.503968253968254,0.0784313725490196,0.06666666666666667,0.12549019607843137,0.0,0.0784313725490196,0.38268031849431083,0.23833363661126633,0.08173320827089746
0.23750000000000002,0.0,0.996078431372549,0.4895833333333333,0.0,0.0,0.0,0.23529411764705882,0.0,0.0,0.36409660676800104,0.2388957079142658,0.1073633717342716
0.0,0.0,0.0,0.0,0.0,0.0,0.0,0.0,0.0,0.0,0.8865706031157584,0.03991285272932955,0.0
0.4702380952380953,0.0,0.0196078431372549,0.171875,0.2698412698412698,0.0392156862745098,0.12941176470588234,0.11764705882352941,0.0,0.43529411764705883,0.38268031849431083,0.24082142877472962,0.22647766716495968
0.5238095238095238,0.0,0.0,0.16666666666666666,0.0,0.0,0.0,0.0,0.0,0.0,0.36409660676800104,0.23586435602532968,0.0
0.1904761904761905,0.0,0.0,0.0,0.0,0.0,0.00784313725490196,0.12941176470588234,0.18181818181818182,0.9764705882352941,0.38268031849431083,0.24758322696905335,0.15779143777017185
0.6470238095238096,0.0,0.0,0.3333333333333333,0.38095238095238093,1.0,0.49411764705882355,0.807843137254902,0.03827751196172249,0.0,0.36409660676800104,0.23873173804403924,0.0688750770220025
0.6470238095238096,0.0,0.0,0.3333333333333333,0.38095238095238093,1.0,0.49411764705882355,0.8627450980392157,0.03827751196172249,0.0,0.36409660676800104,0.23591101458180905,0.08574956343303959
0.29583333333333334,0.0,0.03137254901960784,0.0,0.0,0.0,0.0,0.0,0.0,0.0,0.23463936301137822,0.30324702069567755,0.0
0.4702380952380953,0.0,0.0196078431372549,0.18229166666666666,0.4603174603174603,0.03529411764705882,0.13725490196078433,0.13333333333333333,0.0,0.43137254901960786,0.36409660676800104,0.248085740155427,0.2563890806686496
0.0011904761904761906,0.0,0.0,0.0,0.0,0.0,0.0,0.0,0.014354066985645932,0.1764705882352941,0.38268031849431083,0.2294269804458739,0.15370280072844916
0.0,0.0,0.0,0.0,0.0,0.0,0.0,0.0,0.0,0.0,0.9221202704709593,0.03991285272932955,0.0
0.4702380952380953,0.0,0.0196078431372549,0.17708333333333331,0.47619047619047616,0.03529411764705882,0.13333333333333333,0.12941176470588234,0.0,0.43529411764705883,0.38268031849431083,0.23862155405145374,0.1332605856908376
0.8029761904761905,0.0,0.8470588235294118,0.0,0.0,0.5019607843137255,0.0,0.0,0.0,0.0,0.36409660676800104,0.2427355070989611,0.11478909676375512
0.0,0.0,0.0,0.0,0.0,0.0,0.0,0.0,0.0,0.0,0.6787622294601761,0.1931133314095684,0.0
0.18095238095238098,0.0,0.06666666666666667,0.6666666666666666,0.031746031746031744,1.0,0.14901960784313725,0.5019607843137255,0.06698564593301436,0.7725490196078432,0.26756254955818887,0.18490823472329682,0.36089402567587064
1.0,0.0,0.0,0.0,0.0,0.0,0.6274509803921569,0.13333333333333333,0.0,0.0,0.0,0.4595684341123323,0.04907945341653401
0.23750000000000002,0.0,0.996078431372549,0.47916666666666663,0.0,0.0,0.0,0.23529411764705882,0.0,0.0,0.36409660676800104,0.2391282542453439,0.07819619029941431
0.2017857142857143,0.0,0.0,0.171875,0.06349206349206349,1.0,0.0,1.0,0.0,0.0,0.38268031849431083,0.24314328425869272,0.0
0.4702380952380953,0.0,0.0196078431372549,0.171875,0.23809523809523808,0.0392156862745098,0.12941176470588234,0.11764705882352941,0.0,0.43529411764705883,0.38268031849431083,0.2377225785211418,0.23314365173541068
0.8029761904761905,0.0,0.8470588235294118,0.0,0.0,0.5333333333333333,0.0,0.0,0.0,0.0,0.38268031849431083,0.23743642140892565,0.03589768241871075
0.0,0.0,0.0,0.0,0.0,0.0,0.0,0.0,0.0,0.0,0.9960077725067024,0.04010348389204519,0.0
0.23750000000000002,0.0,0.996078431372549,0.44791666666666663,0.0,0.0,0.0,0.23529411764705882,0.0,0.0,0.38268031849431083,0.2395274820603961,0.09241251950922756
0.0011904761904761906,0.0,0.0,0.0,0.0,0.0,0.0,0.00392156862745098,0.057416267942583726,0.8549019607843137,0.38268031849431083,0.2471178704275212,0.14668510779407984
0.2017857142857143,0.0,0.0,0.171875,0.06349206349206349,1.0,0.0,1.0,0.0,0.0,0.38268031849431083,0.24309989505777302,0.0
0.0,0.0,0.0,0.0,0.0,0.0,0.0,0.0,0.0,0.0,0.6552684635065269,0.028840622344286356,0.0
0.0,0.0,0.0,0.0,0.0,0.0,0.0,0.0,0.0,0.0,0.49178140921272306,0.1860069112490854,0.0
0.4815476190476191,0.0,0.25098039215686274,0.9427083333333333,0.503968253968254,0.0784313725490196,0.06666666666666667,0.12549019607843137,0.0,0.0784313725490196,0.29608191096586517,0.30236199279374076,0.09043047872381382
0.6470238095238096,0.0,0.0,0.3333333333333333,0.38095238095238093,1.0,0.49411764705882355,0.8588235294117647,0.03827751196172249,0.0,0.38268031849431083,0.23400250200313444,0.08456668272645812
0.1904761904761905,0.0,0.0,0.0,0.0,0.0,0.054901960784313725,0.13333333333333333,0.20095693779904306,0.7333333333333333,0.38268031849431083,0.24741713639397542,0.0945495941342528
0.18095238095238098,0.0,0.09411764705882353,0.6666666666666666,0.0,1.0,0.9529411764705882,0.4980392156862745,0.0,0.9215686274509803,0.36409660676800104,0.24749230692302876,0.2932087958490691
0.4190476190476191,0.0,0.0784313725490196,0.0,0.0,0.0,0.0,0.0,0.0,0.0,0.38268031849431083,0.24042099665015848,0.0
0.4,0.0,0.39215686274509803,0.0,0.615079365079365,0.11372549019607843,0.592156862745098,0.00784313725490196,0.9043062200956937,0.0,0.38268031849431083,0.23837915264109688,0.178099819924373
0.29583333333333334,0.0,0.03137254901960784,0.0,0.0,0.0,0.0,0.0,0.0,0.0,0.23463936301137822,0.30333170645882535,0.0
0.4702380952380953,0.0,0.0196078431372549,0.17708333333333331,0.25396825396825395,0.0392156862745098,0.13333333333333333,0.12156862745098039,0.0,0.43529411764705883,0.36409660676800104,0.24603822125669889,0.16041463317173474
0.0,0.0,0.0,0.0,0.0,0.0,0.0,0.0,0.0,0.0,0.571139192753681,0.0398492278236016,0.0
0.18154761904761907,0.0,0.9333333333333333,0.6614583333333333,0.0,0.0,0.24705882352941178,0.4980392156862745,0.04784688995215311,0.27450980392156865,0.26756254955818887,0.25515118694996125,0.16271377096209758
0.4190476190476191,0.0,0.0784313725490196,0.0,0.0,0.0,0.0,0.0,0.0,0.0,0.08659840752844564,0.39101752650355404,0.0
0.6380952380952382,0.0,0.0,0.0,0.0,0.0,0.0,0.0,0.0,0.0,0.26756254955818887,0.3029528845248177,0.0
0.0,0.0,0.0,0.0,0.0,0.0,0.0,0.0,0.0,0.0,0.5307212739772434,0.18878019061013182,0.0
0.4,0.0,0.01568627450980392,0.0,0.611111111111111,0.11372549019607843,0.592156862745098,0.00784313725490196,0.9043062200956937,0.0,0.36409660676800104,0.2395531838135608,0.07936191258484337
0.0,0.0,0.0,0.0,0.0,0.0,0.0,0.0,0.0,0.0,0.8397512675310609,0.03997643700809555,0.0
0.4815476190476191,0.0,0.047058823529411764,0.9635416666666666,0.503968253968254,0.0784313725490196,0.06666666666666667,0.12549019607843137,0.0,0.0784313725490196,0.0,0.5418404935977795,0.07095072540155607
0.18095238095238098,0.0,0.09803921568627451,0.6666666666666666,0.0,1.0,0.9686274509803922,0.4980392156862745,0.019138755980861243,0.7686274509803921,0.36409660676800104,0.24752394070342862,0.26026640237881754
0.7148809523809524,0.0,0.16078431372549018,0.203125,0.15476190476190477,0.13725490196078433,0.0,0.0,0.0,0.6039215686274509,0.23463936301137822,0.3031566097614256,0.0
0.36190476190476195,0.0,0.09803921568627451,0.17708333333333331,0.1349206349206349,0.18823529411764706,0.03137254901960784,0.5568627450980392,0.5215311004784688,0.22352941176470587,0.26756254955818887,0.3034275966723991,0.1289887323784297
0.0,0.0,0.0,0.0,0.0,0.0,0.0,0.0,0.0,0.0,0.8082194732167989,0.0401669466006328,0.0
0.36190476190476195,0.0,0.09411764705882353,0.171875,0.13095238095238093,0.18823529411764706,0.03137254901960784,0.5568627450980392,0.5502392344497608,0.01568627450980392,0.36409660676800104,0.23562182403540816,0.2617499490492658
0.0,0.0,0.0,0.0,0.0,0.0,0.0,0.0,0.0,0.0,0.7264207722241013,0.040055860303869616,0.0
0.4815476190476191,0.0,0.047058823529411764,0.9427083333333333,0.503968253968254,0.0784313725490196,0.06666666666666667,0.12549019607843137,0.0,0.0784313725490196,0.34374045372979056,0.24306475661399649,0.11740335474207232
0.6470238095238096,0.0,0.0,0.3333333333333333,0.38095238095238093,1.0,0.49411764705882355,0.5607843137254902,0.043062200956937795,0.0,0.36409660676800104,0.23879649525082366,0.11162353761603369
0.8029761904761905,0.0,0.8470588235294118,0.4739583333333333,0.0,0.5058823529411764,0.0,0.0,0.0,0.0,0.38268031849431083,0.23837915264109688,0.15942949908278753
0.23750000000000002,0.0,0.996078431372549,0.484375,0.0,0.0,0.0,0.23529411764705882,0.0,0.0,0.29608191096586517,0.23607969162141687,0.09303536661017572
0.7523809523809525,0.0,0.0,0.0,0.0,0.5019607843137255,0.0,0.4117647058823529,1.0,0.07450980392156863,0.23463936301137822,0.3702428026275552,0.0
0.5238095238095238,0.0,0.0,0.16666666666666666,0.0,0.0,0.0,0.0,0.0,0.0,0.34374045372979056,0.3032481503130541,0.0
0.4,0.0,0.01568627450980392,0.0,0.615079365079365,0.11372549019607843,0.592156862745098,0.00784313725490196,0.9043062200956937,0.0,0.36409660676800104,0.24286609470298115,0.17802257647912034
0.4702380952380953,0.0,0.0196078431372549,0.18229166666666666,0.49206349206349204,0.03529411764705882,0.13725490196078433,0.13333333333333333,0.0,0.42745098039215684,0.38268031849431083,0.23843331127825682,0.31270226386583677
0.4190476190476191,0.0,0.0784313725490196,0.0,0.0,0.0,0.0,0.0,0.0,0.0,0.38268031849431083,0.2378773283675597,0.0
0.1904761904761905,0.0,0.0,0.0,0.0,0.0,0.047058823529411764,0.12549019607843137,0.18181818181818182,0.7372549019607844,0.38268031849431083,0.2548063557304079,0.07660474883538632
0.5047619047619049,0.0,0.0196078431372549,0.16666666666666666,0.3333333333333333,0.40784313725490196,0.4588235294117647,0.0,0.0,0.4235294117647059,0.38268031849431083,0.23652442576565302,0.0640419831231318
0.18154761904761907,0.0,0.9686274509803922,0.6614583333333333,0.0,0.0,0.1411764705882353,0.4980392156862745,0.028708133971291863,0.4549019607843137,0.38268031849431083,0.26354173188754837,0.16793824986589376
0.18154761904761907,0.0,0.0,0.6666666666666666,0.0,0.0,0.21176470588235294,0.4980392156862745,0.03349282296650718,0.3607843137254902,0.38268031849431083,0.22066733624816545,0.12072094286454423
0.1904761904761905,0.0,0.0,0.0,0.0,0.0,0.047058823529411764,0.0784313725490196,0.18181818181818182,0.3137254901960784,0.36409660676800104,0.23883317231659165,0.07729265912576098
0.36190476190476195,0.0,0.09803921568627451,0.171875,0.13095238095238093,0.18823529411764706,0.03137254901960784,0.5568627450980392,0.5167464114832536,0.10196078431372549,0.1956994982468579,0.20909858611617052,0.16622807350447674
0.0011904761904761906,0.0,0.0,0.0,0.0,0.0,0.0,0.0,0.004784688995215311,0.09019607843137255,0.36409660676800104,0.22747822863590056,0.17919718639266824
0.18154761904761907,0.0,0.9490196078431372,0.6614583333333333,0.0,0.0,0.24705882352941178,0.4980392156862745,0.03349282296650718,0.7725490196078432,0.36409660676800104,0.22064921321189526,0.154367703132295
0.7148809523809524,0.0,0.16078431372549018,0.203125,0.15476190476190477,0.13725490196078433,0.0,0.0,0.0,0.6039215686274509,0.26756254955818887,0.3013194193028228,0.0
0.4815476190476191,0.0,0.5254901960784314,0.984375,0.503968253968254,0.0784313725490196,0.06666666666666667,0.12549019607843137,0.0,0.0784313725490196,0.38268031849431083,0.23715382722016737,0.05794936615441648
0.0,0.0,0.0,0.0,0.0,0.0,0.0,0.0,0.0,0.0,0.5783798167411688,0.040182805960119077,0.0
0.7148809523809524,0.0,0.16078431372549018,0.203125,0.15476190476190477,0.13725490196078433,0.0,0.0,0.0,0.6039215686274509,0.26756254955818887,0.3032617047221393,0.0
1.0,0.0,0.0,0.0,0.0,0.0,0.6274509803921569,0.13333333333333333,0.0,0.0,0.08659840752844564,0.45933051460578767,0.04907945341653401
0.4190476190476191,0.0,0.0784313725490196,0.0,0.0,0.0,0.0,0.0,0.0,0.0,0.38268031849431083,0.23880296865590298,0.0
0.18095238095238098,0.0,0.08627450980392157,0.6666666666666666,0.0,1.0,0.07450980392156863,0.5019607843137255,0.014354066985645932,0.10980392156862745,0.38268031849431083,0.22920625436750441,0.1568244044936893
0.4702380952380953,0.0,0.0196078431372549,0.171875,0.4444444444444444,0.03529411764705882,0.12941176470588234,0.12941176470588234,0.0,0.43529411764705883,0.1956994982468579,0.18144162631496094,0.17727375220711925
0.6476190476190476,0.0,1.0,0.0,0.0,0.0,1.0,0.8549019607843137,0.03827751196172249,0.0,0.36409660676800104,0.23846146213289618,0.08159564824919152
0.29583333333333334,0.0,0.03137254901960784,0.0,0.0,0.0,0.0,0.0,0.0,0.0,0.26756254955818887,0.30315208705918706,0.0
0.0,0.0,0.0,0.0,0.0,0.0,0.0,0.0,0.0,0.0,0.7905164965625804,0.03978556223896158,0.0
0.4702380952380953,0.0,0.0196078431372549,0.171875,0.19047619047619047,0.0392156862745098,0.12941176470588234,0.11764705882352941,0.0,0.43529411764705883,0.36409660676800104,0.24639874010746382,0.24294652114860976
0.18095238095238098,0.0,0.03137254901960784,0.6666666666666666,0.0,1.0,0.09803921568627451,0.5019607843137255,0.023923444976076555,0.8980392156862745,0.38268031849431083,0.22921575803836566,0.17927928086265538
0.8029761904761905,0.0,0.8470588235294118,0.0,0.0,0.5254901960784314,0.0,0.0,0.0,0.0,0.23463936301137822,0.36951965453158947,0.04243987180513695
0.0011904761904761906,0.0,0.0,0.0,0.0,0.0,0.0,0.03529411764705882,0.07177033492822966,0.6549019607843137,0.1956994982468579,0.30665703558794,0.14827184445402083
0.5238095238095238,0.0,0.0,0.16666666666666666,0.0,0.0,0.0,0.0,0.0,0.0,0.1480409554829326,0.2478810997248593,0.0
0.5238095238095238,0.0,0.0,0.16666666666666666,0.0,0.0,0.0,0.0,0.0,0.0,0.38268031849431083,0.2275483150454741,0.0
0.4702380952380953,0.0,0.0196078431372549,0.17708333333333331,0.14285714285714285,0.0392156862745098,0.13333333333333333,0.11764705882352941,0.0,0.43529411764705883,0.36409660676800104,0.2442627755173429,0.20917623024765325
0.0,0.0,0.0,0.0,0.0,0.0,0.0,0.0,0.0,0.0,0.6696724341609238,0.03943467205687737,0.0
0.8029761904761905,0.0,0.8470588235294118,0.453125,0.0,0.5450980392156862,0.0,0.0,0.0,0.0,0.23463936301137822,0.24793033054612973,0.1297251146851302
0.1904761904761905,0.0,0.0,0.0,0.0,0.0,0.09411764705882353,0.03137254901960784,0.15789473684210525,0.8705882352941177,0.38268031849431083,0.2292775098000228,0.21449205679053784
0.1904761904761905,0.0,0.0,0.0,0.0,0.0,0.023529411764705882,0.15294117647058825,0.16267942583732056,0.24313725490196078,0.1956994982468579,0.2552280607982072,0.1585752477249841
0.6470238095238096,0.0,0.0,0.3333333333333333,0.38095238095238093,1.0,0.49411764705882355,0.7058823529411764,0.043062200956937795,0.0,0.36409660676800104,0.2524338073321681,0.06838323367093399
0.7148809523809524,0.0,0.16078431372549018,0.203125,0.15476190476190477,0.13725490196078433,0.0,0.0,0.0,0.6039215686274509,0.08659840752844564,0.3698402231671613,0.0
0.5238095238095238,0.0,0.0,0.16666666666666666,0.0,0.0,0.0,0.0,0.0,0.0,0.36409660676800104,0.24073258291255353,0.0
0.4190476190476191,0.0,0.0784313725490196,0.0,0.0,0.0,0.0,0.0,0.0,0.0,0.38268031849431083,0.23868854316503496,0.0
0.0,0.0,0.0,0.0,0.0,0.0,0.0,0.0,0.0,0.0,0.7957259731750376,0.04051527036496808,0.0
0.18095238095238098,0.0,0.050980392156862744,0.6666666666666666,0.0,1.0,0.07058823529411765,0.5019607843137255,0.06698564593301436,0.6196078431372549,0.36409660676800104,0.2505053364922012,0.15946821479251214
0.4702380952380953,0.0,0.0196078431372549,0.171875,0.2698412698412698,0.0392156862745098,0.12941176470588234,0.11764705882352941,0.0,0.43529411764705883,0.38268031849431083,0.23760253635653894,0.22647766716495968
0.4190476190476191,0.0,0.0784313725490196,0.0,0.0,0.0,0.0,0.0,0.0,0.0,0.38268031849431083,0.23857831133998053,0.0
0.8029761904761905,0.0,0.8470588235294118,0.0,0.0,0.5372549019607843,0.0,0.0,0.0,0.0,0.38268031849431083,0.23957031463096115,0.04906614384407297
0.5238095238095238,0.0,0.0,0.16666666666666666,0.0,0.0,0.0,0.0,0.0,0.0,0.36409660676800104,0.23987603187674011,0.0
0.5238095238095238,0.0,0.0,0.16666666666666666,0.0,0.0,0.0,0.0,0.0,0.0,0.38268031849431083,0.2413149812328747,0.0
0.09583333333333334,0.0,0.4980392156862745,0.7135416666666666,0.0,0.0,0.1411764705882353,0.0,0.0,0.0,0.0,0.6188884389075892,0.0629141884826882
0.4702380952380953,0.0,0.0196078431372549,0.171875,0.5079365079365079,0.03529411764705882,0.12941176470588234,0.12941176470588234,0.0,0.43529411764705883,0.36409660676800104,0.23892157323004773,0.19213206364711788
0.8029761904761905,0.0,0.8470588235294118,0.4739583333333333,0.0,0.5411764705882353,0.0,0.0,0.0,0.0,0.36409660676800104,0.23299204332069123,0.12316950479827662
0.2017857142857143,0.0,0.0,0.171875,0.06349206349206349,1.0,0.0,1.0,0.0,0.0,0.36409660676800104,0.23416313766753383,0.0
0.6470238095238096,0.0,0.0,0.3333333333333333,0.38095238095238093,1.0,0.49411764705882355,0.8627450980392157,0.03827751196172249,0.0,0.38268031849431083,0.23865181278009687,0.08574956343303959
0.0,0.0,0.0,0.0,0.0,0.0,0.0,0.0,0.0,0.0,0.8008114027665407,0.028538051590222,0.0
0.6476190476190476,0.0,1.0,0.0,0.0,0.0,1.0,0.9529411764705882,0.03827751196172249,0.0,0.36409660676800104,0.23895820426377093,0.11037368810425766
0.7148809523809524,0.0,0.16078431372549018,0.203125,0.15476190476190477,0.13725490196078433,0.0,0.0,0.0,0.6039215686274509,0.23463936301137822,0.3033147750668838,0.0
0.7148809523809524,0.0,0.16078431372549018,0.203125,0.15476190476190477,0.13725490196078433,0.0,0.0,0.0,0.6039215686274509,0.0,0.6015592188923634,0.0
0.18154761904761907,0.0,0.9686274509803922,0.6614583333333333,0.0,0.0,0.29411764705882354,0.4980392156862745,0.043062200956937795,0.09803921568627451,0.0,0.522522212700615,0.2005178810593661
0.5047619047619049,0.0,0.0196078431372549,0.16666666666666666,0.20634920634920634,0.40784313725490196,0.4627450980392157,0.0,0.0,0.058823529411764705,0.36409660676800104,0.23914760861490234,0.12379150161046855
0.0,0.0,0.0,0.0,0.0,0.0,0.0,0.0,0.0,0.0,0.5636444605240541,0.03972185592335969,0.0
0.0,0.0,0.0,0.0,0.0,0.0,0.0,0.0,0.0,0.0,0.7851767696321215,0.0290713812270777,0.0
0.0,0.0,0.0,0.0,0.0,0.0,0.0,0.0,0.0,0.0,0.6601785177338662,0.1776228744206709,0.0
0.18095238095238098,0.0,0.09019607843137255,0.6666666666666666,0.0,1.0,0.1803921568627451,0.5019607843137255,0.014354066985645932,0.9254901960784314,0.38268031849431083,0.22873707265129983,0.15335740695351227
0.2017857142857143,0.0,0.0,0.171875,0.06349206349206349,1.0,0.0,1.0,0.0,0.0,0.38268031849431083,0.23421963789176992,0.0
0.8583333333333334,0.0,0.01568627450980392,0.0,0.6547619047619048,0.00392156862745098,0.0,0.0,0.0,0.0,0.0,0.8259694125177783,0.0022399154389777707
0.23750000000000002,0.0,0.996078431372549,0.4375,0.0,0.0,0.0,0.23529411764705882,0.0,0.0,0.38268031849431083,0.23850691978575844,0.12063222939173024
0.5238095238095238,0.0,0.0,0.16666666666666666,0.0,0.0,0.0,0.0,0.0,0.0,0.36409660676800104,0.23909383718610724,0.0
0.0011904761904761906,0.0,0.0,0.0,0.0,0.0,0.0,0.011764705882352941,0.009569377990430622,0.8941176470588235,0.38268031849431083,0.2472091328414408,0.13702245682710154
0.09583333333333334,0.0,0.5019607843137255,0.7083333333333333,0.0,0.0,0.13725490196078433,0.0,0.0,0.0,0.08659840752844564,0.4595131820471121,0.10776805748974494
0.6476190476190476,0.0,1.0,0.0,0.0,0.0,1.0,0.8,0.03827751196172249,0.0,0.38268031849431083,0.24078336168283876,0.06456551933406972
0.4,0.0,0.26666666666666666,0.0,0.611111111111111,0.11372549019607843,0.592156862745098,0.00784313725490196,0.9043062200956937,0.0,0.38268031849431083,0.23687702859817,0.0391451422959784
0.18095238095238098,0.0,0.054901960784313725,0.6666666666666666,0.0,1.0,0.12156862745098039,0.5019607843137255,0.03349282296650718,0.03529411764705882,0.36409660676800104,0.22726525017398297,0.1456622256550265
0.09583333333333334,0.0,0.5019607843137255,0.7135416666666666,0.0,0.0,0.13725490196078433,0.0,0.0,0.0,0.08659840752844564,0.45938892930101116,0.04532348813991941
0.6476190476190476,0.0,1.0,0.0,0.0,0.0,1.0,0.8509803921568627,0.03827751196172249,0.0,0.36409660676800104,0.2392185424697091,0.0804020636413087
0.18095238095238098,0.0,0.06274509803921569,0.6666666666666666,0.0,1.0,0.09411764705882353,0.5019607843137255,0.06220095693779904,0.9137254901960784,0.38268031849431083,0.22920863037025485,0.1728507482867454
0.6470238095238096,0.0,0.0,0.3333333333333333,0.38095238095238093,1.0,0.49411764705882355,0.5176470588235293,0.043062200956937795,0.0,0.34374045372979056,0.2390572560219698,0.12365743361797947
0.0,0.0,0.0,0.0,0.0,0.0,0.0,0.0,0.0,0.0,0.8376470342310766,0.04057847125969615,0.0
0.5238095238095238,0.0,0.0,0.16666666666666666,0.0,0.0,0.0,0.0,0.0,0.0,0.0,0.46772343007738393,0.0
0.0,0.0,0.0,0.0,0.0,0.0,0.0,0.0,0.0,0.0,0.46927872602275644,0.18256382214091815,0.0
0.1904761904761905,0.0,0.0,0.0,0.0,0.0,0.08627450980392157,0.12549019607843137,0.20574162679425836,0.16470588235294117,0.3212377705398239,0.22995190541772,0.14837556381931952
0.4702380952380953,0.0,0.0196078431372549,0.19791666666666666,0.19047619047619047,0.0392156862745098,0.14901960784313725,0.13333333333333333,0.0,0.43137254901960786,0.38268031849431083,0.23789474990415682,0.43268879976904806
0.18154761904761907,0.0,0.8980392156862745,0.6614583333333333,0.0,0.0,0.22352941176470587,0.4980392156862745,0.009569377990430622,0.6196078431372549,0.38268031849431083,0.24742505175400836,0.16178466244466985
0.18154761904761907,0.0,0.03529411764705882,0.6666666666666666,0.0,0.0,0.10196078431372549,0.4980392156862745,0.06698564593301436,0.10980392156862745,0.23463936301137822,0.2643864077353349,0.2420131453665114
0.23750000000000002,0.0,0.996078431372549,0.46875,0.0,0.0,0.0,0.2549019607843137,0.0,0.0,0.38268031849431083,0.2367471515742654,0.07118281869104108
0.1904761904761905,0.0,0.0,0.0,0.0,0.0,0.01568627450980392,0.0,0.18181818181818182,0.7725490196078432,0.36409660676800104,0.24930094541368775,0.17422527708189114
0.0,0.0,0.0,0.0,0.0,0.0,0.0,0.0,0.0,0.0,0.9318616700686092,0.03991285272932955,0.0
0.4815476190476191,0.0,0.8627450980392157,0.9635416666666666,0.503968253968254,0.0784313725490196,0.06666666666666667,0.12549019607843137,0.0,0.0784313725490196,0.38268031849431083,0.23538093308819594,0.0803935128757048
0.1904761904761905,0.0,0.0,0.0,0.0,0.0,0.08627450980392157,0.13333333333333333,0.15311004784688995,0.49019607843137253,0.36409660676800104,0.247292386408405,0.14366366665460592
0.0,0.0,0.0,0.0,0.0,0.0,0.0,0.0,0.0,0.0,0.6696724341609238,0.040372921518221534,0.0
0.7148809523809524,0.0,0.16078431372549018,0.203125,0.15476190476190477,0.13725490196078433,0.0,0.0,0.0,0.6039215686274509,0.23463936301137822,0.3096474071978589,0.0
0.2017857142857143,0.0,0.0,0.171875,0.06349206349206349,1.0,0.0,1.0,0.0,0.0,0.23463936301137822,0.3698668424781395,0.0
0.6470238095238096,0.0,0.0,0.3333333333333333,0.38095238095238093,1.0,0.49411764705882355,0.8352941176470589,0.03827751196172249,0.0,0.36409660676800104,0.24666827525189355,0.07739787962939865
0.18095238095238098,0.0,0.058823529411764705,0.6666666666666666,0.0,1.0,0.03529411764705882,0.5019607843137255,0.03349282296650718,0.28627450980392155,0.38268031849431083,0.23875116962829712,0.1187104928606406
0.0011904761904761906,0.0,0.0,0.0,0.0,0.0,0.0,0.03529411764705882,0.03827751196172249,0.9568627450980391,0.38268031849431083,0.25225111576126685,0.1305593705747586
0.29583333333333334,0.0,0.03137254901960784,0.0,0.0,0.0,0.0,0.0,0.0,0.0,0.26756254955818887,0.3026681033674856,0.0
0.0,0.0,0.0,0.0,0.0,0.0,0.0,0.0,0.0,0.0,0.6502428680524998,0.04003998071175027,0.0
0.2017857142857143,0.0,0.0,0.171875,0.06349206349206349,1.0,0.0,1.0,0.0,0.0,0.36409660676800104,0.2224657259407544,0.0
0.2017857142857143,0.0,0.0,0.171875,0.06349206349206349,1.0,0.0,1.0,0.0,0.0,0.36409660676800104,0.24303167380682458,0.0
0.0,0.0,0.0,0.0,0.0,0.0,0.0,0.0,0.0,0.0,0.6742656854342702,0.04078359757674957,0.0
0.0,0.0,0.0,0.0,0.0,0.0,0.0,0.0,0.0,0.0,0.6344150391090467,0.0402462181515586,0.0
0.6476190476190476,0.0,1.0,0.0,0.0,0.0,1.0,0.803921568627451,0.03827751196172249,0.0,0.1956994982468579,0.3028349863524349,0.0658053512057129
0.1904761904761905,0.0,0.0,0.0,0.0,0.0,0.0784313725490196,0.12941176470588234,0.18660287081339713,0.9764705882352941,0.36409660676800104,0.21697545806081342,0.1358702465837642
0.2017857142857143,0.0,0.0,0.171875,0.06349206349206349,1.0,0.0,1.0,0.0,0.0,0.36409660676800104,0.23423997012722425,0.0
0.4190476190476191,0.0,0.0784313725490196,0.0,0.0,0.0,0.0,0.0,0.0,0.0,0.38268031849431083,0.2386237156941676,0.0
0.6380952380952382,0.0,0.0,0.0,0.0,0.0,0.0,0.0,0.0,0.0,0.26756254955818887,0.29744915649742415,0.0
0.0,0.0,0.0,0.0,0.0,0.0,0.0,0.0,0.0,0.0,0.8333753327907575,0.03924275497658138,0.0
0.29583333333333334,0.0,0.03137254901960784,0.0,0.0,0.0,0.0,0.0,0.0,0.0,0.23463936301137822,0.3040211846903684,0.0
0.2017857142857143,0.0,0.0,0.171875,0.06349206349206349,1.0,0.0,1.0,0.0,0.0,0.38268031849431083,0.24321349338154208,0.0
0.4815476190476191,0.0,0.047058823529411764,0.953125,0.503968253968254,0.0784313725490196,0.06666666666666667,0.12549019607843137,0.0,0.0784313725490196,0.38268031849431083,0.23244154997049232,0.09482512431621663
0.4190476190476191,0.0,0.0784313725490196,0.0,0.0,0.0,0.0,0.0,0.0,0.0,0.34374045372979056,0.2391304049166276,0.0
0.8029761904761905,0.0,0.8470588235294118,0.0,0.0,0.5411764705882353,0.0,0.0,0.0,0.0,0.38268031849431083,0.2371801489092657,0.061830499129058164
0.5238095238095238,0.0,0.0,0.16666666666666666,0.0,0.0,0.0,0.0,0.0,0.0,0.1956994982468579,0.3906364110173172,0.0
0.1904761904761905,0.0,0.0,0.0,0.0,0.0,0.10196078431372549,0.0,0.17224880382775118,0.9333333333333333,0.36409660676800104,0.24777467801218378,0.2241861613432696
0.0011904761904761906,0.0,0.0,0.0,0.0,0.0,0.0,0.011764705882352941,0.009569377990430622,0.8941176470588235,0.36409660676800104,0.2492018626290371,0.13702245682710154
0.8029761904761905,0.0,0.8470588235294118,0.0,0.0,0.5019607843137255,0.0,0.0,0.0,0.0,0.36409660676800104,0.24123710352402053,0.11478909676375512
0.6470238095238096,0.0,0.0,0.3333333333333333,0.38095238095238093,1.0,0.49411764705882355,0.6549019607843137,0.043062200956937795,0.0,0.38268031849431083,0.2387209410807626,0.08409305744546419
0.23750000000000002,0.0,0.996078431372549,0.453125,0.0,0.0,0.0,0.2549019607843137,0.0,0.0,0.38268031849431083,0.23785772549492348,0.10021738199483862
0.2017857142857143,0.0,0.0,0.171875,0.06349206349206349,1.0,0.0,1.0,0.0,0.0,0.08659840752844564,0.24897223360951376,0.0
0.0,0.0,0.0,0.0,0.0,0.0,0.0,0.0,0.0,0.0,0.8333753327907575,0.04095683656716216,0.0
0.1904761904761905,0.0,0.0,0.0,0.0,0.0,0.01568627450980392,0.16078431372549018,0.1770334928229665,0.5058823529411764,0.23463936301137822,0.22702024623096315,0.11552481140106476
0.0,0.0,0.0,0.0,0.0,0.0,0.0,0.0,0.0,0.0,0.555877133551202,0.18583810605209417,0.0
0.8029761904761905,0.0,0.8470588235294118,0.0,0.0,0.5058823529411764,0.0,0.0,0.0,0.0,0.38268031849431083,0.23771167157496323,0.1035713576084955
0.7148809523809524,0.0,0.16078431372549018,0.203125,0.15476190476190477,0.13725490196078433,0.0,0.0,0.0,0.6039215686274509,0.08659840752844564,0.4374839548061502,0.0
0.4190476190476191,0.0,0.0784313725490196,0.0,0.0,0.0,0.0,0.0,0.0,0.0,0.36409660676800104,0.24043797883515283,0.0
0.4190476190476191,0.0,0.0784313725490196,0.0,0.0,0.0,0.0,0.0,0.0,0.0,0.36409660676800104,0.24090808286438659,0.0
0.4702380952380953,0.0,0.0196078431372549,0.17708333333333331,0.36507936507936506,0.03529411764705882,0.13333333333333333,0.12941176470588234,0.0,0.43529411764705883,0.23463936301137822,0.2653265283848329,0.10274149586583048
0.5238095238095238,0.0,0.0,0.16666666666666666,0.0,0.0,0.0,0.0,0.0,0.0,0.38268031849431083,0.23402061475574296,0.0
0.4702380952380953,0.0,0.0196078431372549,0.17708333333333331,0.9682539682539681,0.03529411764705882,0.13333333333333333,0.11764705882352941,0.0,0.43529411764705883,0.36409660676800104,0.2400274735716038,0.2732804741262481
0.0,0.0,0.0,0.0,0.0,0.0,0.0,0.0,0.0,0.0,0.687480907459581,0.039306768443617766,0.0
0.4815476190476191,0.0,0.8627450980392157,0.9375,0.503968253968254,0.0784313725490196,0.06666666666666667,0.12549019607843137,0.0,0.0784313725490196,0.38268031849431083,0.23460749284752697,0.13648861532405887
0.4190476190476191,0.0,0.0784313725490196,0.0,0.0,0.0,0.0,0.0,0.0,0.0,0.36409660676800104,0.24505622346908518,0.0
0.2017857142857143,0.0,0.0,0.171875,0.06349206349206349,1.0,0.0,1.0,0.0,0.0,0.36409660676800104,0.23416313766753383,0.0
0.29583333333333334,0.0,0.03137254901960784,0.0,0.0,0.0,0.0,0.0,0.0,0.0,0.26756254955818887,0.30314304103841655,0.0
0.29583333333333334,0.0,0.03137254901960784,0.0,0.0,0.0,0.0,0.0,0.0,0.0,0.26756254955818887,0.3030910104653884,0.0
0.18095238095238098,0.0,0.09411764705882353,0.6666666666666666,0.0,1.0,0.10588235294117647,0.5019607843137255,0.014354066985645932,0.06666666666666667,0.36409660676800104,0.22883728681969884,0.16666541844966193
0.5238095238095238,0.0,0.0,0.16666666666666666,0.0,0.0,0.0,0.0,0.0,0.0,0.38268031849431083,0.23710774751566782,0.0
0.0011904761904761906,0.0,0.0,0.0,0.0,0.0,0.0,0.011764705882352941,0.014354066985645932,0.9764705882352941,0.36409660676800104,0.22958332847137486,0.13953273147287815
0.5238095238095238,0.0,0.0,0.16666666666666666,0.0,0.0,0.0,0.0,0.0,0.0,0.36409660676800104,0.2442872838090474,0.0
0.4,0.0,0.39215686274509803,0.0,0.611111111111111,0.11372549019607843,0.592156862745098,0.00784313725490196,0.9043062200956937,0.0,0.1480409554829326,0.3696293320847261,0.07945982888469613
0.6470238095238096,0.0,0.0,0.3333333333333333,0.38095238095238093,1.0,0.49411764705882355,0.6196078431372549,0.043062200956937795,0.0,0.38268031849431083,0.23893019350918812,0.09463165134312086
0.4815476190476191,0.0,0.25098039215686274,0.953125,0.503968253968254,0.0784313725490196,0.06666666666666667,0.12549019607843137,0.0,0.0784313725490196,0.3212377705398239,0.23450616499375093,0.06629502159788453
0.5047619047619049,0.0,0.0196078431372549,0.16666666666666666,0.5873015873015872,0.40784313725490196,0.4627450980392157,0.0,0.0,0.6862745098039216,0.38268031849431083,0.2388051263640825,0.05488571148054228
0.4,0.0,0.1411764705882353,0.0,0.611111111111111,0.11372549019607843,0.592156862745098,0.00784313725490196,0.9043062200956937,0.0,0.36409660676800104,0.2141636089541994,0.03903726011546839
0.8029761904761905,0.0,0.8470588235294118,0.47916666666666663,0.0,0.5019607843137255,0.0,0.0,0.0,0.0,0.38268031849431083,0.23859561067806734,0.17020183571725153
0.09583333333333334,0.0,0.5019607843137255,0.7135416666666666,0.0,0.0,0.13725490196078433,0.0,0.0,0.0,0.0,0.4595684341123323,0.04532348813991941
0.23750000000000002,0.0,0.996078431372549,0.47916666666666663,0.0,0.0,0.0,0.23529411764705882,0.0,0.0,0.38268031849431083,0.23670969792314034,0.07819619029941431
0.18095238095238098,0.0,0.13725490196078433,0.6666666666666666,0.0,1.0,0.20784313725490194,0.5019607843137255,0.057416267942583726,0.4392156862745098,0.38268031849431083,0.24795395269774193,0.15448218475766776
0.4,0.0,0.39215686274509803,0.0,0.611111111111111,0.11372549019607843,0.592156862745098,0.00784313725490196,0.9043062200956937,0.0,0.23463936301137822,0.22322050401202007,0.07945982888469613
0.4702380952380953,0.0,0.0196078431372549,0.18229166666666666,0.4603174603174603,0.03529411764705882,0.13725490196078433,0.12941176470588234,0.0,0.43137254901960786,0.36409660676800104,0.23986749309305136,0.23674421620685016
0.09523809523809525,0.0,0.3607843137254902,0.6666666666666666,0.4444444444444444,0.03529411764705882,0.0,0.12156862745098039,0.009569377990430622,0.0,0.08659840752844564,0.45931684815884666,0.12062386838792591
0.2017857142857143,0.0,0.0,0.171875,0.06349206349206349,1.0,0.0,1.0,0.0,0.0,0.36409660676800104,0.23396400146116458,0.0
0.7523809523809525,0.0,0.0,0.0,0.0,0.5019607843137255,0.0,0.4117647058823529,1.0,0.07450980392156863,0.23463936301137822,0.30217033746237776,0.0
0.4190476190476191,0.0,0.0784313725490196,0.0,0.0,0.0,0.0,0.0,0.0,0.0,0.29608191096586517,0.2384960984171576,0.0
0.0011904761904761906,0.0,0.0,0.0,0.0,0.0,0.0,0.00392156862745098,0.014354066985645932,0.3803921568627451,0.38268031849431083,0.22956439026479106,0.11576177169653833
0.4190476190476191,0.0,0.0784313725490196,0.0,0.0,0.0,0.0,0.0,0.0,0.0,0.38268031849431083,0.23705945065790585,0.0
0.0,0.0,0.0,0.0,0.0,0.0,0.0,0.0,0.0,0.0,0.5394399519766484,0.0687212503411355,0.0
0.0,0.0,0.0,0.0,0.0,0.0,0.0,0.0,0.0,0.0,0.8376470342310766,0.1852782711381916,0.0
0.2017857142857143,0.0,0.0,0.171875,0.06349206349206349,1.0,0.0,1.0,0.0,0.0,0.38268031849431083,0.23422189723406706,0.0
0.0,0.0,0.0,0.0,0.0,0.0,0.0,0.0,0.0,0.0,0.8376470342310766,0.03991285272932955,0.0
0.36190476190476195,0.0,0.10588235294117647,0.17708333333333331,0.1349206349206349,0.18823529411764706,0.03137254901960784,0.5568627450980392,0.49760765550239233,0.03529411764705882,0.36409660676800104,0.2449873020939978,0.22821876542434216
0.5047619047619049,0.0,0.0196078431372549,0.16666666666666666,0.14285714285714285,0.40784313725490196,0.4666666666666667,0.0,0.0,0.11764705882352941,0.38268031849431083,0.2379034595296008,0.15000962376145416
0.29583333333333334,0.0,0.03137254901960784,0.0,0.0,0.0,0.0,0.0,0.0,0.0,0.26756254955818887,0.2974635236368032,0.0
0.6470238095238096,0.0,0.0,0.3333333333333333,0.38095238095238093,1.0,0.49411764705882355,0.7568627450980392,0.03827751196172249,0.0,0.1956994982468579,0.42298460923137055,0.05256827154162904
0.4190476190476191,0.0,0.0784313725490196,0.0,0.0,0.0,0.0,0.0,0.0,0.0,0.38268031849431083,0.23868854316503496,0.0
0.0,0.0,0.0,0.0,0.0,0.0,0.0,0.0,0.0,0.0,0.617319681505689,0.040436212796012436,0.0
0.4815476190476191,0.0,0.8627450980392157,0.9895833333333333,0.503968253968254,0.0784313725490196,0.06666666666666667,0.12549019607843137,0.0,0.0784313725490196,0.38268031849431083,0.2386690993548302,0.11618261537475522
0.0,0.0,0.0,0.0,0.0,0.0,0.0,0.0,0.0,0.0,0.571139192753681,0.03943467205687737,0.0
0.4702380952380953,0.0,0.0196078431372549,0.17708333333333331,0.3492063492063492,0.03529411764705882,0.13333333333333333,0.12549019607843137,0.0,0.43529411764705883,0.38268031849431083,0.23869502359149547,0.08597821691606904
0.36190476190476195,0.0,0.09803921568627451,0.17708333333333331,0.1349206349206349,0.18823529411764706,0.03137254901960784,0.5607843137254902,0.5119617224880383,0.027450980392156862,0.36409660676800104,0.23108216977459461,0.16159566781452472
0.1904761904761905,0.0,0.0,0.0,0.0,0.0,0.03137254901960784,0.16078431372549018,0.2200956937799043,0.26666666666666666,0.36409660676800104,0.24743296648490568,0.15962031751767158
0.4815476190476191,0.0,0.047058823529411764,0.96875,0.503968253968254,0.0784313725490196,0.06666666666666667,0.12549019607843137,0.0,0.0784313725490196,0.36409660676800104,0.25027292838365756,0.05989126348824796
0.4190476190476191,0.0,0.0784313725490196,0.0,0.0,0.0,0.0,0.0,0.0,0.0,0.08659840752844564,0.437879275827579,0.0
0.8029761904761905,0.0,0.8470588235294118,0.44791666666666663,0.0,0.5450980392156862,0.0,0.0,0.0,0.0,0.3212377705398239,0.23737296232631622,0.1286804878822432
0.09583333333333334,0.0,0.5019607843137255,0.7135416666666666,0.0,0.0,0.14509803921568626,0.0,0.0,0.0,0.0,0.5287678984843096,0.11075987605835612
0.8029761904761905,0.0,0.8470588235294118,0.0,0.0,0.5372549019607843,0.0,0.0,0.0,0.0,0.3212377705398239,0.23674494880823177,0.04906614384407297
0.5238095238095238,0.0,0.0,0.16666666666666666,0.0,0.0,0.0,0.0,0.0,0.0,0.38268031849431083,0.23886767957177016,0.0
0.0,0.0,0.0,0.0,0.0,0.0,0.0,0.0,0.0,0.0,0.7299510666881809,0.2861608731985861,0.0
0.0011904761904761906,0.0,0.0,0.0,0.0,0.0,0.0,0.03137254901960784,0.04784688995215311,0.5098039215686274,0.38268031849431083,0.24727653395160548,0.07302138902942976
0.6476190476190476,0.0,1.0,0.0,0.0,0.0,1.0,0.7843137254901961,0.03827751196172249,0.0,0.36409660676800104,0.23893881304215045,0.05956890489190951
0.6476190476190476,0.0,1.0,0.0,0.0,0.0,1.0,0.580392156862745,0.043062200956937795,0.0,0.1480409554829326,0.38617415716946824,0.10436030427939513
0.0,0.0,0.0,0.0,0.0,0.0,0.0,0.0,0.0,0.0,0.38268031849431083,0.18548120656123898,0.0
0.5047619047619049,0.0,0.0196078431372549,0.16666666666666666,0.20634920634920634,0.40784313725490196,0.45098039215686275,0.0,0.0,0.0392156862745098,0.38268031849431083,0.23874037477184537,0.1844535045884083
0.36190476190476195,0.0,0.09411764705882353,0.17708333333333331,0.13095238095238093,0.18823529411764706,0.03137254901960784,0.5607843137254902,0.5406698564593301,0.01568627450980392,0.38268031849431083,0.239499631006359,0.23718244450798967
0.6476190476190476,0.0,1.0,0.0,0.0,0.0,1.0,0.5725490196078431,0.043062200956937795,0.0,0.38268031849431083,0.23872310056707488,0.10661100632847047
0.23750000000000002,0.0,0.996078431372549,0.46354166666666663,0.0,0.0,0.0,0.2549019607843137,0.0,0.0,0.38268031849431083,0.238658295597298,0.07052635064924392
0.4815476190476191,0.0,0.8627450980392157,0.9739583333333333,0.503968253968254,0.0784313725490196,0.06666666666666667,0.12549019607843137,0.0,0.0784313725490196,0.36409660676800104,0.23827725459123458,0.08173320827089746
0.0,0.0,0.0,0.0,0.0,0.0,0.0,0.0,0.0,0.0,0.6288672479124264,0.04030958998714853,0.0
0.7523809523809525,0.0,0.0,0.0,0.0,0.5019607843137255,0.0,0.4117647058823529,1.0,0.07450980392156863,0.23463936301137822,0.3031294704662473,0.0
0.8029761904761905,0.0,0.8470588235294118,0.0,0.0,0.5254901960784314,0.0,0.0,0.0,0.0,0.38268031849431083,0.24726860677673335,0.04243987180513695
0.7148809523809524,0.0,0.16078431372549018,0.203125,0.15476190476190477,0.13725490196078433,0.0,0.0,0.0,0.6039215686274509,0.26756254955818887,0.3030389526915624,0.0
0.7523809523809525,0.0,0.0,0.0,0.0,0.5019607843137255,0.0,0.4117647058823529,1.0,0.07450980392156863,0.26756254955818887,0.3031283395017483,0.0
0.4702380952380953,0.0,0.0196078431372549,0.19791666666666666,0.873015873015873,0.03529411764705882,0.14901960784313725,0.13333333333333333,0.0,0.43137254901960786,0.36409660676800104,0.23971366964795743,0.46570115797691314
0.0,0.0,0.0,0.0,0.0,0.0,0.0,0.0,0.0,0.0,0.5921638219317304,0.1852782711381916,0.0
0.4190476190476191,0.0,0.0784313725490196,0.0,0.0,0.0,0.0,0.0,0.0,0.0,0.38268031849431083,0.23878570530710044,0.0
0.8029761904761905,0.0,0.8470588235294118,0.0,0.0,0.5333333333333333,0.0,0.0,0.0,0.0,0.36409660676800104,0.23098419065889397,0.03589768241871075
0.6470238095238096,0.0,0.0,0.3333333333333333,0.38095238095238093,1.0,0.49411764705882355,0.6509803921568628,0.043062200956937795,0.0,0.1956994982468579,0.33708445219839706,0.08527728379990973
0.18154761904761907,0.0,0.9490196078431372,0.6614583333333333,0.0,0.0,0.27058823529411763,0.4980392156862745,0.023923444976076555,0.7215686274509804,0.38268031849431083,0.2292371379820661,0.17487266146505992
0.2017857142857143,0.0,0.0,0.171875,0.06349206349206349,1.0,0.0,1.0,0.0,0.0,0.1956994982468579,0.37008531470039624,0.0
0.4815476190476191,0.0,0.5254901960784314,0.953125,0.503968253968254,0.0784313725490196,0.06666666666666667,0.12549019607843137,0.0,0.0784313725490196,0.36409660676800104,0.24380007253827457,0.056530706637852146
0.23750000000000002,0.0,0.996078431372549,0.453125,0.0,0.0,0.0,0.23529411764705882,0.0,0.0,0.38268031849431083,0.23861290701131685,0.077550705938032
